大盘,https://finance.eastmoney.com/a/202412313284004030.html,东吴证券：红利指数支撑大盘小幅上涨,"财中社12月31日电东吴证券发布宏观点评：A股持续震荡，大小指数明显分化。在中央经济工作会议后，短期内指数向上动能不足，场内止盈避险的资金偏多，导致市场整体偏弱。长期来看，政策增量与转向已经有明确动向，落地的速度也在进一步加快，在预期证伪之前，市场情绪底部有支撑，短期调整后整体仍有向上空间。

　　板块方面，上海印发《关于人工智能“模塑申城”的实施方案》，算力板块拉升。除英伟达GB200方案外的诸多CSP厂商均提出高密度机柜方案以提升算力和连接效率，随着serdes从112G升级至224G，高速铜缆及组件作为短期内最具性价比的方案，有望在Scaleup和Scaleout领域大范围应用，铜缆高速概念拉升。近期，OpenAI拟开发人形机器人，宇树科技更新工业级四足机械狗视频，机器人概念回升。近期，四大行业协会发声谨慎采购美国芯片，台积电预期近期完成CPO与半导体先进封装技术整合，其与博通共同开发合作的CPO关键技术微环形光调节器（MRM）已经成功在3nm制程试产，1.6T产品最快2025下半年进入量产，2026年全面放量出货，半导体概念回升，光刻机回暖。防御避险风格下，大金融股普涨，上海银行股价刷新历史新高。"
大盘,https://finance.eastmoney.com/a/202412313283693768.html,A500早参|大盘、红利具备性价比，机构称2025慢牛在望,"2024年最后一个交易日，A股市场早盘震荡，微盘股再度活跃，红利指数强势上涨，中证A500指数盘中翻红。截至9点37分，A500ETF基金（512050）微跌0.21%，盘中成交额已率先突破3亿元，位居同类第一，持仓股闻泰科技涨停。

　　长江证券A股年度策略观点认为，“外”转“内”，看多中国股市。在出口有隐忧的情况下，预计国内扩内需或更加紧迫，货币和财政支持政策仍在路上，历史经验显示，国内政策发力或能助力股市抵御外部风险和波动。在基本面缓慢回升中股市走牛，可追溯1999年、2014年和2019年的牛市经验。

　　12月中以来在小微盘、主题股出现阶段性拐点后，投资者趋于谨慎，活跃资金的交易意愿走弱，持续制约市场表现，尤其相对没那么便宜的小盘主题股，此外利率下行后资金持续从主题股向红利资产迁移，导致主题个股承压。相对而言大盘风格和红利等风格10月高点以来持续调整后整体点位、估值水平均在较低位置，处于较高性价比位置，短期或表现强势。关注：A500ETF基金(512050)，场外联接(华夏中证A500ETF联接A：022430；华夏中证A500ETF联接C：022431；华夏中证A500ETF联接Y：022979)。"
大盘,https://finance.eastmoney.com/a/202412313283830523.html,午评：大盘震荡调整，创业板指跌1.56%，消费板块走强,"12月31日早盘，沪深两市调整，深成指、创业板指跌幅超1%。截至午间收盘，沪指跌0.59%报3387.15点，深证成指跌1.26%，创业板指跌1.56%，北证50指数涨1.67%，科创50指数跌1.59%；沪深合计成交8037亿元。

　　盘面上看，百货、供气供热、焦炭加工、超市连锁、白酒等板块走强，证券、半导体、元器件、铜、通信设备等板块走弱；概念股方面，培育钻石、免税、种业等拉升，铜缆高速连接、存储芯片、人脑工程等调整。

　　招商证券指出，2025年随着新一轮宽货币+宽财政组合拳的推进，在低基数和盈利周期的作用下，预计A股盈利震荡修复，2024年年底及2025年A股盈利有望边际改善。盈利增速相对较高的板块预计主要集中在消费服务、信息技术、中游制造等领域。行业层面，关注科技创新、扩大内需、供给侧改革三条线索，重点关注电子、传媒、国防军工、家电、机械设备等行业。"
大盘,https://finance.eastmoney.com/a/202412303282651511.html,券商展望：1月行情料以大盘价值风格占优,"新华财经北京12月30日电 2024年进入尾声，A股主要股指近期呈窄幅整理态势，拉长周期看，各股指底部不断抬升。近日，各大券商陆续发布2025年1月及春季行情展望，总体来看，多家券商认为1月份A股行情料以大盘价值风格占优，春节后则为小盘略占优。

　　中信建投策略陈果团队表示，从近十年来的A股市场经验来看，年初市场、农历春节后的市场通常比年末、春节前更强，这与微观流动性和风险偏好的季节性效应有关。统计上，A股市场元旦到春节期间风格上大盘蓝筹胜率占优，而历史上春节后两会前作为春季躁动的主升浪，往往也是A股市场上涨概率一年当中最高的阶段，因为微观流动性与风险偏好往往俱佳，风格上看小盘成长跑赢大盘价值，主题活跃。

　　招商证券策略团队发表了类似的看法，通常春节前，新的一年配置开始，很多资金开始对来年进行布局，因此需要加仓；另外一方面，由于临近长假，假期不确定性较大；加上春节前后居民消费会明显增加，因此个人投资者落袋为安情绪升温。而机构投资者在开年时可能会在上一年结算后，对新的一年进行调仓和重新配置。因此市场整体体现为涨跌互现，市场成交量下降，低估值、蓝筹指数上涨概率较大。过了每年1月初就逐渐进入上市公司年报业绩预告的披露的时间窗口。在业绩预告披露期前，小盘风格标的面临较大的调整压力。业绩披露期结束后，业绩问题不再掣肘股价表现，小盘风格开始反弹。综合考虑春节效应和业绩披露期效应，2025年1月中上旬，还是应以偏蓝筹为主要加仓的方向，随着越来越接近春节，可以逐渐加大偏成长、科技、小盘方向的股票。

　　中信证券首席A股策略师裘翔指出，展望1月份，政策处于空窗期，预计上半月市场仍较为活跃，下半月外部扰动因素将逐步增多，市场情绪逐渐降温，从一季度的节奏来看，预计春节后政策预期重新升温，市场开始酝酿春季攻势。从资金面来看，春节前可预见的增量仅来自保险，存量活跃资金料将对主题会更聚焦；从风格配置来看，由于交易损耗持续放大，预计纯粹的小盘风格难以延续，大盘价值风格占优；从板块配置来看，建议继续采用红利+主题的杠铃策略，并更偏向红利，同时密切关注医药板块政策催化；从行业配置来看，红利板块内稳定高股息和消费类高股息占优，建议弱化能源型红利行业，主题板块内看好活跃资金向端侧AI、新零售和机器人聚焦，但在1月中下旬要警惕主题交易退潮。

　　华泰证券策略团队表示，复盘来看，季节性流动性充裕和风险偏好抬升驱动下，2009年以来春季行情出现频率较高，春节后至两会前赚钱效应较好；结构上，小盘略占优，TMT、周期胜率高，通胀链、政策链、季节性景气链（家电促销抢出口+建材节后开工）为三大潜在主线。春季行情具备一定基础，但或以结构性机会为主，短期延续震荡底色，维持哑铃策略，但内部或需要微调：1）小盘主题继续向景气科创切换，关注字节链为代表的AI+、机器人等；2）红利适度增配，向拥挤度较低的石化、交运等进一步下沉，此外关注港股医药、传媒和部分消费中的潜力型红利。中期配置继续关注：1）内需相对外需改善，主要对应内需消费品；2）产能周期的供需拐点，主要对应先进制造。

　　光大证券认为，2025年A股“春季躁动”行情或将逐步开启。A股市场几乎每年都存在“春季躁动”行情，人民银行货币政策调整、重要经济数据公布、重要会议召开等均可催化春季行情。配置方向上，关注高股息及主题成长构成的“哑铃”策略。市场或将进入政策及经济数据真空期，经济现实关注度可能会有所降低。市场情绪波动下，风格或将在高股息及主题成长间摆动，“哑铃”策略值得关注。高股息相关资产可作为现阶段的底仓，而主题成长可适度参与博取弹性，从历年春季躁动表现来看，可关注有色金属、计算机、电力设备等行业。

　　国泰君安证券策略首席分析师方奕表示，春节前政策、经济与地缘预期上修与下修空间均相对有限，股指以横盘震荡为主。2025年1月市场风格更均衡，预期向现实靠拢。高分红兼看ROE，主题重产业突破。"
大盘,https://finance.eastmoney.com/a/202412303282617941.html,十大券商看后市｜A股“春季躁动”可期，春节前大盘蓝筹或占优,"A股即将进入2025年，开年阶段，市场行情将如何演绎？

　　澎湃新闻搜集了10家券商的观点，大部分券商认为，一季度稳定资本市场预期的窗口较多，同时年初市场交易活跃度往往会改善，因此可积极把握结构性机会，A股“春季躁动”行情可期。

　　中信证券表示，1月份政策处于空窗期，预计上半月市场仍较为活跃。从一季度的节奏来看，预计春节后政策预期重新升温，市场开始酝酿春季攻势。

　　“近期的一系列政策表态预示着央行将实施有力度的降准降息，市场对其在明年一季度落地的预期迅速上升，近期无风险收益率已出现快速下行。而进一步降准降息将能够释放较多流动性，配合财政政策发力预期，有助于提振A股市场整体估值水平。”中信建投证券称。

　　光大证券进一步指出，A股市场几乎每年都存在“春季躁动”行情，央行货币政策调整、重要经济数据公布、重要会议召开等均可催化春季行情。12月中央经济工作会议释放多重积极信号，叠加有望再次迎来降准，A股“春季躁动”行情可期。

　　配置方面，多家券商提示元旦到春节期间关注大盘蓝筹。招商证券便指出，综合考虑春节效应和业绩披露期效应，2025年1月中上旬，还是应以偏蓝筹为主要加仓的方向。随着越来越接近春节，可以逐渐加仓偏成长、科技、小盘方向的股票。

　　“从经验认识与日历效应看，在农历春节前30个交易日，大盘稳定类资产显著占优；春节后市场风格往往向中小成长切换。”国泰君安证券称。

　　中信建投证券进一步指出，A股市场元旦到春节期间，风格上大盘蓝筹胜率占优。而春节后两会前作为春季躁动的主升浪，往往也是A股市场上涨概率一年当中最高的阶段，因为微观流动性与风险偏好往往俱佳，风格上看小盘成长跑赢大盘价值，主题活跃。

　　中信证券：春节后可布局春季攻势

　　展望1月份，政策处于空窗期，预计上半月市场仍较为活跃，下半月外部扰动因素将逐步增多，市场情绪逐渐降温，从一季度的节奏来看，预计春节后政策预期重新升温，市场开始酝酿春季攻势。

　　从资金面来看，春节前可预见的增量仅来自保险，存量活跃资金料将对主题会更聚焦；从风格配置来看，由于交易损耗持续放大，预计纯粹的小盘风格难以延续，大盘价值风格占优。

　　从板块配置来看，建议投资者继续采用红利+主题的杠铃策略，并更偏向红利，同时密切关注医药板块政策催化。

　　行业配置方面，红利板块内稳定高股息和消费类高股息占优，建议投资者弱化能源型红利行业，主题板块内看好活跃资金向端侧AI、新零售和机器人聚焦，但在1月中下旬要警惕主题交易退潮。

　　中信建投证券：年初市场交易活跃度有望改善

　　展望后市，过去10年的历史经验表明，在年底缩量后，年初市场交易活跃度往往会改善。元旦前市场情绪低落和元旦后情绪回升主要源自投资者“年底落袋为安”的心理和“年初新布局”的心理。

　　而从近10年来的A股市场经验来看，年初市场、农历春节后的市场通常比年末、春节前更强，这与微观流动性和风险偏好的季节性效应有关。

　　统计显示，A股市场元旦到春节期间风格上大盘蓝筹胜率占优，而历史上春节后两会前作为春季躁动的主升浪，往往也是A股市场上涨概率一年当中最高的阶段，因为微观流动性与风险偏好往往俱佳，风格上看小盘成长跑赢大盘价值，主题活跃。

　　与此同时，近期的一系列政策表态预示着央行将实施有力度的降准降息，市场对其在明年一季度落地的预期迅速上升，近期无风险收益率已出现快速下行。

　　进一步降准降息将能够释放较多流动性，配合财政政策发力预期，也有助于提振A股市场整体估值水平，强化股票相对债券的性价比。结合当前产业趋势与政策支持方向，科技成长方向值得重视。

　　配置方面，可重点关注政策发力方向与AI+产业主线。此外，低空经济利好政策频出，发改委正式设立低空经济发展司，行业发展再度加速。同时，军工板块关注度或将大幅上升。多个主题催化频现，建议投资者把握年初主题策略多线索轮动的机会。

　　国泰君安证券：震荡为主

　　展望后市，预期A股市场上下修空间不大，股指以横盘震荡为主。维持农历春节前股指总体震荡，科技主题与稳定红利的结构性行情继续推进的判断，并关注化债新举措。

　　12月重要会议后，市场对经济政策的预期已经充分，上修空间不大。尽管短期需求仍待恢复，但决策层积极的政策态度仍会为短期股指的运行形成支撑，因此股指以横盘震荡为主。

　　当前形势下，投资者结构分层，风险偏好滑向两端。高风偏投资者推高高风险特征资产；低风偏投资者偏好低风险特征资产。

　　对于高风险偏好投资者而言，后续新预期的产生来源于科技政策与产业突破，主题投资会从简单炒作到更聚焦产业链，紧密关注地方两会；而对于低风险偏好投资者而言，面对偏弱的需求与地缘不确定性，稳定现金流依然重要。

　　从经验认识与日历效应看，在农历春节前30个交易日，大盘稳定类资产显著占优；春节后市场风格往往向中小成长切换。

　　当前，市场大小风格分化处于历史偏高水平，春节前股市流动性边际收窄至1月下旬，风格上预计大盘表现相对更好。考虑到2025年政策重点在以科技及产业势能推动新增长出现，春节前主题投资并不会结束，而是投资重点从单一流动性策略，转向更多考虑产业特征。

　　申万宏源证券：积极把握结构性机会

　　展望后市，预期一季度没有重大下行风险，仍可积极把握结构性机会。

　　配置方面，春季结构性机会或呈现高股息搭台，主题活跃唱戏。一方面，高股息有机会，但还不是大级别行情。利率波动率提升环境下，确认利率中枢下行幅度需要时间，高股息难有快速重估。保险配置高股息是长期选择，但主导定价能力偏弱。坚守核心资产的资金，被高股息行情逼空的概率很小。

　　另一方面，科技产业趋势主题还有后续，大消费支持政策仍持续催化，调整后春季主题活跃度可能再度提升。

　　同时，有产业趋势的科技主题可能有第二、第三波创新高行情，重点关注国内AI应用和低空经济。高股息与主题性线索结合将更有弹性，可关注破净市值管理，以及回购注销的投资机会。

　　中期来看，一季度高股息搭台，主题活跃唱戏；二季度政策发力关键窗口，可关注逆周期调节受益的建筑、建材；明年下半年核心资产困境反转，主动管理否极泰来。

　　招商证券：1月中上旬可以偏蓝筹为主要加仓方向

　　A股的春节效应是指春节前后市场出现的季节性规律表现：通常春节前，新的一年配置开始，很多资金开始对来年进行布局，因此需要加仓；但是，另外一方面，由于临近长假，假期不确定性较大；加上春节前后居民消费会明显增加，因此个人投资者落袋为安情绪升温。

　　而机构投资者在开年时可能会在上一年结算后，对新的一年进行调仓和重新配置。因此市场整体体现为涨跌互现，市场成交量下降，低估值、蓝筹指数上涨概率较大。

　　过了每年1月初就逐渐进入上市公司年报业绩预告的披露的时间窗口。在业绩预告披露期前，小盘风格标的面临较大的调整压力。业绩披露期结束后，业绩问题不再掣肘股价表现，小盘风格开始反弹。

　　综合考虑春节效应和业绩披露期效应，2025年1月中上旬，还是应以偏蓝筹为主要加仓的方向，随着越来越接近春节，可以逐渐加仓偏成长、科技、小盘方向的股票。

　　行业方面，11月份工业企业盈利显示出积极信号，目前价格端拐点初现，带动利润率边际回升，后续随着政策效果的逐渐显现，有望推动后续盈利的持续改善，重点关注消费服务和高新技术等领域，如专用设备、智能穿戴设备、家电等业绩改善的机会。

　　浙商证券：震荡整理

　　展望后市，当前市场“权重缓步行，成长续整理”的格局还将延续。一方面，权重指数在重要节点筑底成功后，整体呈现震荡上行走势，但上行速度明显慢于9月24日至10月8日，这与日经指数历史上相关走势非常类似，预计这种格局后市有望延续。

　　另一方面，以北证50、国证2000为主的成长指数多数处于调整状态中，从技术上来讲调整还未完成，预计这种震荡整理格局还将继续数周；其中仅有科创50预计受益于半导体板块强势，走势大概率强于其他成长指数。

　　配置方面，考虑当前市场权重指数缓慢上行但涨幅有限、成长指数虽有反弹但中线调整尚未结束的局面，建议投资者持有当前中线仓位、等待加仓时机的到来。在存量仓位的选择方面，可继续坚持“大金融+泛科技”的配置方向，遵循“水往低处走”的原则，优先选择上述板块中涨幅相对落后（尤其是强势板块中没有升破10月8日高点）的标的。

　　光大证券：“春季躁动”行情可期

　　2025年A股“春季躁动”行情或将逐步开启。A股市场几乎每年都存在“春季躁动”行情，央行货币政策调整、重要经济数据公布、重要会议召开等均可催化春季行情。12月中央经济工作会议释放多重积极信号，且年内或将再次迎来降准，A股“春季躁动”行情可期。

　　配置方向上，可关注高股息及主题成长构成的“哑铃”策略。市场或将进入政策及经济数据真空期，经济现实关注度可能会有所降低。市场情绪波动下，风格或将在高股息及主题成长间摆动，“哑铃”策略值得关注。高股息相关资产可作为现阶段的底仓，而主题成长可适度参与博取弹性，从历年春季躁动表现来看，可关注有色金属、计算机、电力设备等行业。

　　中银证券：开门红行情可期

　　近期，配置资金有望持续加速进场，2025年一季度资金面有望对市场形成较强支撑，A股整体下行风险可控。

　　2020年以来，A股在胜率上整体呈现为四季度偏强，一季度偏弱的季节效应；相较之下创业板指一季度胜率更强。跨年行情的核心在于资金面。资金面环境上，2020年至2023年央行公开市场操作上均采取了12月偏松而1月边际收紧的节奏，今年与以往不同在于，截至12月央行公开市场操作投放的流动性显著低于季节性均值，这或许意味着未来一段时间内，市场有望迎来更强的流动性释放。

　　因此，进入2025年1月，宏观流动性支撑及险资为代表的配置资金有望提供增量资金。而一季度正处于政策与数据空窗期，内需修复预期难以证伪，市场风险偏好有望维持中枢上行。

　　配置方面，上述背景之下，市场或迎来开门红行情的抢跑，具备业绩预期空间的小盘成长仍将成为市场这一时期主线。

　　中泰证券：延续震荡

　　展望后市，1月预计延续震荡。一方面，市场对政策的期待有所降低。本轮行情是比较典型的政策预期驱动的估值修复行情，行情得以延续的条件是政策持续宽松。

　　另一方面，A股的日历效应显示，1月是传统的经济与政策窗口期，历史上沪深300相比于12月的胜率和赔率都出现了明显下降。不过，对1月也并不是完全悲观，一方面，政策基调依然是偏宽的。无论是政治局会议还是中央经济工作会议，对政策的定调都是延续宽松的，其中货币政策的进一步宽松可以期待。

　　另一方面，政策有“稳住楼市股市”的要求，如果市场出现较为明显的下行风险，预计也能获得市场化机制的介入和支持。

　　配置方面，短期建议投资者回归“杠铃型”配置，中期需要自下而上地寻找行业阿尔法。杠铃的一端是以银行为代表的红利资产。一方面，当前市场对政策的乐观预期有所降温，以及特朗普履任的不确定性来看，预计市场避险需求会有一定升温。

　　同时，明年1月各行业的整体赔率相比于12月会有所下降，其中只有银行的胜率和赔率均高。杠铃的另一端是中小市值的题材方向，建议继续围绕科技和顺周期两个方向做适当的市值下沉，窗口期内可能会更聚焦于科技方向。

　　华安证券：短期资金充裕无忧

　　展望后市，开年可关注政策接续发力。10月政策密集落地后基本面有所改善，但11月至12月政策效果边际放缓。后续可关注2025年开年政策接续发力，特别是消费品“以旧换新”中汽车、家电政策接续，向手机等其他消费品扩容，以及地方政府可能在服务类消费上出台新补贴的可能性。

　　同时，开年资金充裕，虽然增量难超预期。但年初降准、降息概率较大，为其它政策提供资金，短期资金充裕无忧。此外信贷预计仍呈现“开门红”特点。

　　配置方面，从大的配置方向上应规避高弹性和前期涨幅靠前品种，而突出稳健品种。再者政策和高层会议空窗期以及基本面形势，决定了自上而下把握机会的难度较大，因此配置思路上需重点从中观层面入手，寻找有政策预期、景气改善或热点扩散补涨的品种。

　　综合而言，建议投资者配置三条主线：一是春节前具备良好配置契机和性价比的高股息，包括银行（保险）、煤炭、石油石化；二是政策提振及景气有望改善的部分消费品，包括汽车、家电、农牧，但需要注意的在于政策落地可能成为兑现的窗口；三是科技板块中估值仍有提升空间及存在景气改善的通信和电子。"
大盘,https://finance.eastmoney.com/a/202412313283862214.html,A500ETF（159339）早盘溢价，光环新网涨超10%，机构：春节前大盘风格略占优,"12月31日，A股三大指数早盘集体下跌，创业板指半日跌1.56%，盘面上，大消费板块逆市走高。截至午间收盘，中证A500指数跌0.77%，成分股方面，闻泰科技涨停，光环新网涨超10%，海澜之家、中航西飞、上海电气等跟涨。

　　相关ETF方面，截至午间收盘，A500ETF（159339）跌0.81%，成交额7.44亿元，换手率7.72%，盘中交投活跃，溢折率0.05%，盘中频现溢价交易。

　　资金流向上，Wind金融终端数据显示，该ETF近5个交易日有4日获资金净流入，累计 “吸金” 近1.2亿元。截至12月30日，最新规模为96.69亿元，最新份额为98.66亿份。

　　A500ETF（159339）紧密跟踪中证A500指数。该指数优选各行业市值代表性强、表征行业龙头的500只股票，兼顾大市值的同时均衡覆盖A股各行业核心龙头资产。同时，该指数编制结合互联互通、ESG等筛选条件，便利境内外中长期资金配置A股资产。

　　国信证券表示，风格整体偏均衡，春节前大盘略占优。12月中旬以来大盘相对小盘显著占优，尤其是考虑年化波动后，大盘风格持股体验进一步提升；退市新规实施在即，叠加年报预告成为2025年1月小盘风格的“X因素”，2024年4月“新国九条”发布、2024年6月监管部门针对上市企业密集发函，均对小盘股产生较大冲击。

　　国投证券表示，对于大小盘风格，我们倾向于认为2025年春节前会看到市场持续缩量+小盘切大盘的市场特征：观察近十年大小盘风格的轮动规律，会发现往往在年末到春节前这段时间，大盘风格会明显跑赢小盘，具体来说，超额收益主要集中在12月至次年1月。一种主要原因在于12月底往往是市场对于来年政策预期的提前布局期，历史上常常出现成长向价值和顺周期风格切换的情形，另外一种原因在于春节前因为成交活跃度和风险偏好的下降，我们统计2010年以来春节前后全A成交额的变化，可以发现春节前往往会出现显著缩量的现象，相对春节前2个月左右的成交额而言缩量幅度可以接近30%，成交量收缩往往不利于小微盘走出比较大的行情，这点在近期微盘股上获得验证。而在春节之后（对应2—3月份）风险偏好往往会修复，尤其是在所谓“春季躁动”行情的加持下，小盘股跑出占优超额的可能性增加。

　　（本文机构观点来自持牌证券机构，不构成任何投资建议，亦不代表平台观点，请投资人独立判断和决策。）"
大盘,https://finance.eastmoney.com/a/202412313284031383.html,流动性持续呵护叠加跨年大盘风格有望回归，平安中证A50ETF(159593)近1周累计涨幅居同类产品第一，最新规模、份额均创新高！,"截至2024年12月31日收盘，中证A50指数ETF(159593)最新报价1.15元，全天成交额达5.05亿元，换手率5.71%。跟踪指数中证A50指数(930050)下跌1.17%。成分股方面涨跌互现，中国神华(601088)领涨1.64%，航发动力(600893)上涨1.47%，分众传媒(002027)上涨1.44%；中芯国际(688981)领跌4.70%，紫光股份(000938)下跌4.66%，智飞生物(300122)下跌4.47%。

　　沪深300ETF平安(510390)最新报价4.26元，全天成交额达623.95万元。跟踪指数沪深300指数(000300)下跌1.60%。成分股方面涨跌互现，闻泰科技(600745)领涨10.01%，中航西飞(000768)上涨3.29%，青岛啤酒(600600)上涨2.43%；中科创达(300496)领跌8.06%，华勤技术(603296)下跌7.68%，北京君正(300223)下跌6.96%。

　　中证500ETF平安(510590)最新报价5.91元，全天成交额已达221.37万元。跟踪指数中证小盘500指数(000905)下跌2.94%。成分股方面涨跌互现，海澜之家(600398)领涨4.75%，光环新网(300383)上涨3.40%，爱玛科技(603529)上涨2.76%；卧龙电驱(600580)领跌10.00%，芯原股份(688521)下跌9.63%，指南针(300803)下跌9.48%。

　　拉长时间看，截至2024年12月30日，中证A50指数ETF近1周累计上涨1.57%，涨幅排名可比基金1/10。

　　规模方面，中证A50指数ETF最新规模达89.21亿元，创成立以来新高，位居可比基金1/10。份额方面，中证A50指数ETF最新份额达76.88亿份，创成立以来新高，位居可比基金1/10。

　　资金流入方面，中证A50指数ETF最新资金净流入5224.39万元。拉长时间看，近5个交易日内有3日资金净流入，合计“吸金”5067.36万元，日均净流入达1013.47万元。

　　数据显示，杠杆资金持续布局中。中证A50指数ETF最新融资买入额达508.11万元，最新融资余额达7497.41万元。"
大盘,https://finance.eastmoney.com/a/202412303282742327.html,ETF最前线 | 南方标普中国A股大盘红利低波50ETF(515450)上涨0.63%，房地产开发主题走弱，锦和商管上涨5.12%,"南方财经12月30日电，南财金融终端显示，今日房地产开发主题走弱，截至收盘(下同)下跌1.44%。

　　持有房地产开发主题股票的南方标普中国A股大盘红利低波50ETF(515450)上涨0.63%，最新价报1.448元。截至上个交易日(12月27日)，该基金近五个交易日净值(复权单位净值，下同）上涨1.43%，近一个月净值上涨5.78%。该基金自(20200117)成立以来净值增长率为90.39%，管理人为南方基金管理股份有限公司，基金经理为崔蕾。

　　截至收盘，房地产开发主题涨跌幅最高的五只股票为：锦和商管(603682.SH)、*ST中迪(000609.SZ)、京基智农(000048.SZ)、中新集团(601512.SH)与南京高科(600064.SH)。"
大盘,https://finance.eastmoney.com/a/202412273281275897.html,ETF主力榜 | 创大盘ETF(159991)主力资金净流出1323.54万元，居可比基金第一,"2024年12月27日，创大盘ETF（159991.SZ）收跌0.21%，主力资金（单笔成交额100万元以上）净流出1323.54万元，居可比基金第一。

　　与此同时，该基金最新成交量为5092.69万份，最新成交额达2463.82万元，当日主力资金净流出成交额占比达53.72%。

　　创大盘ETF（159991.SZ），场外联接(A类：012961；C类：012962）。"
大盘,https://finance.eastmoney.com/a/202412303282739048.html,大盘价值风格占优，宁德时代涨近2%，MSCI中国A50ETF(560050)最新资金净流入3674万元，近1周新增规模显著，位居同类产品第一！,"截至2024年12月30日收盘，MSCI中国A50ETF(560050)收涨0.48%，最新价报0.84元，全天成交额达7038.96万元。跟踪指数成分股中远海控领涨，京东方A、陕西煤业、东方财富、宁波银行、宁德时代、紫金矿业等个股跟涨。

　　拉长时间看，截至2024年12月27日，MSCI中国A50ETF近1周累计上涨2.21%，涨幅排名可比基金2/4。

　　规模方面，MSCI中国A50ETF近1周规模增长7475.68万元，实现显著增长，新增规模位居可比基金1/4。

　　资金净流入方面，MSCI中国A50ETF最新资金净流入3674万元。

　　数据显示，杠杆资金持续布局中。MSCI中国A50ETF最新融资买入额达103.42万元，最新融资余额达2786.55万元。"
大盘,https://finance.eastmoney.com/a/202412273281275897.html,ETF主力榜 | 创大盘ETF(159991)主力资金净流出1323.54万元，居可比基金第一,"2024年12月27日，创大盘ETF（159991.SZ）收跌0.21%，主力资金（单笔成交额100万元以上）净流出1323.54万元，居可比基金第一。

　　与此同时，该基金最新成交量为5092.69万份，最新成交额达2463.82万元，当日主力资金净流出成交额占比达53.72%。

　　创大盘ETF（159991.SZ），场外联接(A类：012961；C类：012962）。"
大盘,https://finance.eastmoney.com/a/202412303282739048.html,大盘价值风格占优，宁德时代涨近2%，MSCI中国A50ETF(560050)最新资金净流入3674万元，近1周新增规模显著，位居同类产品第一！,"截至2024年12月30日收盘，MSCI中国A50ETF(560050)收涨0.48%，最新价报0.84元，全天成交额达7038.96万元。跟踪指数成分股中远海控领涨，京东方A、陕西煤业、东方财富、宁波银行、宁德时代、紫金矿业等个股跟涨。

　　拉长时间看，截至2024年12月27日，MSCI中国A50ETF近1周累计上涨2.21%，涨幅排名可比基金2/4。

　　规模方面，MSCI中国A50ETF近1周规模增长7475.68万元，实现显著增长，新增规模位居可比基金1/4。

　　资金净流入方面，MSCI中国A50ETF最新资金净流入3674万元。

　　数据显示，杠杆资金持续布局中。MSCI中国A50ETF最新融资买入额达103.42万元，最新融资余额达2786.55万元。"
大盘,https://finance.eastmoney.com/a/202412273281046933.html,A股缩量小幅反弹，中证A500指数ETF（563880）昨日成交放量，机构看好2025年大盘+成长机构占优,"12月26日，A股三大指数小幅反弹，沪深两市全天成交额1.27万亿元，较上个交易日缩量88亿元，成交额续创阶段新低。数据显示，全市场22只中证A500指数ETF当日成交额合计超295亿元，其中，中证A500指数ETF（563880）单日成交额11.36亿元，较此前一个交易日放量超3亿元，换手率达13.31%。

　　成分股中，在光通信、芯片股集体大涨的行情下，多只成分股涨超5%，澜起科技和光威复材涨幅在10%以上。

　　中证A500指数ETF（563880）紧密跟踪新一代标杆指数中证A500指数，该指数优选各行业市值代表性强、表征行业龙头的500只股票，兼顾大市值的同时均衡覆盖A股各行业核心龙头资产。同时，该指数编制结合互联互通、ESG等筛选条件，便利境内外中长期资金配置A股资产。

　　兴业证券在研报中指出，中证A500指数紧跟政策导向，覆盖众多龙头股，是当下稀缺的配置标的。政策导向下，“新质生产力”有望成为未来经济发展重点。中证A500超配新质生产力行业。

　　天风证券指出，后续来看，年底中央经济工作会议已定调明年货币政策偏积极，且年初提振消费、促进科技发展政策或落地，因此岁末年初政策环境仍有望维持积极，但基本面恢复仍需静待数据验证，同时高风险偏好融资资金或是当前推动资金面回升的主力增量，影响市场风向。

　　银河证券在2025年A股市场投资展望中提到，在更加积极有为的宏观政策基调下，超常规逆周期政策加速落地，有望提振A股市场信心。随着经济基本面趋于改善，A股盈利增速也将迎来边际好转。风格上，1）大盘VS小盘，2025年政策推动下Ml增速上升，有助于大盘风格相对占优。随着经济基本面修复的信号逐步明确,机构投资者有望加速入市，叠加中长期资金积极布局，市场风格或将偏向大盘；2)价值VS成长:市场风格可能趋于均衡，但成长股的机会仍然较大。"
大盘,https://fund.eastmoney.com/a/202412233276513629.html,【ETF龙虎榜】资金博弈！大盘风格ETF走强,【ETF龙虎榜】资金博弈！大盘风格ETF走强
大盘,https://finance.eastmoney.com/a/202412243277481288.html,大盘风格继续强势 港股红利、可选消费、光伏等ETF涨幅居前,"12月24日上午，大盘风格股票继续走强，工商银行、农业银行、建设银行股价盘中再创新高。港股红利、可选消费、光伏等相关ETF涨幅居前。

　　其中，港股央企红利ETF（513910）上午收涨3.69%，港股通红利ETF（513530） 等多只产品涨超2%。国信证券认为，港股估值仍处于低位，配置性价比较高；在政策持续驱动下，央企投资价值提升；随着无风险利率下行，红利类资产性价比凸显，而且港股红利类资产的股息率长期高于A股红利类资产。

　　可选消费ETF（562580）上涨2.73%，成分股四川长虹、兆驰股份、万丰奥威涨超4%。

　　与此同时，小盘股继续调整。中证2000、影视、人工智能等相关ETF下跌。"
大盘,https://fund.eastmoney.com/a/202412233276219278.html,大盘风格走强 银行、电力、能源等主题ETF领涨,"中证网讯（记者王鹤静）12月23日，大盘风格集体走强，上证50上涨0.86%，红利指数、上证180、中证A50、沪深300等收涨，贵金属、银行、石油天然气、电力等板块领涨，银行ETF天弘（515290）、中国国企ETF（517180）、银行ETF（512800）等涨超1.7%，电力ETF基金（561700）、沪深300价值ETF（562320）、公用事业ETF基金（560620）、能源ETF（561260）等涨超1%。


　　而题材概念板块以及小微盘风格集体回调，万得微盘股指数下跌7%，中证2000、科创200跌超4%，短剧游戏、谷子经济、Kimi等热门概念板块跌幅居前，影视ETF（159855）、游戏动漫ETF（516770）、游戏ETF（159869）、线上消费ETF（159725）等跌超5%。

　　国联证券研究所表示，从历史经验看，季度级别以上的大盘风格收益中枢上移需要至少看到经济（预期）改善或者国企改革。从投资逻辑看，大盘股的回归往往需要看到市场开始重新定价利润增速或者ROE水平。国内市场往往在经济上行期定价利润增速，因而大盘风格的回归需要看见基本面的预期或者实质性的改善。"
大盘,https://finance.eastmoney.com/a/202412243277802778.html,假日经济｜贺岁档票房破21亿元，《好东西》领跑大盘,"截至12月24日，灯塔专业版显示，2024年贺岁档（11月22日—12月31日）档期电影票房（含预售）突破21亿。《好东西》《误判》《破·地狱》分列2024年贺岁档票房榜前三位。虽然目前21亿的票房不是个小数目，但与去年同期略有下滑。

　　灯塔专业版数据分析师陈晋表示：“一般贺岁档是从11月的第四个周五开始，到12月31日结束。据灯塔专业版上映日历显示，截至目前共有74部影片定档，已经上映49部，待映25部，数量上与去年贺岁档最终的79部相差不大。”

　　今年贺岁档题材丰富、类型多样，涵盖剧情、动画、纪录、爱情、动作、犯罪、惊悚、喜剧等多种类型，其中动画片9部、犯罪片4部，高于去年同类型影片的数量。

　　第一财经记者注意到，早年间，贺岁档是全年较为炙手可热的档期，2010、2011、2012年国产片票房冠军均在贺岁档上映，分别为剧情片《让子弹飞》和《金陵十三钗》、喜剧片《人再囧途之泰囧》。然而，随着春节档的崛起，近年来贺岁档的地位和作用变得略微模糊。对此，陈晋有着较为乐观的看法。他表示，据灯塔专业版数据，贺岁档年轻观众占比更为突出，例如去年贺岁档24岁及以下年轻观众占比达27.2%，显著高于大盘均值。贺岁档最后一天12月31日的跨年夜往往是档期票房的高峰，很多年轻观众认可在电影院跨年的仪式感，去年12月31日大盘票房超7.34亿，占去年贺岁档票房的16.3%。另外贺岁档的双人购票比例也比较突出，去年贺岁档双人购票超过6成，同样显著高于均值水平。

　　中央文化和旅游管理干部学院副研究员孙佳山则认为，贺岁档这个档期概念已经初步形成，连续两年都有较好的票房表现。此前我国电影市场只有春节档、暑期档、国庆档三个大档期，其他小档期的容量太小了。而贺岁档跨年的时间相对较长，涵盖了跨年、元旦，也离春节较近，为我国电影的创作和生产找到了一个新的档期结构。譬如今年单是跨年夜就有4部影片上映，包括《窗前明月，咣！》《“骗骗”喜欢你》《半夜凶宅》《直播惊魂夜》。

　　值得一提的是，本次贺岁档中的票房冠军《好东西》是女性题材电影，这也反映出了2024年电影市场的新变化。《2024中国电影观众变化趋势报告》显示，截至10月，2024年购票用户当中女性占比58%，25岁及以上观众占比79%，三四线城市观众占比41%。女性以及95后观众逐渐成为市场主力。

　　至于2025年的电影市场，孙佳山认为，2025年会比2024年相对好一些，但可能还是不及2023年。因为产能开始回暖了，不会像2024年那么被动，电影市场真正恢复可能要等到2027年至2028年。"
大盘,https://finance.eastmoney.com/a/202412263279945754.html,微盘股指数早盘涨超2%，A500指数ETF（560610）涨0.41%，机构预计“春季躁动”行情风格上有望先大盘后小盘,"12月26日，市场早盘震荡反弹，三大指数早盘走强，大小指数继续分化，微盘股指数反弹涨超2%，AI硬件端集体大涨。截至早盘收盘，A500指数ETF（560610）涨幅达0.41%，成交额6.78亿元，换手率4.61%。

　　成分股涨跌参半，光威复材涨超10%，澜起科技涨超9%，光环新网、中兴通讯、沪电股份、天孚通信等多股跟涨。


　　A500指数ETF（560610）紧密跟踪中证A500指数。该指数优选各行业市值代表性强、表征行业龙头的500只股票，兼顾大市值的同时均衡覆盖A股各行业核心龙头资产。同时，指数编制结合互联互通、ESG等筛选条件，便利境内外中长期资金配置A股资产。

　　兴业证券认为，中证A500指数紧跟政策导向，覆盖众多龙头股，是当下稀缺的配置标的。政策导向下，“新质生产力”有望成为未来经济发展重点。中证A500超配新质生产力行业。

　　国联证券指出，A股春季躁动出现概率较高，仅2014年和2022年未出现明显的春季躁动。结合日历效应，或已接近每年最佳的交易窗口，预计风格上先大盘后小盘。日历效应上，12月和1月大盘风格强于小盘，2月小盘风格强于大盘。而无论是赔率还是胜率，春节前后是一年重要节日中最好的交易窗口。结合当前大小盘风格在情绪上的差距已从相对极值水平收敛，我们预计后续先大盘占优，后续春节前后，小盘风格受益于风险偏好上行，弹性更大。"
大盘,https://finance.eastmoney.com/a/202412243277753648.html,中资境外债大盘点 今年发行268只 存量规模折合人民币超6000亿 高息债待压降,"财联社12月24日讯 2024年以来，城投境外债发行呈回升态势，尽管面临高融资成本，但城投境外债发行规模却不降反升。

　　财联社据数据进行盘点统计，今年截至12月24日，城投美元债发行128只，规模合计185.18亿美元，较去年同期增长129.69%；城投离岸人民币债券（简称“点心债”）发行215只，规模合计1117.55亿元，规模较去年同期增长44.9%。目前，中资城投境外债存量790只，合计规模870.56亿美元，若以今日人民币中间价7.1876计算，整体规模约为6257.24亿元人民币。

　　业内人士表示，中资城投境外债增长的原因，除境外债借新还旧需求上涨、境内融资受限以外，也和发行人主观上保留境外债融资渠道等因素有关。从省份分布来看，数据显示，今年超5%的高息境外债发行以山东地区最高，短久期的“364境外债”仍发行了38亿人民币。

　　尽管近期境外债监管持续增强，不过由于未来1年是城投美元债的集中到期高峰，客观上或也不利于高息境外债规模的压降，投资者或可关注到期规模集中地区的城投续发情况，挖掘高息资产优先布局。

　　高息城投境外债发行规模持续增长，山东地区规模最大

　　如前所述，中资城投境外债发行规模持续增长。

　　从融资成本来看，2023年以来，受美元基准利率较高、境内资金汇到境外的QDII额度紧张、锁汇成本高等因素影响，相对境内债，城投境外债融资成本不断走高。

　　据天风固收团队统计，以城投美元债为例，2024年城投美元债平均发行票面利率位于6%以上，而境内基准利率快速下行，近一周城投境内债票面利率已降至2.35%。

　　若以5%为高票息标准，今年累计发行高票息中资境外债共268只，其中点心债128只合计580.06亿元，中资美元债114只合计160.48亿美元，最高发行利率达到9.5%。结合区域及行政层级来看，高息城投境外债以区县级为主，数量占比超7成，部分省份数量较多，超半数境内主体评级在AA+和AA。"
大盘,https://fund.eastmoney.com/a/202412223275202388.html,反弹以来仅29只百亿私募跑赢大盘 主动选股策略在百亿私募不灵验了？,"自9月底反弹行情目前已走过三个月时间，截至11月底，上证指数累计涨幅达17.04%，沪深300指数紧随其后，涨幅为17.92%。而创业板指更是表现亮眼，反弹幅度达到40.72%。

　　财联社记者统计私募基金反弹期间发现，部分私募在此获益，收益表现领先，据私募排排网数据，截至11月底披露的净值，有业绩显示的2248只私募产品，近三个月收益均值为18.75%，整体跑赢主要大盘指数。其中近三个月反弹幅度在50%以上的产品共有176只，反弹幅度在100%以上的产品有24只。

　　值得关注的是，规模较小的私募基金在本轮反弹行情表现较为领先，反倒百亿私募们表现而而，据统计，0-5亿规模私募近三个月收益均值高达22.15%，主要原因或是产品规模相对较小，在趋势性反弹行情中弹性较大。

image
　　仅有29只百亿私募基金跑赢沪深300

　　根据私募排排网数据显示，百亿私募旗下近三个月有业绩显示的产品共189只，收益均值为11.46%，收益中位数为12.42%。其中近三个月收益跑赢沪深300指数的产品仅有29只，占比为15.34%。

　　具体到产品来看，衍复投资高亢管理的衍复专享小市值指数增强1号近三个月收益表现突出，高达47.59%，1-11月收益为26.48%。他管理的另一只产品衍复专享小市值指数增强2号，近三个月收益为45.8%，表现同样亮眼，该产品今年来收益为23.99%。

　　衍复投资创始人高亢被称为量化“四大天王”之一。其创立的衍复投资成立于2019年7月，仅1年多的时间管理规模突破百亿，成立至今实盘管理规模超过500亿元。



　　磐松资产旗下的磐松微盘股指数增强1号近三个月收益为42.60%，今年以来收益为31.67%，博润银泰投资旗下的三只产品——博润银泰伯乐3号、博润银泰掘金伯乐2号、博润银泰掘金伯乐1号近三个月收益均超过30%。

　　若看年内收益，百亿私募中乐瑞资产旗下的两只产品乐瑞股债轮动1号证券投资A类份额、乐瑞股债轮动1号证券投资B类份额年内收益以61.23%、60.19%居首位；进化论金选量化多空1号1期、磐松微盘股指数增强1号业绩回报均超过30%。

　　按产品三级策略分类看，其他策略(17只)和沪深300指增(7只)跑赢大盘（沪深300指数）的产品最多，若加上其他指增类型，跑赢大盘的百亿指增私募基金共有10只。主观选股产品仅有2只，分别是张震宇管理的玄元元丰21号A类份额、以及夏俊杰管理的仁桥泽源1期

　　从私募管理人来看，黑翼资产近三个月高达7只产品跑赢大盘，分别是黑翼风行三号沪深300指数增强C类份额、黑翼策略精选6号、黑翼策略精选1号、黑翼策略精选2号、黑翼优选多策略3号B类份额、黑翼优选多策略1号A类份额、黑翼优选多策略3号A类份额，近三个月回报在20%左右。博润银泰投资4只产品跑赢大盘。

image
　　主动选股的小私募反弹期间更能吃到红利

　　相比较大规模的私募基金，小私募（20亿以下）更能因灵活调仓在行情反弹期间获得亮眼业绩。

　　0-5亿规模私募中，近三个月有业绩显示的产品共1156只，收益均值为22.15%，整体表现均值大幅领先大盘。其中近三个月收益跑赢沪深300指数的产品有477只，占比高达41.26%，17只规模在5亿以下的私募基金近三个月回报超过100%。

　　从管理人角度来看，旭日盛德资产(8只)、富延资本(7只)、于是私募(6只)、隆源投资(6只)、金田基金(6只)跑赢大盘的产品较多。从基金经理来看，旗下产品跑赢大盘较多的分别是旭日盛德资产杜小东(11只)、于是私募陈卫(6只)、富延资本刘祥龙(6只)。

　　其中，近三月收益最高的是行必达(厦门)私募符德林管理的行必达质真，近三月收益为155.31%，今年来收益更是高达276.53%。

　　而5-10亿规模私募中，近三个月有业绩显示的产品共282只，收益均值为19.44%，整体表现均值跑赢大盘。其中近三个月收益跑赢沪深300指数的产品有104只，占比高达36.88%，2只产品近三个月回报超100%，分别是英领棕地1号、止于至善价值投资3号五年期。

　　10-20亿私募旗下近三个月有业绩显示的产品共230只，收益均值为16.58%，收益中位数为11.08%。其中近三个月收益跑赢沪深300指数的产品有63只，占比为27.39%。

　　分产品策略来看，不同于百亿私募，主动选股策略在小私募中更如鱼得水，在0-5亿级别的私募基金中，近三个月回报排名前二十的，就有18只为主动选股策略，其中前17位均为该策略。5-10亿级别的私募基金，14只主动选股型基金上榜近三个月回报榜单前二十。而10-20亿跑赢大盘的私募基金中，属于主动选股策略的就有51只。规模达到20-100亿的中型私募基金，主动选股策略产品占比则降至五到六成。

　　百亿私募如何后续布局？

　　临近年末，百亿私募们如何未来布局也成为市场关注话题。

　　星石投资副总经理、首席策略投资官方磊认为，未来一段时间“更受益于流动性宽松的资产”表现可能更好。今年年末至明年年初，星石投资重点关注两方面的投资机会。

　　一是以消费为主体的内需板块。明年，提振消费可能是内需政策的重中之重。即使不考虑潜在政策拉动，消费板块中也有不少优质公司的业绩已出现企稳迹象，叠加当前消费板块整体估值处于合理偏低水平，具有较好投资性价比。

　　二是科技成长类资产。国内产业将具备较广阔的长期成长空间，行业内存在较多个股投资机会，国内股市风险偏好的好转有助于市场提高科技成长类资产的估值预期，进而带动个股在中短期内有所表现。

　　另一家百亿私募盘京投资将积极储备下一阶段投资品种，择机增持。未来投资策略将围绕两个角度展开：

　　其一，政策变量的角度——稳增长政策可能会持续发力， A500中的行业龙头公司和港股互联网龙头公司有望持续受益，ETF作为目前的主力增量资金，对这个策略形成资金面的加持。

　　其二，产业趋势的角度——科技前沿趋势关注AI相关软硬件、智能驾驶、机器人等产业空间较大领域，国家安全主线关注军工、信创和半导体等自主可控领域。

　　朝阳永续在近期发布的市场观察中指出，展望年底行情，多家私募依旧持乐观态度，在具体操作方面，近七成私募选择维持现有仓位不变。业内人士指出，目前 A股整体估值处于历史较低位置，根据往年经验，在跨年行情中，这些低估值板块和公司有望迎来估值修复，推动市场整体上涨。"
大盘,https://finance.eastmoney.com/a/202412243277548927.html,大盘风格或有阶段性表现，平安中证A50ETF(159593)、沪深300ETF平安(510390)均收涨超1%,"截至2024年12月24日收盘，中证A50指数ETF(159593)收涨1.49%，最新价报1.16元，成交额达2.72亿元。跟踪指数中证A50指数(930050)强势上涨1.36%，成分股三环集团(300408)上涨5.73%，中国中车(601766)上涨3.58%，比亚迪(002594)，招商银行(600036)等个股跟涨。

　　沪深300ETF平安(510390)收涨1.17%，最新价报4.32元，成交额达410.98万元。跟踪指数沪深300指数(000300)强势上涨1.27%，成分股新产业(300832)上涨8.57%，浪潮信息(000977)上涨5.96%，三环集团(300408)上涨5.73%，阳光电源(300274)，大全能源(688303)等个股跟涨。

　　规模方面，中证A50指数ETF最新规模达87.47亿元，创成立以来新高，位居可比基金1/10。份额方面，中证A50指数ETF最新份额达76.45亿份，创成立以来新高，位居可比基金1/10。

　　从资金净流入方面来看，中证A50指数ETF近4天获得连续资金净流入，最高单日获得1.45亿元净流入，合计“吸金”2.50亿元，日均净流入达6238.03万元。

　　数据显示，杠杆资金持续布局中。中证A50指数ETF本月以来融资净买额达102.68万元，最新融资余额达7229.85万元。"
大盘,https://finance.eastmoney.com/a/202412193272740510.html,大盘具备冲击前期高点的潜力,"把握运行节奏和板块动态

　　中央经济工作会议将“大力提振消费”放在明年重点工作任务首位，预计明年消费品以旧换新将不断扩容加码，激发消费潜能，释放内需活力。此外，后续货币政策的核心在于通过逆周期工具降低实际融资利率，并提高财政赤字率和优化财政收支结构。股市不乏利多因素，大盘具备冲击前期高点的潜力。

　　自9月24日央行创设结构性货币政策工具对资本市场予以支持，并释放降准降息等流动性宽松信号后，中长期资金的风险偏好显著回升，三大股指开启估值修复进程。


　　图为上证指数日线走势

　　本次中央经济工作会议更是时隔14年再度将货币政策定调为“适度宽松”，且把财政政策基调由“积极”调整为“更加积极”，为年底前再度降准和提高明年财政赤字水平进行积极的预期管理。然而，在市场进入政策“真空期”之际，前期上涨动能逐步兑现，部分资金止盈离场，加之宽货币环境下债市具备相对较高的吸引力，大量避险资金纷纷涌入债市进行布局，导致股指期货出现回调走势，成交量同步缩减。

　　最新公布的数据显示，11月我国制造业采购经理指数为50.3%，产需两端景气度均有回暖，尤其是新订单指数，时隔6个月转强。同时，工业增加值增速回升，装备制造业和高技术制造业增速维持高位，一揽子增量政策以及已出台的存量政策效果逐步显现。不过，11月社会消费品零售总额增速较上月放缓，其中商品零售表现分化，以旧换新政策推动家电、音响类消费保持高增，地产销售与投资同步回暖助力家具、建材类消费大幅改善，但服装针纺、日用品和中西药品等必选消费增速回落。中央经济工作会议将“大力提振消费”放在明年重点工作任务首位，预计明年消费品以旧换新将不断扩容加码，激发消费潜能，释放内需活力。

　　美联储转向中性利率政策，明年降息节奏预计放缓，汇率压力制约国内降息空间。本周包括美国、日本在内的多国将陆续公布利率政策和路径倾向，在美国失业率保持低位、核心通胀压力可控的情况下，总统换届后的减税和关税政策可能引发“再通胀”风险，使得明年美联储降息更为谨慎。相较而言，我国降息前景更为明朗，中美10年期国债利差因此扩大至265个基点，一定程度上制约国内降息空间。

　　当下正处于中央经济工作会议闭幕后的政策窗口期，一系列政策举措将加速推进。个人养老金制度全面推广、红利型投资产品扩容、沪深两市分红派息手续费减半、央企控股上市公司市值管理等政策陆续出台，利率下行环境使得红利板块的股息优势更加突出，利好中长线资本入市。从估值角度来看，上证50和沪深300指数滚动市盈率分别处于10年以来的72和55分位，而中证500和中证1000指数处于61和45分位，估值均在合理且稳健的范围内。考虑到11月政府化债举措压制居民和企业信贷需求，后续政策的核心在于通过逆周期工具降低实际融资利率，并提高财政赤字率和优化财政收支结构。因此，政策向股市释放的利好预期仍在，尽管市场短期经历震荡调整，但大盘依然具备冲击前期高点的潜力，投资者需注意把握运行节奏和板块动态。"
大盘,https://finance.eastmoney.com/a/202412213275043577.html,广州花都大盘现楼发售 单价1万+ 落地“购房即交房交证”,"今年8月起，广州市规划和自然资源局等三部门联合推行新建商品房“购房即交房、交证”工作新模式。这一便民措施，业已在花都区嘉云汇·云廷项目推广落地。

　　在近日由广州市住房和城乡建设局指导，广州市房地产行业协会、嘉华国际联合主办的花都区人居焕新发展沙龙上，广州市不动产登记中心督导部部长李业超介绍了广州市“新建商品房购房即交房交证”的经验和做法。他表示，通过税务和登记业务联动，以“网办”为抓手，提供便捷、高效的增量房转移登记网办服务，压缩整体办理时限，实现交房现场（前）核发不动产权证书（电子证照），打消购房人“不敢买”顾虑。

　　嘉云汇·云廷由港企嘉华集团旗下的嘉华国际开发。早在1992年，嘉华国际就在广州越秀区打造了嘉和苑。嘉华国际旗下嘉华（中国）业务发展及商业营运（广州及东莞）副总经理苏国华介绍，嘉云汇·云廷项目全现楼发售，配套的12年公办学校已经开学，当前项目带装修售价约为1.3万元/平方米。

　　苏国华表示，项目当前大确权已经办完，且每个单元都已经办理了开发商名下的不动产证，且全部无抵押，“作为一家深耕内地的港资企业，嘉华国际对广州市，尤其是花都区的发展潜力充满信心。”

　　据介绍，项目当前社区商业配套也已“实景呈现”，其中嘉荟购物广场引进了包括特色餐饮、零售购物、休闲娱乐文化教育及生活配套等多元业态，目前已经有多家品牌进驻，其中不乏花都乃至华南首店，业主实现“即买即住即享”。

　　沙龙上，广州市房协执行会长陆毅表示，广花新城板块在区位上西接广州北站，东临空港经济区，将被打造成高端智慧科技产业园，是花都区的“潜力股”，当中嘉云汇·云廷便是板块内受市场关注和认可的项目。

　　过去十年（2010-2020年），花都区净增人口约70万，增长率为73.78%，位列全市第二，花都成为越来越多人置业广州的热门选择之一。

　　事实上，花都已经拥有与中心城区比肩的完备生活配套。广州市同创卓越房地产投资顾问有限公司总经理赵卓文指出，广花新城西接广州北站，东临空港经济区，南望白云新城，是三大板块交叉的超级价值区域。这里集交通、产业、商业、配套等资源于一体，是全球流量、经济要素密集的“金三角之芯”，未来将成为广州北发展的新引擎。

　　在2024年7月，广花快速路主线通车，缩短了花都和广州主城区的时空距离，花都区正式进入广州“半小时生活圈”，未来发展可期。"
大盘,https://fund.eastmoney.com/a/202412203274547876.html,ETF投资周报丨大盘连跌两周，这类ETF疯狂吸金,"本周，A股市场继续弱势震荡，上证指数连续两周回调。周五，沪指以3368.07点报收，一周累计下跌0.7%。


　　尽管指数表现疲软，但在ETF方面，集成电路、芯片相关ETF疯狂吸金，成为近期市场最热焦点。

　　涨幅榜：芯片、半导体ETF成为本周大赢家

　　纵观本周ETF整体表现，由于大盘调整，近千只非货币ETF中，仅有不到300多只产品实现正收益，市场中位数为-0.6%，与上周情况基本持平。尽管如此，从周涨幅榜来看，ETF赛道依然有明显的亮点。


　　本周涨幅榜前20名的产品中，最主要的方向均为集成电路、芯片、半导体相关产品。此外，通信主题、消费电子相关产品也表现不错。

　　具体来看，本周涨幅最大的是两只集成电路ETF，周涨幅均超过7%。其次，芯片、半导体相关产品涨幅在5%以上。而上周表现强势的消费相关产品，在本周无一上榜。


　　今年三季度以来，芯片板块持续表现强劲。国家刺激政策的出台，释放了市场流动性，同时行业又恰好处于恢复周期，业绩同比显著向好。业内人士指出，从基本面来看，目前芯片板块处在恢复最好的时段，月度收入持续创出新高。半导体芯片作为典型的周期和创新叠加的行业，在消费电子复苏和人工智能的创新共振中快速向好，尤其是存储和处理器受益最为明显。此外，自主可控主线近期也迎来催化。四大协会齐发声，芯片国产化有望再加速。

　　聚焦到芯片板块的公司，寒武纪本周大涨19%，再创历史新高。此外，兆易创新周涨幅高达21%。

　　跌幅榜：两大主题明显降温

　　再看本周ETF的跌幅榜，本周跌幅最大的产品为两只标普油气ETF，周跌幅都超过8%。此外，前期表现不错的旅游、游戏两大主题明显降温。


　　具体来看，两只旅游ETF本周跌幅超过5%。实际上，旅游ETF的重仓股，主要来自免税、航空、机场以及酒店板块。不过，近期旅游相关产业并非市场热点。而前期市场炒作的冰雪经济板块中，旅游ETF持有的概念股仅有大连圣亚，但该股本周大跌近16%。


　　除了旅游ETF外，游戏ETF在连续震荡上行之后，本周也下跌近5%。此外，随着国际金价近期持续回落，多只黄金股ETF本周也下跌超过4%。"
大盘,https://finance.eastmoney.com/a/202412233276029090.html,社零大盘维持稳健增长，政策驱动消费需求释放，港股消费ETF(513230)盘中成交额已超1000万元,"截至2024年12月23日 13:22，中证港股通消费主题指数(931454)下跌0.64%。成分股方面涨跌互现，东方甄选领涨12.59%，新秀丽上涨4.58%，名创优品上涨2.00%；泡泡玛特领跌5.51%，美团-W下跌2.40%，李宁下跌2.39%。港股消费ETF(513230)下跌0.91%，最新报价0.88元，盘中成交额已达1139.99万元，换手率6.78%。

　　从估值层面来看，港股消费ETF跟踪的中证港股通消费主题指数最新市盈率（PE-TTM）仅19.69倍，处于近3年9.29%的分位，即估值低于近3年90.71%以上的时间，处于历史低位。

　　近日，国家统计局发布数据，11月份社会消费品零售总额4.38万亿元，同比增长3.0%。其中，除汽车以外的消费品零售额3.90万亿元，同比增长2.5%。1-11月份，社会消费品零售总额44.27万亿元，同比增长3.5%。其中，除汽车以外的消费品零售额39.80万亿元，同比增长3.7%。

　　招商证券指出，2024年下半年社零大盘维持稳健增长，系列促消费政策驱动需求进一步释放，服务零售表现突出，展望2025年伴随内需持续回暖，建议关注消费服务业顺周期及互联网龙头底部投资机会。电商零售板块，看好互联网龙头底部投资机会及高效零售业态；社服板块，休闲需求释放下旅游景气度延续，关注顺周期酒店餐饮困境反转机会

　　港股消费ETF（513230）及其场外联接(017832/017833）跟踪中证港股通消费主题指数，不同于A股消费投资以白酒为主，该指数覆盖行业均衡，几乎囊括了港股消费的各个领域。其中互联网科技行业，比重最大，超37%。以大家所熟悉的互联网平台为主，比如腾讯、美团、快手等，它们都是各自领域的头部企业，或有较高配置价值。"
大盘,https://finance.eastmoney.com/a/202412203274365246.html,谁是下一个王者？ 中小盘股VS大盘股,谁是下一个王者？ 中小盘股VS大盘股
大盘,https://fund.eastmoney.com/a/202412193273619960.html,大盘继续震荡反弹 超20只基金今日涨逾3%,"12月19日，市场全天震荡反弹，三大指数涨跌不一。板块方面，铜缆高速连接、算力、互联网电商、抖音概念等板块涨幅居前，白酒、零售、农业、煤炭等板块跌幅居前。个股上涨和下跌家数相差不大。沪深两市全天成交额1.44万亿元，较上个交易日放量836亿。


　　下面一起来看今天公募基金的表现。

　　（注：榜单1、2仅选取灵活配置型、偏股混合型和普通股票型三类产品作为主动基金的代表，纳入统计；债基相关榜单包括各类主、被动债券型基金）

　　1.单日涨幅榜


　　2.单日跌幅榜


　　3.单日债基涨跌幅榜



　　4.晚间值得关注的消息

　　【字节跳动：市场出现炒作“豆包概念股”现象投资者勿轻信市场传言】

　　字节跳动官方账号发布风险提示，近期，资本市场出现炒作豆包概念股""现象，流传着众多夸大其词甚至是虚构的内容，涉及字节跳动资本开支、数据中心花费、AI硬件、应用合作等多方面。请投资者切勿轻信市场传言，以免遭受不必要的投资损失。"
大盘,https://finance.eastmoney.com/a/202412203273837041.html,大和：将惠普目标价上调至25美元 维持跑赢大盘评级,"证券时报网讯，大和将惠普目标价从21美元上调至25美元，维持跑赢大盘评级。

　　根据FactSet调查，其平均评级为超配，平均目标价格为24.21美元。摩根士丹利指出，Nutanix、思科和惠普企业代表着巨大的增长机会。多家机构对惠普企业的目标股价进行了调整，其中包括Argus将目标价上调至29美元，德意志银行和Stifel均调整至25美元。近期SEC文件显示，惠普企业内部人士多次出售股票。"
大盘,https://finance.eastmoney.com/a/202412213275069337.html,“口红效应”不灵了？化妆品卖不过饮料、衣服 或连续三年跑输大盘|年终盘点,"财联社12月21日讯（记者罗祎辰）“11月化妆品消费跌这么多，‘口红效应’怎么不灵了？”这句来自网友的质疑，反映了2024年化妆品行业的现实困境，坐拥最具消费力的女性用户，化妆品在下行期却未能表现出更强的韧性。

　　统计局数据显示，11月化妆品零售额434亿元，同比骤降26.4%，消息一出市场哗然。这样的数据背后虽然有行业自身因素，但也与今年双十一提前导致10月零售额率先爆发有关。

　　综合考虑今年前11个月化妆品类零售数据，同比降幅为1.3%，这一成绩虽谈不上明显滑坡，但较同期社会消费品零售总额同比增长3.5%的表现仍有一定差距，较同期饮料类3.2%的增速和纺织服装类同比增0.4%的表现也有差距。

　　考虑到12月零售额影响相对有限，这意味着，化妆品很可能连续三年跑输社会零售大盘。

　　回溯历史，2022年是行业景气度的分水岭，在此之前，化妆品零售额增速长期跑赢大盘，“高增速”一直是化妆品从业者挂在嘴边的行业优势。但进入2022年，行业形势出现转向，当年化妆品类零售额同比降幅达4.5%，同期社会零售大盘下滑0.2%，两者的差距在2023年曾缩小，但随着今年前11月数据出炉，两者差距进一步拉大，谈行业反弹仍为时尚早。

　　持续下行的压力下，行业公司业绩下滑、亏损甚至倒闭的问题频出。基于申万化妆品行业，财联社记者筛选出其中约19家典型美妆上市公司（含4家港美股公司），其中，2023年实现盈利且同比增长的公司有12家，到今年前三季度达到这一标准的公司仅剩下8家。

　　在行业重点公司中，科思股份（300856.SZ）的业绩变化最为典型。作为全球防晒剂龙头，科思股份处于化妆品产业最上游，是近年化妆品投资最热门的领域，得益于更好的竞争格局，在过去几年公司并未受行业内卷冲击，业绩稳步增长，因此受到不少投资者追捧。但其增势到今年Q3戛然而止，公司称系主要受下游客户消化前期库存以及行业竞争增加等因素影响。

　　至此，这轮从2022年开启的美妆业寒潮，在接连冲击中游代工厂和下游品牌商之后，最终将寒意传导到了产业链优势更大的上游原料商环节，也意味着在持续冲击下，整个美妆产业链已经一片红海。

　　据行业媒体青眼不完全统计，今年以来，已有26个海外美妆品牌以不同方式宣布关闭天猫海外旗舰店或退出中国市场，这些品牌中有不少隶属于国际美妆集团。国货情况亦不容乐观，今年已有10个国货美妆品牌闭店清仓或母公司进入破产清算程序。

　　大浪淘沙，业绩持续高增的美妆上市公司所剩不多，而且发展路线逐渐分化，在行业下行周期，头部公司相对优势能维持多久也有待时间检验。

　　财联社记者注意到，目前行业内逐渐分化出两条发展路线，以珀莱雅（603605.SH）、上美股份（02145.HK）为代表的老牌美妆公司近年侧重打造品牌矩阵，通过不断拓品类推动业绩走高，与此同时，他们也将视野投向东南亚市场，尝试开启国际化。另一条路线以巨子生物（02367.HK）、丸美生物（603983.SH）等为代表，相比传统美妆集团模式，这些公司更倾向将独特的原料或技术作为招牌，选择围绕重组胶原蛋白领域深入布局。

　　展望明年，一家业内知名代工企业人士直言，美妆消费不太可能脱离宏观消费走出独立行情。招商证券的投资策略报告措辞则颇为保守，预计2025 年美妆大盘及品牌分化表现均将延续现有趋势。随着渠道红利的消退和日益激烈的存量竞争，国产品牌若要跑赢行业，仍需找准并放大自身的差异化优势。"
大盘,https://finance.eastmoney.com/a/202412203274725789.html,“三桶油”股价走势大幅跑输大盘！投资者吐槽“我在中海油满仓躲牛市”,"风水轮流转！

　　过去几年，以“三桶油”为代表的红利股股价表现抢眼，以中海油（600938.SH）为例，2022年12月20日回A上市至今，股价涨幅达到3倍多，投资者也是赚的盆满钵满。不过9月24日大盘启动以来，“三桶油”持有者的日子也开始变得不好过。

　　记者发现，9月24日—12月20日收盘，中海油、中石油（601857SH）和中石化（600028.SH）股价一般，分别上涨3.79%、4.12%和下跌1.54%。而同期上证指数、深证成指、创业板和科创50涨幅分别为22.52%、31.71%、44.37%和57.25%。这也让投资者纷纷在投资者交流平台上吐槽：“我在中海油满仓躲牛市”。

　　国内某头部券商投资顾问告诉《华夏时报》记者，现在十年期国债收益率持续下跌，对于红利股是利好。目前红利股估值还是很便宜，当下投资红利股主要赚取估值提升叠加股息率的收益。

　　股价跑输大盘

　　2024年，持有“三桶油”的投资者经历了从“天堂”到“地狱”的急速坠落。

　　近年来，央国企的市值管理一直是监管关注的重点，进入2024年，市值管理再次迎来重大政策。1月24日，国务院国资委宣布进一步研究将市值管理纳入中央企业负责人业绩考核；1月29日，国资委再次表示，在前期试点探索、积累经验的基础上，将全面推开上市公司市值管理考核。

　　如果说政策可以推动估值，那么对于石油股来说，国际油价走势则决定基本面表现。2024年1月至4月，地缘政治局势是影响国际油价变化的核心因素，巴以冲突和俄乌冲突持续进行，导致国际油价明显上升。

　　受到各种利好消息的影响，2024年上半年，“三桶油”股价持续上涨，中海油股价连续6个月上涨，涨幅达到61.09%；中石油股价涨幅为52.80%；中石化股价涨幅为14.14%。而同期大盘指数均处于下跌状态。

　　9月24日，随着超预期利好政策的出台，大盘开始发力上涨，截至12月20日收盘，上证指数上涨22.52%、深证成指上涨31.71%、创业板上涨44.37%、科创50上涨57.25%。同期“三桶油”股价表现一般，中海油和中石油涨幅不到5%，中石化股价更是下跌1.54%。

　　上述券商投顾告诉记者，9月24日以来的行情中，科技股和超跌股表现更好一些。“任何一轮牛市中，涨的最好的一定是符合当下国内发展前景的，红利股反而是在资产荒的时候相对会表现更好。”

　　持有者错过牛市

　　由于9月24日以来，“三桶油”股价表现严重跑输大盘，投资者纷纷表示在满仓躲牛市。

　　“别人是满仓躲牛市，我是加仓躲牛市。”一位持有中海油的投资者告诉记者。因为看好中海油三季报业绩表现，10月中旬左右，该投资者加仓中海油，但是加仓后中海油股价一直下跌，不过近几日开始持续上涨。“到现在也就是基本回本的状态。”该投资者告诉记者。

　　除了散户，持有“三桶油”的基金经理同样不能幸免。由于持有中海油，海南希瓦基金经理梁宏管理基金净值表现不佳，连续7周出现回撤，其在12月初流出的写给股东的信中表示，油气股因行情风格调整压力大，未减仓导致净值回撤，后续计划调整高息防守股持仓至50%。

　　对于9月24日以来红利股的市场表现，一位能源投资者告诉记者，相比几年前10%以上的股息率，目前大部分红利股的5%左右的股息率对投资者的吸引力没有那么大，“估值稍微涨一涨，股息率就更低了，这也是当下资金配置红利股比较少的原因。”

　　此外，本轮行情启动以来，国际油价表现同样不佳，先是小幅冲高，然后快速回落，此后就一直震荡下滑。隆众资讯数据，9月24日至今，布油从75.17美元/桶下跌至72.88美元/桶；美油从71.56美元/桶下跌至69.91美元/桶。

　　隆众资讯原油分析师李彦告诉记者，国际油价主要是地缘冲突有所缓和，需求角度来看，市场也在担忧全球经济发展前景。此外，美联储持续弱化降息预期，也让降息从利好变成了利空。

　　还有投资价值吗？

　　由于国央企估值较低，监管关于市值管理的政策还在持续出台。

　　12月17日，为进一步推动中央企业高度重视控股上市公司市场价值表现，规范有序开展市值管理工作，提升上市公司投资价值，切实维护投资者权益，以更有力的行动举措促进资本市场健康稳定发展，国务院国资委发布了《关于改进和加强中央企业控股上市公司市值管理工作的若干意见》。

　　本次意见提出中央企业要从并购重组、市场化改革、信息披露、投资者关系管理、投资者回报、股票回购增持等六方面改进和加强控股上市公司市值管理工作。引导控股上市公司牢固树立投资者回报意识，增加现金分红频次、优化现金分红节奏、提高现金分红比例。

　　上述券商投资顾问告诉记者，低利率时代下，稳定的高股息率更有吸引力。对比持续走低的存款和债券利率，高股息资产的配置价值在提升，既满足了大家为了应对利率下行的资产配置需求，又满足了当前宏观背景下大家追逐资金确定性的需求。

　　不过从基本面的角度看，国际油价的走势并不是特别乐观。李彦告诉记者，目前欧佩克减产还在执行，所以国际油价有托底，价格也不会大跌，但是另一方面，需求是不好的，特朗普上台后贸易战和提升产量对油价都是利空，而且地缘冲突也会缓和。

　　金联创原油分析师奚佳蕊告诉记者，短期内，原油市场或继续以震荡为主，预计美油的主流运行区间为68-72美元/桶，布伦特的主流运行区间71-75美元/桶。李彦认为，年内布油能看到70美元/桶以上，“但是年后就不好说了，还要看特朗普的政策力度。”"
大盘,https://finance.eastmoney.com/a/202412173271138219.html,情绪冰点！大盘重要时空将临近——道达投资手记,"国务院国资委近日印发了《关于改进和加强中央企业控股上市公司市值管理工作的若干意见》（以下简称《意见》）。

　　印发该《意见》目的是，推动中央企业高度重视控股上市公司市场价值表现，规范有序开展市值管理工作，提升上市公司投资价值，切实维护投资者权益，以更有力的行动举措促进资本市场健康稳定发展。

　　对于《意见》，达哥关注到几点。

　　1.中央企业要将市值管理作为一项长期战略管理行为。

　　2.中央企业和控股上市公司要将股票回购增持作为一项长期性基础性工作。

　　3.积极开展有利于提高投资价值的并购重组。

　　4.高度重视控股上市公司破净问题，指导长期破净上市公司制定披露估值提升计划并监督执行。

　　5.指导中央企业控股上市公司增加现金分红频次，优化现金分红节奏，提高现金分红比例。

　　上述消息对央企上市公司及破净公司是利好。从行业来看，银行、房地产、钢铁、基础化工、建筑装饰这5个板块的破净率较高。

　　今年，韩国推出“企业价值提升计划”、东京证券交易所公布首批自愿披露提高资本效率计划的公司名单，从表现来看，大盘股、价值股的表现明显占优。大家不妨借鉴下日韩股市的经验。

　　我们回到市场。

　　今天，A股三大指数集体收跌。截至收盘，上证指数下跌0.73%，深证成指下跌0.35%，创业板指数下跌0.02%。

　　沪深两市成交1.51万亿元，较昨日萎缩1894亿元。沪深京三市有4794只个股下跌，仅553只个股上涨，个股涨跌幅的中位数为下跌3.66%。

　　值得一提的是，小盘股方向今天杀跌力度不小，微盘股指数的跌幅达到5.88%，国证2000指数的跌幅达到3.05%。

　　今天市场调整，或与几个因素有关。

　　1.无论是近期国债期货上涨，还是高股息红利板块上涨，都说明市场风险偏好在下降。

　　2.多只强势股发布风险提示、股东减持公告，对短期市场情绪构成负面反馈。

　　3.市场出现了量化基金的相关传闻，但据媒体报道，有消息人士指出，量化传闻并不属实。

　　今天市场情绪达到冰点，神秘资金也出手了，多只沪深300ETF基金放量。冰点主要表现在三方面：

　　首先，下跌个股数量接近4800只。自10月以来，下跌个股数量超过今天的交易日，仅有4个交易日。

　　其次，前期热门题材全线回落，大消费全线回调，零售板块出现跌停潮，经历短期大涨的高位股多数大跌。

　　最后，沪深两市成交额再度回到1.5万亿元附近。

　　就沪市成交额来说，10月以来，有两个时期的成交额比今天低。一是10月16日至17日，二是11月26日至28日。而这两个时间段，刚好在上证指数的波段底部前后。"
大盘,https://finance.eastmoney.com/a/202412173270909021.html,A股午后突变！金融股力挺大盘 CPO概念逆市活跃,"A股今日走势分化，沪指弱势下探，上证50指数逆市上扬，贵州茅台涨超2%；港股午后冲高回落，两大股指双双走低。

　　具体来看，沪指盘中弱势下探，一度跌近1%；创业板指相对强势，上证50指数逆市上扬。截至收盘，沪指跌0.73%报3361.49点，深证成指跌0.35%报10537.43点，创业板指微跌0.02%报2201.18点，上证50指数涨0.41%，北证50指数跌3.22%，沪深北三市合计成交15256亿元，较昨日减少逾1900亿元。

　　场内近4800股飘绿，旅游餐饮、纺织服装、零售、食品饮料等消费板块集体回调，西安旅游、长白山、大连圣亚、东百集团等近期的强势股相继跌停；地产、医药、汽车、半导体等板块均走弱；券商、保险、银行板块相对强势，午后一度拉升，扛起反弹大旗；CPO概念较为活跃，明阳电路20%涨停，生益电子涨超14%；中特估概念拉升，中船科技、中国船舶涨超3%。此外，市值超千亿的中兴通讯盘中一度涨停。

　　值得注意的是，多只沪深300ETF午后显著放量，华泰柏瑞沪深300ETF全日成交54.83亿元，易方达沪深300ETF、嘉实沪深300ETF分别成交14.13亿元、13.05亿元。



　　金融股力挺大盘

　　金融板块今日表现较为坚挺，午后一度拉升，华林证券盘中触及涨停。截至收盘，券商板块方面，华林证券涨近6%，国联证券涨逾5%，第一创业涨近3%，中信证券、东方财富小幅走高。

　　保险、银行板块方面，中国人寿、兴业银行、江苏银行、建设银行、中国银行等均上扬。

　　消息面上，12月14日，证监会党委书记、主席吴清主持召开党委（扩大）会议。会议强调，坚决落实“稳住楼市股市”重要要求，提升市场监测、预警和应对的前瞻性、主动性，加强境内外、场内外、期现货联动监管，加强对融资融券、场外衍生品、量化交易等的针对性监测监管，加快落实增量政策，持续用好稳市货币政策工具，加强和改善市场预期管理，着力稳资金、稳杠杆、稳预期，切实维护资本市场稳定。

　　此外，12月16日，中国人民银行党委召开会议。会议强调，探索拓展中央银行宏观审慎与金融稳定功能，创新金融工具，落实好支持资本市场稳定发展的两项货币政策工具，维护金融市场稳定。按照市场化、法治化原则，积极支持稳妥处置地方中小金融机构风险，继续做好金融支持融资平台债务风险化解工作，支持房地产市场止跌回稳。

　　银河证券指出，中央经济工作会议高度重视资本市场改革发展，对明年工作做出重要部署，总体看来基调依然是“稳”字当头。展望明年，国家“稳增长、稳股市”“提振资本市场”的政策目标仍将持续定调板块未来走向，流动性相对宽松环境延续、资本市场环境持续优化、投资者信心重塑等多方面因素共同推动证券板块景气度上行。

　　CPO概念逆市活跃

　　CPO概念盘中逆市走强，截至收盘，明阳电路20%涨停，生益电子涨超14%，锐捷网络涨约6%，中际旭创涨近3%。


　　行业方面，近期海外AI大厂频频披露其十万卡以上集群建设规划，如xAI计划扩展并整合其Colossus超级计算机超过100万GPU；AWS与Anthripoc合作打造40万Trainium2卡算力集群以训练下一代Claude大模型；甲骨文推全球首个AI云计算集群，扩展至超13.1万颗BlackwellGPU；OpenAI计划在全美多地建设5GW数据中心，甲骨文13万GB200集群智算中心功耗达到1GW，预计OpenAI规划的5GW数据中心GPU规模将达到折合约65.5万张GB200的水平。

　　机构表示，长期维度上AI应用的逐步发展将推动算力需求扩展，数百万卡级别的算力集群将成为重要的基础设施，进而打开数据中心硬件设备需求空间。而在超大规模算力集群逐步落地的过程中，紧跟技术前沿的光模块厂商有望深度受益。

　　国金证券认为，AI拉动光模块迭代速度，预计1.6T光模块将于2024年第四季度开始批量出货，并在2025年第一季度正式上量。海外云厂商不断加大AI方向资本开支，并已明确表示2025年资本开支仍将继续增长，利好光模块板块，板块成长性持续凸显，EPS端有望继续快速提升。同时硅光、CPO、LPO等新技术新方案推动行业发展。

　　大消费集体回落

　　近日强势的旅游餐饮、零售、纺织服装、食品饮料等消费板块今日集体回调，截至收盘，旅游餐饮板块方面，曲江文旅、西安旅游、长白山、大连圣亚、西安饮食等跌停。


　　零售板块方面，华联股份、东百集团、新华百货、大连友谊、中百集团、永辉超市等跌停。

　　食品饮料板块方面，海欣食品、一鸣食品、惠发食品、桂发祥等跌停。

　　值得注意的是，大连圣亚此前已连续3日涨停，公司昨日晚间提示，公司主营业务主要为极地海洋馆景区经营、景区场馆内商业运营及动物经营，公司目前生产经营活动未发生重大变化。公司股价短期涨幅过大，滚动市盈率和市净率指标均显著高于同行业平均水平，公司生产经营活动未发生重大变化，不存在涉及上市公司应披露而未披露的重大事项。

　　此前两连板的长白山昨日晚间亦提示，目前生产经营正常，近期公司经营情况及内外部经营环境没有发生重大变化。公司未发现对公司股票交易价格可能产生重大影响的媒体报道或市场传闻；除公司已披露信息外，不存在其他应披露而未披露的重大信息。

　　近5日大涨近40%的永辉超市日前提示，公司目前生产经营活动正常，稳步有序进行门店调改，内外部经营环境未发生重大变化，不存在应披露而未披露的重大事项。公司未发现需要澄清或回应的媒体报道或市场传闻、未发现其他可能对公司股价产生较大影响的重大事件。"
大盘,https://finance.eastmoney.com/a/202412173271149576.html,微盘股回调，大盘股上扬，A股或将风格切换？,"新华财经上海12月17日电（林郑宏）12月17日，沪深三大股指延续近期调整态势，均小幅收跌，两市成交额略超1.5万亿元。

　　虽然三大股指跌幅不大，创业板指更只是微幅收绿，但今日盘面的二八分化却相当明显。具体来看，上涨的主要是大盘股，上证50指数今日收涨0.41%，沪深300指数则收涨0.26%，代表性权重股如宁德时代和贵州茅台均涨超2%。与此同时，微盘股指数回调5.82%，中证2000指数回调4.42%。

　　个人投资者活跃中小盘已持续领跑两月余

　　值得注意的是，今年10月以来，代表中小市值股的微盘股指数和中证2000指数走势明显强于大市，自10月8日至昨日收盘，微盘股指数区间涨幅达32.5%，中证2000指数区间涨幅亦超20%。而同期上证50指数下跌4.13%，沪深300指数下跌2.64%。

　　中金公司报告认为，10月以来A股个人投资者表现活跃，融资余额明显上升且交易活跃度改善。相较而言，公私募基金及北向资金持仓并未见明显增加。个人投资者入市下增量资金驱动对小盘风格偏利好。此外，9月24日以来并购重组领域引发投资者普遍关注，也相对利好小盘风格。

　　对于今日微盘股回调，排排网研究员卜益力认为，国债收益率下跌债券市场走强，叠加年底金融机构流动性收紧以及公募基金进入到年终考核期，导致短期市场流动性承压，对微盘股压力较大。

　　方信财富投资基金经理郝心明则表示，国庆节之后的行情主线是以小微盘股为主的题材股，微盘股指数正好与行情风格相符，可以看到小微盘股的表现已经偏离其基本面，但是，微盘股指数策略在多数时间里是符合A股生态环境，所以短期调整是对价格偏离的回归修正。

　　微盘股回调后 A股或将风格切换？

　　鸿涵投资认为，蓝筹红利品种昨日以及今日有资金流入痕迹。指数方面，沪指触及20日均线、沪深300即将触及60日均线，这都是重要的支撑位，指数能否在此区域稳定需要蓝筹权重以及沪深300、A500等宽基品种的稳定方能实现。在政策层面强力托底基础下，A股下方有底是共识，宽基ETF越来越成为稳定市场的重要力量；权重、红利、宽基ETF等能否持续得到资金认可流入是后市风格转换的关键。

　　华金证券表示，年底出现成长、价值切换较常见。2005年以来共有5次成长切换价值、5次价值切换成长，于11月或12月发生风格切换的出现5次。影响成长价值风格切换的主要因素是政策和外部事件、产业催化、流动性。

　　中泰证券表示，考虑到年底时间段市场的主要矛盾将变为：活跃资金的阶段性利多兑现，与市场对新一年保险等长线资金加大股市布局的憧憬预期，因此，市场结构上或将出现“高低切换”，即活跃资金驱动的中小市值题材阶段性调整，国央企高股息或将重新成为市场主线。"
大盘,https://finance.eastmoney.com/a/202412183272244154.html,今年第一大盘股国货航周四发行 成为今年募资规模最大IPO企业,"国货航（001391）12月19日发行，本次公开发行股份13.21亿股，占发行后总股本的11%，发行价格为2.30元/股，发行市盈率为25.56倍，计划募集资金为35亿元。按本次发行价2.30元/股计算，在超额配售选择权行使前，预计募集资金总额为30.39亿元；若超额配售选择权全额行使，预计募集资金总额为34.95亿元，成为今年募资规模最大的IPO企业。

　　据同花顺数据统计，按上市日计算，截至12月18日，A股市场共有95家企业IPO上市，合计募资规模613.13亿元。从企业IPO募资额看，15家企业IPO募资额超10亿元，7家企业IPO募资额超15亿元。IPO募资额前三名分别为永兴股份、艾罗能源、达梦数据，IPO募资额分别为24.30亿元、22.26亿元、16.52亿元。

　　公开资料显示，国货航成立于2003年，由中国国际航空股份有限公司、中信泰富有限公司、首都机场集团公司共同投资组建，其前身是中国国际航空公司货运分公司。公司独家经营中国国航全部客机腹舱，旗下主要航空货站位于北京、成都等地。

　　目前，在国货航的股东结构中，中国航空资本（中国航空集团全资持股）持股45%，为国货航第一大股东；菜鸟供应链、国泰货运、朗星公司分别持股15%、12.24%、11.75%。

　　招股书显示，国货航主要客户包括苹果公司、中航集团、菜鸟供应链、华为公司、中国邮政速递、DGF等，前五大客户贡献营收接近3成。

　　业绩方面，2021至2023年，国货航分别实现营业收入243.05亿元、230.76亿元、149.19亿元，同比增长33.17%、-5.06%、-35.35%；归母净利润43.42亿元、 31.08亿元、11.53亿元，同比增长32.01%、-28.42%、-62.89%。公司业绩呈连续下滑态势。

　　国货航业绩转折向好发生在2024年上半年。2024年1-6月，国货航营业收入同比增长48.15%，归母净利润同比增长40.80%。招股书中说明，业绩转折“主要系随着航空货运行业逐步恢复常态化运行以及全球供应链体系的逐步稳定，叠加跨境电商对航空货运的旺盛需求，航空货运运价及货邮周转量亦开始从2023年年初的行业低点逐步回升，使得2024年1-6月业绩同比提升较大。”

　　2024年1-9月，国货航实现营业收入142.29亿元，同比增长44.82%；实现归母净利润11.05亿元、同比增长71.07%。根据公司管理层初步预测，国货航预计2024年营业收入为202亿元，同比增长35.40%；预计归母净利润为17.9亿元，同比增长55.70%。

　　业内人士认为，今年以来的A股新股中，国货航的新股发行数量和网上发行数量都排在第一位。这意味着，国货航有可能成为今年最容易中签的新股。国货航发行价2.30元/股，发行市盈率不高，没有IPO超募现象，是一个值得申购的新股。"
大盘,https://finance.eastmoney.com/a/202412183271866118.html,大盘股早盘拉升，中国国企开放共赢相关ETF涨近2%,"央国企概念股早盘拉升，中国铁建涨超3%，中国建筑、中国移动、中国中铁、中国神华涨超2%。

　　受盘面影响，跟踪富时中国国企开放共赢指数的ETF涨近2%。


　　为进一步推动中央企业高度重视控股上市公司市场价值表现，规范有序开展市值管理工作，提升上市公司投资价值，切实维护投资者权益，以更有力的行动举措促进资本市场健康稳定发展，国务院国资委近日印发了《关于改进和加强中央企业控股上市公司市值管理工作的若干意见》（以下简称《意见》）。

　　下一步，国务院国资委将重点围绕《意见》落地实施，把提升中央企业控股上市公司投资价值、强化投资者回报作为一项长期工作来抓，指导推动中央企业用好市值管理手段，积极回应市场关切，维护投资者利益，为促进资本市场高质量发展作出新的更大贡献。"
大盘,https://finance.eastmoney.com/a/202412173271098984.html,时隔四年万科再现广州土拍市场 29亿包揽3宗地背后存大盘谋算,"12月17日，广州市成功出让4宗番禺区涉宅地块，其中南站商务区3宗地块被万科底价摘下，土地出让总价28.8亿元。这也是万科四年来首次在广州拿地。

　　今年以来，万科在土地市场的动作大幅减少，此次为何重现广州土地市场？这几宗地块与万科有何渊源？

　　3宗地均底价成交，建面超23万平方米

　　万科拿下的这3宗地块距离相近，均位于番禺区南站商务区。

　　其中，番禺区南站商务区BA0402105地块以底价11.5亿元成交，番禺区南站商务区BA0402074-1地块以底价8.36亿元成交，番禺区南站商务区BA0402074-2地块以底价8.94亿元成交。

　　据了解，上述3宗地块总规划建筑面积约23.4万平方米。除住宅开发外，需配建幼儿园及36班九年制学校等。

　　其中，番禺区南站商务区BA0402105地块须配建公交首末站、颐康服务站、社区卫生服务站等设施，合计建面2235平方米；番禺区南站商务区BA0402074-1地块须配建一所36班9年制学校、农贸市场、社区委员会等设施，合计建筑面积19924平方米；番禺区南站商务区BA0402074-2地块须配建一所9班幼儿园、托育机构、物业管理等设施，合计建筑面积3561平方米。

　　中指研究院华南分院分析师杨永俊表示，万科拿下的3宗地块成交楼面价在11409元-13614元/平方米。目前周边在售项目均价约35000元-40000元/平方米，预计万科项目后续入市后有一定的价格优势。

　　地块位于南站万科中心项目内，收储背景下重新盘活

　　万科在广州已有四年未拿地了，上一次拿地还是2020年12月份，万科击败多家房企，以63.07亿元的价格拿下广州增城区新塘镇东江大道东侧地块，溢价率15.36%，成交楼面价12932元/平方米。

　　此次，万科为何选择在广州南站商务区拿地?

　　据了解，此次挂牌的南站商务区3宗地块原本就位于南站万科中心项目内。该项目由万科广佛公司在2011年与片区石壁一村、石壁四村合作开发，由15宗地块组成，总计容建筑面积约126万平方米，占广州南站核心区约1/4面积；后续因轨道交通建设等客观原因，导致部分留用地块不具备开发条件。

　　广东省住房政策研究中心首席研究员李宇嘉指出：“近年来，受轨道交通建设等客观原因影响，房地产市场下行，商办等非住宅开发难度加大，部分留用地不具备开发条件，闲置下来。这次出让的3宗地块，也就是15宗地的其中几宗。”

　　不过，在“收储”存量土地的大背景下，这3宗地块迎来了重新盘活的机会，被政府收储并调整规划，今年又重新挂牌。“作为土地前期整备方的万科，拿下该地块并无悬念。”李宇嘉说。

　　据知情人士透露，广州地方政府立足于南站片区的高定位，与万科广佛携手打造的低效存量用地盘活的创新试点：通过收储并优化规划再出让的方式增加南站片区多元化用地空间、提升公服配套，有效补充片区内稀缺的住宅供应和教育资源，提升南站商务区居住属性，同时为当地村庄回迁安置物业的交付提供资金支持，实现多方共赢。

　　万科广佛公司相关人士对新京报贝壳财经记者表示，公司持续看好广州南站板块潜能，本次获取地块也将缓解片区内住宅、教育和商业配套功能的稀缺，接下来会继续发挥自身大型综合住区开发优势，以大盘整体开发思路持续建设南站核心区。

　　板块内住宅占比低，出让地块有望补齐短板

　　万科是广州南站板块内最早布局开发的企业。杨永俊表示，目前周边商业配套日渐完善，已有不少企业入驻，另外，包括南站喜街、南站花城汇等商业体均已落成。但由于前期规划等原因，板块内以商业、商办用地为主，居住用地相对较少，居住氛围较弱，且教育资源较为缺乏。

　　李宇嘉也表示，广州南站及周边规划为商务区，住宅占比不到5%，此次成交地块的看点是收储并优化规划再出让，且作为住宅用地开发。作为广州重点打造的商务区，南站片区位于大湾区的核心地带，交通极其便利，总部企业密集，主力消费人群将是广州外溢购房潜力，以及大湾区内其他商务人群，叠加户型设计标准新规，加上参与前期土地整理，项目利润率确定性强。

　　杨永俊认为，本次地块成功出让，有望增加板块内居住人口，并通过配建的幼儿园以及九年一贯制学校，补齐板块内教育短板，促进广州南站周边区域的“站城一体”发展，进一步强化广州南站核心交通枢纽的功能。"
大盘,https://fund.eastmoney.com/a/202412163269910092.html,大盘震荡走低，今日近20只基金跌逾3%,"12月16日，市场全天震荡走低，创业板指领跌。板块方面，冰雪产业、铜缆高速连接、零售、养老概念等板块涨幅居前，游戏、半导体、消费电子、人形机器人等板块跌幅居前。全市场超3400只个股下跌，但仍有逾百股涨停或涨超10%。沪深两市全天成交额1.7万亿元，较上个交易日缩量3694亿。


　　下面一起来看今天公募基金的表现。

　　（注：榜单1、2仅选取灵活配置型、偏股混合型和普通股票型三类产品作为主动基金的代表，纳入统计；债基相关榜单包括各类主、被动债券型基金）

　　1.单日涨幅榜


　　2.单日跌幅榜


　　3.单日债基涨跌幅榜

"
大盘,https://finance.eastmoney.com/a/202412173270987251.html,农业银行股价盘中创历史新高 银行板块今年涨幅38%大幅跑赢大盘,"12月17日，银行股震荡攀升，其中农业银行股价盘中创下历史新高。截至收盘，农业银行报收5.10元，市值超过17849亿元。数据显示，农业银行今年以来涨幅高达47.78%，不仅股价屡屡创下历史新高，而且在全年均保持了强劲的上涨势头。

　　事实上，不仅是农业银行，整个A股银行板块今年以来均表现亮眼。数据显示，截至12月17日，A股银行板块自年初以来的涨幅为37.88%，大幅跑赢大盘。

　　多个银行个股股价均屡屡创下历史新高。除农业银行以外，工商银行今年以来的股价涨幅也高达43.36%；中国银行今年涨幅为39.18%；建设银行股价今年内同样累计上涨37.57%；交通银行今年股价涨幅为35.20%。股份行等银行同样涨幅均超过30%，其中，招商银行今年以来股价涨幅为44.25%；平安银行今年以来股价涨幅为34.44%。

　　而这些上市银行的股东更是拿出“真金白银”表示对银行股的支持与未来发展的信心。数据显示，今年以来，已有23家上市银行获重要股东增持。

　　仅10月份以来，苏州银行、南京银行、沪农商行、成都银行、上海银行等多家上市银行的重要股东均出手增持自家股票。

　　最近的一起是，新希望对民生银行的“举牌”。基于对民生银行的长期看好，新希望屡次增持民生银行。在最新一次增持后，新希望化工及其一致行动人合计持有民生银行不超过约22.40亿股股份，持股比例不超过5.12%，并由此成为该行第四大股东。

　　作为“价值洼地”银行板块今年以来受青睐，年内大幅跑赢大盘。且多家券商分析师对2025年银行股投资价值表示乐观。

　　多家券商的分析师在研报中纷纷表达出对于明年银行股投资的积极态度。业内普遍认为，受益于新一轮债务置换推进及一揽子地产政策落地改善银行资产质量预期、被动指数基金持续扩容助推银行等高权重板块市场行情、财政政策积极发力支撑银行信贷、负债成本优化缓解息差压力等多重积极因素，银行股配置价值有望延续。

　　中国国际金融股份有限公司认为，新一轮债务置换及房地产债务展期政策将改善银行资产质量预期，对大型银行的注资有助于保持其信贷稳定增长和提高风险抵御能力，具备较高净资产收益率（ROE）和股息率的银行股更具配置价值。

　　浙商证券研究所看好2025年银行板块的绝对收益机会，认为风险评价的改善有望驱动银行股估值修复。中国银河认为，积极的财政政策利好银行信贷，货币政策转向宽松，负债成本优化成效释放有望加速，防范化解重点领域风险将使银行资产质量受益，因此继续看好银行板块配置价值。

　　中国银河的研究报告认为，宏观政策将更加积极有为，财政政策积极发力，利好银行信贷；货币政策转向宽松，适时降准降息，银行息差仍承压，但负债成本优化成效释放有望加速；防范化解重点领域风险导向不变，银行资产质量有望受益。故继续看好银行板块配置价值。"
大盘,https://finance.eastmoney.com/a/202412193273244419.html,ETF最前线 | 南方标普中国A股大盘红利低波50ETF(515450)下跌1.51%，房地产开发主题走弱，锦和商管上涨10.06%,"南方财经12月19日电，南财金融终端显示，今日房地产开发主题走弱，截至收盘(下同)下跌1.38%。

　　持有房地产开发主题股票的南方标普中国A股大盘红利低波50ETF(515450)下跌1.51%，最新价报1.434元。截至上个交易日(12月18日)，该基金近五个交易日净值(复权单位净值，下同）上涨2.54%，近一个月净值上涨5.66%。该基金自(20200117)成立以来净值增长率为92.11%，管理人为南方基金管理股份有限公司，基金经理为崔蕾。

　　截至收盘，房地产开发主题涨跌幅最高的五只股票为：锦和商管(603682.SH)、*ST金科(000656.SZ)、深振业A(000006.SZ)、苏州高新(600736.SH)与粤宏远A(000573.SZ)。详情见下表：
"
大盘,https://finance.eastmoney.com/a/202412193273184836.html,大盘上行，A500涨幅超0.5%！A500ETF(159339)市场交投活跃，光环新网、光迅科技、中兴通讯、兆易创新涨幅均超10%,"2024年12月19日，A股宽基走高。盘面上，光环新网、光迅科技、中兴通讯、兆易创新涨幅均超10%。A500ETF（159339）市场关注度较高，实时成交额突破5.5亿元。

　　中国银河表示，中证A500指数与中证500指数虽名称相似，但在编制规则、市场表征性和投资策略上差异显著。中证A500侧重高流动性、市值较大的公司，选股范围更严格，广泛覆盖各行业龙头及新兴产业代表，均衡反映市场特征。其市值覆盖更广，不剔除沪深300成分股，适合长期投资和行业龙头配置。相比之下，中证500更聚焦中小市值公司。市场表现上，中证A500年内表现靠前，基本面强劲，股息率较高，更契合新经济发展态势。

　　A500指数长期表现与中证全指接近，优于沪深300、中证800等宽基指数自指数基期以来，指数长期年化收益率为7.29%，年化波动率为25.35%最大回撤为70.91%。指数长期表现与中证全指接近，优于沪深300、中证800等同类可比指数，同时波动率和回撤更小。中证A500有望复制中证A50的成功经验，跟踪相应指数产品的规模亦有望做大，是现有指数的良好补充，但能否快速发展取决于中证A500的指数投资生态圈能够进一步完善，另外未来跟踪中证A500指数的产品的数量和规模决定了指数的可投资性能否直接落地。"
