燃气	https://finance.eastmoney.com/a/202412313283725887.html	燃气板块走强 长春燃气、贵州燃气涨停	上证报中国证券网讯 12月31日早盘，燃气板块走强，截至9时49分，长春燃气、贵州燃气涨停，首华燃气涨逾13%，凯添然气涨超11%，德龙汇能等跟涨。	
燃气	https://finance.eastmoney.com/a/202412313283559915.html	燃气板块竞价活跃 长春燃气高开近5%	"燃气板块竞价活跃，凯添燃气高开超5%，长春燃气高开近5%，水发燃气、德龙汇能、国新能源、贵州燃气等均高开。
K
线图
特色数据
资金流向
公告
个股日历
核心题材
K图 600333_0

最新价：5.57

涨跌额：0.51

涨跌幅：10.08%

成交量：25.1万手

成交额：1.37亿

换手率：4.12%

市盈率：-31.04

总市值：33.9亿

查询该股行情  实时资金流向  深度数据揭秘  进入长春燃气吧  长春燃气资金流相关股票
凯添燃气(8.81 14.27%)首华燃气(9.84 10.07%)贵州燃气(7.8 10.01%)天壕能源(5.79 6.43%)
相关板块
燃气(2.49%)天然气(-0.12%)油气设服(-0.19%)东北振兴(-1.53%)

　　全新妙想投研助理，立即体验

　　燃气板块竞价活跃，凯添燃气凯添燃气：831010 8.81 14.27% +自选高开超5%，长春燃气高开近5%，水发燃气、德龙汇能、国新能源、贵州燃气等均高开。"	
燃气	https://finance.eastmoney.com/a/202412313283731811.html	供气供热板块震荡走高 长春燃气、贵州燃气等涨停	　证券时报e公司讯，供气供热板块震荡走高，截至发稿，长春燃气、贵州燃气等涨停，凯添燃气、天壕能源、水发燃气等涨幅居前。	
燃气	https://finance.eastmoney.com/a/202412313283620537.html	燃气板块竞价活跃，凯添燃气高开超5%	燃气板块竞价活跃，凯添燃气高开超5%，长春燃气高开近5%，水发燃气、德龙汇能、国新能源、贵州燃气等均高开。	
燃气	https://finance.eastmoney.com/a/202412313283737582.html	供气供热板块震荡走高，长春燃气、贵州燃气等涨停	每经AI快讯，12月31日，供气供热板块震荡走高，截至发稿，长春燃气、贵州燃气等涨停，凯添燃气、天壕能源、水发燃气等涨幅居前。	
燃气	https://finance.eastmoney.com/a/202412313283692165.html	A股天然气板块大涨，首华燃气涨超12%，长春燃气涨停	每经AI快讯，12月31日，A股天然气板块大涨，首华燃气涨超12%，长春燃气涨停，贵州燃气、德龙汇能涨超5%，水发燃气、洪通燃气多股涨超4%。	
燃气	https://finance.eastmoney.com/a/202412313284087548.html	成都燃气：公司副总经理变更		每经AI快讯，12月31日，成都燃气晚间公告，因工作调整，青倩女士申请辞去公司职工代表董事、副总经理职务，陈季先生、罗庆先生申请辞去公司副总经理职务。公司同意聘任曾涛先生、刘军先生和郭诚先生为公司副总经理，任期自本次董事会审议通过之日起至第三届董事会任期届满之日止。
燃气	https://finance.eastmoney.com/a/202412313284046352.html	【调研快报】重庆燃气接待兴业证券调研	"12月31日发布消息，12月16日，公司接待兴业证券调研，接待人员董事会办公室副总经理 张松涛，证券事务代表 华翔，接待地点公司402会议室。

调研主要内容

主要对公司生产经营情况和业务发展战略情况进行交流。 此外，对投资者关心的其他热点问题进行了沟通。 1、今年前三季度气量情况? 答:今年前三季度销气量26.12亿方，同比增长2.79%，其中，居民用气保持增长、工业用气与去年同期相当，商业用气保持增长，CNG用气出现下滑。 2、…

点击查看PDF原文

机构调研回测

除当日外，重庆燃气近一年共接待25家机构28次调研，历史回测情况如下表所示：

近一年机构调研回测

公告日期	接待机构数	绝对收益率（%）	超额收益率（%）
次日	5日	10日	次日	5日	10日
2024-12-05	16	0.95	1.74	-3.80	-0.36	-0.98	-4.41
2024-09-18	1	1.73	5.77	12.12	0.94	-1.50	-12.64
2024-07-31	3	-0.89	-1.25	-1.25	-0.23	1.68	2.61
2024-03-13	2	0.00	2.66	-0.66	0.28	2.29	1.28
2024-01-23	6	2.39	4.27	-6.48	0.99	3.86	-8.95
数据来源：Choice数据
注：1. 本文超额收益率的计算选取市场调整模型，以沪深300指数作为基准指数，超额收益率=实际收益率-基准收益率；2. “近一年”指截至最新公告日的近一年。

市场机构调研

12月31日，迈瑞医疗、德邦科技、众辰科技、肇民科技、山西高速、北特科技等公司相继发布机构调研公告，具体情况如下表：

A股公司机构调研一览

证券代码	证券名称	接待机构数	接待方式	最新调研日期
300760	迈瑞医疗	353	特定对象调研,新闻发布会,现场参观,路演活动,电话会议,券商策略会等	2024-10-31
688035	德邦科技	27	特定对象调研,电话会议	2024-12-29
603275	众辰科技	15	特定对象调研,现场参观,电话会议	2024-12-02
301000	肇民科技	6	特定对象调研	2024-12-19
000755	山西高速	4	其他	2024-12-27
603009	北特科技	3	特定对象调研,机构策略会,现场会议	2024-12-24
数据来源：Choice数据
免责声明：本文基于AI生产，仅供参考，不构成任何投资建议，据此操作风险自担。"	
燃气	https://finance.eastmoney.com/a/202412303282733115.html	蓝天燃气拟参与设立并购基金 投资燃气行业及相关上下游产业	"上证报中国证券网讯 12月28日，蓝天燃气披露关于参与设立并购基金暨关联交易的公告。本着资源共享、优势互补、合作共赢的原则，共同助力河南省打造天然气全省一张网和城镇管道燃气“一城一企”整合工作，推动各方进一步发展。

　　河南蓝天燃气股份有限公司（以下简称“公司”）拟与河南汇融资产私募基金管理有限公司（以下简称“基金公司”）及河南燃气集团有限公司（以下简称“燃气集团”）共同成立河南汇融燃气并购产业投资基金合伙企业（有限合伙）（暂定，以工商行政管理部门最终核定名称为准，以下简称“并购基金”）。

　　2024年8月1日，河南省天然气管网有限公司（以下简称“河南管网”）与公司控股股东河南蓝天集团股份有限公司签署《股份转让协议》，河南管网受让34,641,816股股份，占当时总股本的5%，为公司持股5%股东。鉴于基金公司、燃气集团、河南管网均受河南投资集团有限公司控制，基金公司与燃气集团为河南管网一致行动人。按照《上海证券交易所股票上市规则》，本次公司与基金公司、燃气集团共同设立并购基金构成关联交易，但不构成重大资产重组。截止本公告披露日，在过去12个月内，公司未与燃气集团、基金公司发生关联交易。

　　各合伙人本着资源共享、优势互补、合作共赢的原则，共同助力河南省打造天然气全省一张网和城镇管道燃气“一城一企”整合工作，推动各方进一步发展，共同成立并购基金。并购基金主要投资于燃气行业及相关上下游产业，项目类型以城镇燃气行业为主，包括经营良好或具有盈利能力的燃气管道、储气设施、LNG接收站/加注站等其他城燃上下游的非上市企业（包括未上市企业的股权或上市企业非公开发行的股票或类似权益），从而实现有限合伙的资本增值。

　　2024年12月27日，公司第六届董事会第八次会议审议通过了《关于参与设立并购基金暨关联交易的议案》，尚需提交股东大会审议。（王磊）"	
燃气	https://finance.eastmoney.com/a/202412313284064382.html	长春燃气(600333)龙虎榜数据(12-31)	"沪深交易所2024年12月31日公布的交易公开信息显示，长春燃气因成为当日涨幅偏离值达7%的证券而登上龙虎榜。
K
线图
特色数据
资金流向
公告
个股日历
核心题材
K图 600333_0

最新价：5.57

涨跌额：0.51

涨跌幅：10.08%

成交量：25.1万手

成交额：1.37亿

换手率：4.12%

市盈率：-31.04

总市值：33.9亿

查询该股行情  实时资金流向  深度数据揭秘  进入长春燃气吧  长春燃气资金流相关股票
凯添燃气(8.81 14.27%)首华燃气(9.84 10.07%)贵州燃气(7.8 10.01%)天壕能源(5.79 6.43%)
相关板块
燃气(2.49%)天然气(-0.12%)油气设服(-0.19%)东北振兴(-1.53%)

　　在东方财富看资讯行情，选东方财富证券一站式开户交易>>

沪深交易所2024年12月31日公布的交易公开信息显示，长春燃气因成为当日涨幅偏离值达7%的证券上榜。长春燃气当日收报5.57元，涨跌幅10.08%，偏离值11.71%，换手率4.12%，成交额1.37亿元。

上榜原因：当日涨幅偏离值达7%的证券

买入金额最大的前5名营业部
营业部名称	买入额(万)	卖出额(万)	净额(万)
1	中泰证券
常州惠国路营业部	892.54	-	-
2	国泰君安证券
总部	666.21	-	-
3	开源证券
云南分公司	471	-	-
4	开源证券
西安曲江新区分公司	468.99	-	-
5	长江证券
上海东明路营业部	445.17	-	-
合计	-	2943.91	-	-
卖出金额最大的前5名营业部
1	国泰君安证券
总部	-	266.47	-
2	东方财富证券
拉萨团结路第一营业部	-	139.12	-
3	中信证券
吉林省分公司	-	132.01	-
4	东北证券
长春东盛大街营业部	-	115.71	-
5	德邦证券
深圳分公司	-	111.4	-
合计	-	-	764.71	"	
燃气	https://finance.eastmoney.com/a/202412313283636113.html	油气开采服务板块开盘拉升，首华燃气涨超6%	每经AI快讯，油气开采服务板块开盘拉升，首华燃气涨超6%，科力股份、仁智股份、潜能恒信、贝肯能源等均涨超2%。	
燃气	https://finance.eastmoney.com/a/202412313283645042.html	天然气板块盘初冲高，凯添燃气涨超9%	12月31日上午，天然气板块盘初冲高，凯添燃气涨超9%，赫美集团、首华燃气涨超5%，长春燃气、贵州燃气跟涨。	
燃气	https://finance.eastmoney.com/a/202412313284095790.html	2024年A股收官日指数收跌，燃气、培育钻石股逆市走强	"2024年最后一个交易日三大指数集体收跌。截至收盘，沪指跌1.63%，年内累涨12.67%;深成指跌2.4%，年内累涨9.34%;创业板指跌2.93%，年内累涨13.23%;北证50指数跌0.8%，年内累跌4.14%。全市场成交额13586亿元，较上日放量701亿元。全市场超4600只个股下跌。

　　板块题材上，燃气、白酒、煤炭、旅游酒店、食品加工板块涨幅居前;铜缆高速连接、芯片、证券、CPO、AI应用概念股跌幅居前。

图片
　　盘面上，热门TMT题材今日集体调整，铜缆高速连接概念股跌幅居前，鑫科材料(600255)、得润电子(002055)、露笑科技(002617)触及跌停，显盈科技(301067)、创益通(300991)跌超10%;半导体芯片板块亦表现落后，盈方微(000670)触及跌停，灿芯股份、成都华微、恒烁股份、大港股份(002077)集体下跌。

　　红利股一度走强，中国移动(600941)、农业银行（601288）等盘中创历史新高。

　　燃气、培育钻石概念股今日逆市走强，长春燃气(600333)、贵州燃气(600903)、恒盛能源(605580)涨停，惠丰钻石、力量钻石(301071)、黄河旋风(600172)涨幅居前。消息面上，当地时间30日，纽约商品交易所NYMEX 2月交割的天然气期货跳空高开，盘中一度暴涨超20%，创近三年最大涨幅。新一轮极寒天气将袭击美国东海岸，加剧了供需压力。与此同时，随着乌克兰中止向欧洲输送管道俄罗斯天然气，美国液化天然气正在填补该地区供应空白。此外，黄河旋风、华晶(上海)珠宝有限公司近日宣布旗下培育钻石涨价，黄河旋风旗下产品综合涨价幅度在10%左右，华晶(上海)珠宝有限公司涨幅在10%。

　　中信证券表示，近期国家加强对人造金刚石相关产品和技术的出口限制，凸显其战略属性，从基本面角度看，培育钻石的市场在逐步扩大且应用场景不断拓展，其中在芯片衬底、热沉、电子封装、光学窗口等领域的应用潜力有望带给行业新的活力，看好远期需求。

　　招商证券研报指出，2025年随着新一轮宽货币+宽财政“组合拳”的推进，在低基数和盈利周期的作用下，预计A股盈利震荡修复，2024年年底及2025年A股盈利有望边际改善。盈利增速相对较高的板块预计主要集中在消费服务、信息技术、中游制造等领域。行业层面，关注科技创新、扩大内需、供给侧改革三条线索，重点关注电子、传媒、国防军工、家电、机械设备等行业。

　　消息面

　　央行将开展第二次证券、基金、保险公司互换便利操作

　　为支持资本市场健康稳定发展，中国人民银行将于近期开展第二次证券、基金、保险公司互换便利操作，互换期限1年，可视情展期，面向符合条件的证券、基金、保险公司开展操作，互换费率由参与机构招投标确定。即日起接受机构申报。

　　中国证监会扩大互换便利参与机构范围

　　中国证监会商中国人民银行在首批20家参与机构基础上，根据分类评价、合规风控等条件增选了20家参与机构，形成40家备选机构池。每批次操作时，根据意向参与规模筛选出20家左右的机构参与人民银行招标操作。目前，第二次互换便利操作的各项准备工作就绪，今天开始操作。中国证监会要求相关机构充分发挥专业投资能力，加强合规风控管理，有效发挥稳市货币政策工具功能，加强和改善市场预期管理，促进资本市场稳定健康发展。

　　央行开展1577亿元7天期逆回购操作

　　央行公告，为保持银行体系流动性充裕，2024年12月31日，人民银行以固定利率、数量招标方式开展了1577亿元逆回购操作，期限为7天，操作利率为1.50%。

　　12月制造业PMI为50.1%，比上月下降

　　12月份，制造业采购经理指数(PMI)为50.1%，比上月下降0.2个百分点，制造业继续保持扩张;12月份，非制造业商务活动指数为52.2%，比上月上升2.2个百分点，非制造业景气水平明显回升。

　　国家数据局：将打造一批数据驱动的新应用、新模式

　　12月31日，国家数据局在京举办关于推动数据产业高质量发展和促进企业数据资源开发利用专题新闻发布会。国家数据局党组成员、副局长陈荣辉表示，当前，我国数据要素“供给-流通-应用”的市场化循环体系仍不畅通。可信数据空间是基于共识规则、联接多方主体，实现数据资源共享共用、数据要素价值共创的应用生态，是从数据要素角度探索数据规模化流通利用的中国方案，将助力构建繁荣活跃的全国一体化数据市场。陈荣辉表示，将打造一批数据驱动的新应用、新模式。数据的价值体现在“开发利用”;将促进更大规模数据供给和更广范围的数据流通。数据要素合规高效安全流通，是数据资源开发利用的重要前提。最后，将支撑数据产业生态繁荣发展。

　　《北京市自动驾驶汽车条例》将于明年4月施行

　　北京市十六届人大常委会第十四次会议表决通过《北京市自动驾驶汽车条例》，条例将自2025年4月1日起施行。《条例》共7章48条，明确自动驾驶工作的总体要求;明确鼓励支持自动驾驶汽车技术创新和产业发展的政策措施;从鼓励多种技术路线融合发展的角度对基础设施建设作出规定;对自动驾驶创新应用活动进行了全环节规范，实行包容审慎监管;明确了自动驾驶汽车安全保障的相关要求，以更好平衡促进产业发展与保障首都安全的关系。

　　上海推动建设生育友好型社会

　　上海市人民政府办公厅印发《上海市加快完善生育支持政策体系推动建设生育友好型社会的若干措施》的通知。其中提到，强化生育保险保障。加强生育保险对参保女职工生育医疗费用、生育生活津贴等保障作用，落实相关待遇保障。落实参加我市居民基本医疗保险的未就业人员生育医疗费用待遇保障。研究将参加职工基本医疗保险的灵活就业人员纳入生育保险。加大经济支持力度。结合我市经济社会发展和财政收支情况，建立生育补贴制度。建立合理的成本共担机制，对符合一定条件的用人单位，其女职工产假及生育假期间单位缴纳的社会保险费，可按照50%比例申请补贴。落实3岁以下婴幼儿照护、子女教育个人所得税专项附加扣除政策。

　　韩国法院批准尹锡悦逮捕令

　　韩国法院当天以涉嫌内乱为由，批准了对尹锡悦的逮捕令。据悉，这是韩国宪政史上首次针对现任总统发布逮捕令。30日，由韩国高级公职人员犯罪调查处、警方和国防部调查本部组成的“共同调查本部”向首尔西部地方法院提请拘留总统尹锡悦。"	
燃气	https://finance.eastmoney.com/a/202412293281940282.html	中国燃气获OGMP会员黄金标准	"中证网讯（记者王辉）近日，中国燃气成功通过Oiland Gas Methane Partnership（简称OGMP）的评估，荣获OGMP会员黄金标准，并与壳牌、BP、埃克森美孚等全球六十多家知名油气企业同列甲烷排放管理水平世界领先阵营，这是中国燃气继2023年之后第二次获得这一减排标准。

　　OGMP成立于2014年，隶属于联合国环境规划署，中文名称是“石油天然气甲烷伙伴关系”。OGMP作为国际环境保护组织和气候及清洁空气联盟，一直专注于推动全球甲烷减排事业，是全球多方利益相关者在甲烷管控议题上的核心倡议力量。

　　中国燃气作为国内能源行业的领军者，早在2021年6月就率先加入了OGMP，成为中国首家迈入这一国际组织的油气企业，目前也是国内唯一保持黄金会员标准的企业。自加入以来，中国燃气始终将甲烷控排作为企业发展的重要使命，全力推动油气行业甲烷排放核算方法、标准与报告规则的建立与完善，郑重承诺并切实执行中国燃气甲烷控排目标，有条不紊开展各类燃气燃气：BK1028 1537.31 2.49% +自选设备设施实测工作。目前，中国燃气已在甲烷排放因子测量和数据处理领域打造出一支专业的甲烷减排工程师队伍，深度赋能甲烷减排相关的测量、数据分析和管理工作，为未来甲烷碳交易的技术保障先行探路。"	
燃气	https://finance.eastmoney.com/a/202412303282031210.html	国金证券：随着中国燃气轮机的国产化持续推进，燃气轮机产业链头部公司有望充分受益	每经AI快讯，国金证券表示，受益全球AI数据中心迅速扩张，燃气轮机行业需求提升，2023年以来国内外主要燃气轮机整机或零部件厂商订单/收入高速增长。此外，全球燃气轮机主要为三菱重工、西门子、GE等海外龙头垄断，中国燃机企业份额提升空间较大，中国过去十余年以来燃气发电量占总发电量的比例稳步提升，未来随着中国燃气轮机的国产化持续推进，燃气轮机产业链头部公司有望充分受益。	
燃气	https://finance.eastmoney.com/a/202412313284093683.html	成都燃气副总经理人事变动 曾涛等三人上任	"成都燃气（603053）发布关于变更公司副总经理的公告。公告中提到，青倩、陈季和罗庆因工作调整，已提交辞职报告，辞去职工代表董事及副总经理职务。辞职后，他们将不再担任公司任何职务，辞职报告自送达董事会之日起生效。

　　同时，董事会于2024年12月31日审议通过了聘任曾涛、刘军和郭诚为新副总经理的议案，任期至第三届董事会任期届满。这三位新任副总经理均具备相关专业知识和管理能力，符合相关法律法规的任职资格。

　　2024年前三季度，成都燃气实现收入38.07亿元，归母净利润4.20亿元。"	
燃气	https://finance.eastmoney.com/a/202412303282033923.html	南财研选快讯丨国金证券：未来随着中国燃气轮机的国产化持续推进，燃气轮机产业链头部公司有望充分受益	南方财经12月30日电，国金证券表示，受益全球AI数据中心迅速扩张，燃气轮机行业需求提升，2023年以来国内外主要燃气轮机整机或零部件厂商订单/收入高速增长。此外，全球燃气轮机主要为三菱重工、西门子、GE等公司垄断，中国燃机企业份额提升空间较大，中国过去十余年以来燃气发电量占总发电量的比例稳步提升，未来随着中国燃气轮机的国产化持续推进，燃气轮机产业链头部公司有望充分受益。	
燃气	https://finance.eastmoney.com/a/202412313283802226.html	创业板指下跌1.56% 两市超4000股飘绿 培育钻石、燃气板块走强	【午盘播报】沪指下跌0.59%，报3387.15点；深成指下跌1.26%，报10536.60点；创业板指下跌1.56%，报2171.88点，两市半日合计成交7947亿。盘面上，培育钻石、燃气、商业百货、免税概念、酿酒行业走强，铜缆高速连接、人脑工程、存储芯片、华为海思等表现不佳。两市上涨个股有988家，下跌个股有4072家，50只股涨停。	
燃气	https://finance.eastmoney.com/a/202412293281936469.html	中国巨石终止3.51亿元燃气站项目	"财中社12月29日电中国巨石（600176）发布关于终止巨石集团有限公司桐乡生产基地燃气站及配套管线项目的公告。公司决定终止该项目的建设，原因在于整体投资规划的调整。该项目的总投资为3.51亿元，虽然已获得审批同意，但尚未进行实质性建设。

　　公司在2022年曾计划实施该项目，以满足桐乡基地及未来新生产基地的燃气使用需求，提升作业的稳定性和连续性。然而，随着资源要素保障能力等因素的变化，公司决定在江苏省淮安市涟水县投资建设零碳智能制造基地，并将未来的产能规划布局在其他地区。终止该项目的决策综合考虑了宏观环境和投资规划，对公司及股东利益不会造成重大影响。

　　2024年前三季度，中国巨石实现收入116.32亿元，归母净利润15.33亿元。"	
燃气	https://finance.eastmoney.com/a/202412303283038638.html	水发燃气：2024年第三次临时股东大会决议公告	证券日报网讯 12月30日晚间，水发燃气发布公告称，公司2024年第三次临时股东大会审议通过了《关于公司控股股东避免同业竞争承诺延期履行的议案》等。	
燃气	https://finance.eastmoney.com/a/202412313284090514.html	成都燃气董事会非独立董事变更，邵晓峰补选入任	"财中社12月31日电成都燃气（603053）发布关于公司变更第三届董事会非独立董事的公告。根据相关法律法规及公司章程，公司于2024年12月31日召开董事会，审议通过了补选邵晓峰为第三届董事会非独立董事候选人的议案，任期自股东大会审议通过之日起至董事会任期届满。刘军不再担任公司董事及战略委员会委员职务。

　　邵晓峰拥有大学本科学历，现任成都城建投资管理集团有限责任公司投资发展部副部长，曾担任多项管理职务。此次变更旨在优化董事会结构，提升公司治理水平。

　　2024年前三季度，成都燃气实现收入38.07亿元，归母净利润4.20亿元。"	
燃气	https://finance.eastmoney.com/a/202412273281320786.html	蓝天燃气、河南燃气集团等拟联合设立10亿元并购基金	"12月27日，蓝天燃气公告，拟与河南汇融资产私募基金管理有限公司及河南燃气集团共同成立河南汇融燃气并购产业投资基金合伙企业（有限合伙）。

　　全体合伙人将以现金的方式，总认缴出资10亿元成立并购基金，其中汇融资产认缴出资200万元，为基金管理人，河南燃气集团认缴出资6.98亿元，蓝天燃气认缴出资3亿元。

　　并购基金主要投资于燃气行业及相关上下游产业，项目类型以城镇燃气行业为主，包括经营良好或具有盈利能力的燃气管道、储气设施、LNG接收站/加注站等其他城燃上下游的非上市企业（包括未上市企业的股权或上市企业非公开发行的股票或类似权益），从而实现有限合伙的资本增值。"	
燃气	https://finance.eastmoney.com/a/202412283281821191.html	北京燃气天津南港LNG应急储备项目全部投产	12月28日，记者自从天津经开区获悉，北京燃气天津南港LNG应急储备项目日前全部投产，项目投产后可实现应急储备能力10亿立方米，LNG年接卸能力500万吨，最大日气化外输能力6000万立方米。	
燃气	https://finance.eastmoney.com/a/202412313284055328.html	水发燃气：公司近些年在氢能业务领域发展态势积极，并就天然气掺氢输配应用环节进行攻关并积累了一些经验	"每经AI快讯，有投资者在投资者互动平台提问：未来公司是否会参与纯氢或掺氢管道建设。是否会生产销售天然气或氢气发电设备？与清华合作的项目现在进展如何？

　　水发燃气（603318.SH）12月31日在投资者互动平台表示，公司近些年在氢能业务领域发展态势积极，并就天然气掺氢输配应用环节进行攻关并积累了一些经验。全资子公司派思设备研发的首套天然气与氢气、一氧化碳混合介质调压站已投入使用；控股子公司通辽隆圣峰联合清华大学进行“中低压纯氢与掺氢燃气管路输送及其应用关键技术研发项目”正在开展中。此外， 公司全资子公司大连派思设备的业务范围包括以天然气发电为主的燃气设备制造，主要从事燃气发电相关的燃气输配和燃气应用领域相关产品的设计、生产、销售和服务，为天然气输配提供压力调节系统和天然气发电提供预处理系统。公司参股的胜利油田胜利动力机械集团拥有燃气发动机、发电机生产制造和销售业务"	
燃气	https://finance.eastmoney.com/a/202412273281755227.html	河南燃气集团获AA+主体信用评级	"【大河财立方消息】12月27日，经过国内权威信用评级机构联合资信严格评定，河南燃气集团有限公司成功获得“AA+”主体信用等级，评级展望为稳定。

　　此次“AA+”信用评级的获得，不仅彰显了资本市场和评级机构对河南燃气集团产业布局、资产质量、经营效益、信用能力、风险管理和发展潜力的肯定，更是对公司综合实力的有力证明。

　　当前，河南燃气集团正处于发展转型关键时期，获评“AA+”主体信用等级，将有助于公司拓宽融资渠道，扩大融资规模，降低融资成本，为公司未来发展注入强劲动力。

　　下一步，河南燃气集团将继续围绕省定战略，锚定提质增效，坚定信心，厚植动能，加速补链强链，开创转型发展新局面，奋力推动河南燃气集团向一流企业阔步前行，为全省燃气事业发展贡献更大力量。

　　公开信息显示，河南燃气集团成立于2023年10月26日，注册资本100亿元，河南投资集团持股100%，为河南燃气集团控股股东。"	
燃气	https://finance.eastmoney.com/a/202412263279995827.html	中国燃气二度登顶OGMP会员黄金标准	"近日，中国燃气控股有限公司(以下简称“中国燃气”)成功通过Oiland Gas Methane Partnership(以下简称“OGMP”)的严格评估，登顶OGMP会员黄金标准，与壳牌、BP、埃克森美孚等全球六十多家知名油气企业同列甲烷排放管理水平世界领先阵营，这是中国燃气继2023年首度斩获这一荣誉之后的又一高光时刻。


　　OGMP成立于2014年，隶属于联合国环境规划署，中文名称是“石油天然气甲烷伙伴关系”。OGMP作为国际环境保护组织和气候及清洁空气联盟，一直专注于推动全球甲烷减排事业，是全球多方利益相关者在甲烷管控议题上的核心倡议力量。

　　近年来，随着极端气候事件的频繁发生，全球应对气候变化的任务迫在眉睫，甲烷管控已然成为关键突破口。过去一年间，全球范围内掀起了甲烷控排行动的热潮，中美欧日韩等国家和地区纷纷发力，众多大型油气公司也积极投身其中。中国更是展现出大国担当，重磅发布《甲烷排放控制行动方案》，在全球气候治理尤其是甲烷行动领域发挥着举足轻重的作用。

　　中国燃气作为国内能源行业的领军者，早在2021年6月便率先加入OGMP，成为中国首家迈入这一国际组织的油气企业，并且持续领跑，目前也是国内唯一保持黄金会员标准的企业。自加入以来，中国燃气始终将甲烷控排作为企业发展的重要使命，全力推动油气行业甲烷排放核算方法、标准与报告规则的建立与完善，郑重承诺并切实执行中国燃气甲烷控排目标，有条不紊地开展各类燃气设备设施实测工作，凭借过硬的实力于2023年、2024年连续两年顺利通过OGMP2.0会员黄金标准评估。

　　自加入OGMP以来，中国燃气紧紧依托OGMP成员单位所带来的前沿技术资源和中国油气企业甲烷控排联盟的技术支撑，紧密开展成员间交流与合作，持续推动核算方法的优化和核算标准的建设;另一方面，积极探寻与高校研究机构的合作契机，大力提升测量方法和数据处理能力。历经3年悉心培育，中国燃气在甲烷排放因子测量和数据处理领域打造出一支专业的甲烷减排工程师队伍，深度赋能甲烷减排相关的测量、数据分析和管理工作，为未来甲烷碳交易的技术保障先行探路。

　　特别是近两年，中国燃气围绕甲烷控排核心议题深度发力，依据过往经验精心布局，深入探索构建并完善甲烷监测、报告和核查(MRV)体系的策略与路径，参与温室气体排放核算标准的编制工作，为甲烷控排的持续推进注入源源不断的动力。



　　2023年11月，《2023财年中燃集团OGMP甲烷排放检测实施方案》正式获批。按照方案规划及OGMP要求，从2023年12月至2024年4月，中国燃气集结3家专业检测单位，精选下属25家公司全面铺开各类场站、管线L4/L5级的精细检测作业，检测项目规划充分考量项目类型、运行年限、规模、管材、地域分布等诸多因素，确保无一遗漏地覆盖所有项目类型。今年5月份，各单位顺利完成检测结果汇报与验收，在已有成果基础上更进一步更新了中国燃气各类燃气场站、管线及设施的甲烷排放检测因子库，这也是国内油气企业创建的首个生产环节甲烷碳排放因子库，为行业发展立下标杆。


　　2024年，按照OGMP编制相关报告要求，中国燃气还主动向国家生态环境部应对气候变化司征求对外提报甲烷排放数据的准许意见，并在8月份编制完成《中国燃气控股有限公司甲烷减排目标制定及实测实施计划》及中下游甲烷排放数据的提报，获得OGMP深度认可。

　　据悉，未来，中国燃气将以OGMP为坚实平台，持续深化国际对话、合作与行动，积极投身围绕MRV和甲烷减排的国际(国内)标准制定工作，通过不懈的技术创新，探寻契合中国燃气发展的经济可行方案。(邹易)"	
燃气	https://finance.eastmoney.com/a/202412273281394310.html	蓝天燃气拟出资3亿元 参与设立并购基金	"12月27日晚，蓝天燃气(605368)公告，拟与河南汇融资产私募基金管理有限公司（下称“基金公司”）及河南燃气集团有限公司（下称“燃气集团”）共同成立河南汇融燃气并购产业投资基金合伙企业（有限合伙）（下称“并购基金”），计划总认缴出资10亿元，其中公司认缴出资3亿元，占比30%。

　　据公告，基金公司与燃气集团均受河南投资集团有限公司控制，构成关联交易，但不涉及重大资产重组。过去12个月内，蓝天燃气未与燃气集团及基金公司发生关联交易。

　　蓝天燃气称，此次投资旨在推动河南省天然气网络建设及城镇管道燃气整合，促进各方发展。本次投资将以自有资金进行，不会对公司的日常经营和财务状况产生重大不利影响，且预计将为公司带来积极的财务和经营成果。

　　蓝天燃气表示，并购基金主要投资于燃气行业及相关上下游产业，项目类型以城镇燃气行业为主，包括经营良好或具有盈利能力的燃气管道、储气设施、LNG接收站/加注站等其他城燃上下游的非上市企业（包括未上市企业的股权或上市企业非公开发行的股票或类似权益），从而实现有限合伙的资本增值。

　　目前，蓝天燃气主要从事河南省内的管道天然气业务、城市燃气等业务，为河南省天然气支干线管网覆盖范围较广、输气规模较大的综合性燃气企业。财务数据显示，前三季度公司实现营业收入35.81亿元，同比增长0.88%；净利润4.52亿元，同比下降9.68%。

　　近年来，我国天然气需求稳步增长，据相关测算，预计2024年天然气消费量4200亿―4250亿立方米，同比增长6.5%―7.7%;天然气产量2460亿立方米，增产持续超过100亿立方米，LNG进口维持增长态势。

　　中金研报认为，中国上游天然气批发价格趋稳，行业竞争格局有望进一步改善，预计2025年中国天然气表观消费量增速约6.2%。同时，下游市场化改革深化，行业安全监管趋严的趋势不会改变，政府或将继续推进城镇管道燃气规模化整合，改善行业竞争格局。"	
燃气	https://finance.eastmoney.com/a/202412273281301146.html	蓝天燃气拟出资3亿元参与设立并购基金	"财中社12月27日电蓝天燃气（605368）发布关于参与设立并购基金暨关联交易的公告。公司拟与基金公司及燃气集团共同成立河南汇融燃气并购产业投资基金，计划总认缴出资10亿元，其中公司认缴出资3亿元，占比30%。此次投资旨在推动河南省天然气网络建设及城镇管道燃气整合，促进各方发展。

　　公告指出，基金公司与燃气集团均受河南投资集团有限公司控制，构成关联交易，但不涉及重大资产重组。过去12个月内，公司未与燃气集团及基金公司发生关联交易。本次投资将以自有资金进行，不会对公司的日常经营和财务状况产生重大不利影响，且预计将为公司带来积极的财务和经营成果。

　　2024年前三季度，蓝天燃气实现收入35.81亿元，归母净利润4.52亿元。"	
燃气	https://finance.eastmoney.com/a/202412253279074867.html	蓝天燃气：董事辞职	证券日报网讯 12月25日晚间，蓝天燃气发布公告称，公司董事会于2024年12月25日收到董事杨帆先生的书面辞职报告。杨帆先生因个人原因辞去公司董事职务，并相应辞去公司董事会提名委员会委员职务，辞去董事及相关职务后继续担任公司副总经理职务。根据《公司法》《公司章程》的有关规定，杨帆先生的辞职报告自送达公司董事会之日起生效，公司董事会成员未低于法定最低人数，不影响公司董事会的正常运作。公司将尽快按照法定程序补选董事。	
燃气	https://finance.eastmoney.com/a/202412273281472331.html	德龙汇能转让盛能燃气21%股权 回购金额5700万元	"财中社12月27日电德龙汇能（000593）发布关于转让曲靖市马龙区盛能燃气有限公司部分股权的公告。公司于2023年3月29日收购了盛能燃气70%的股权，交易金额为1.7亿元。根据原协议，若盛能燃气在2024年度的净利润低于1500万元，公司有权要求原股东回购持有的股权。由于市场需求不足和气源成本上涨，盛能燃气2024年度净利润预计将无法达标，触发了回购约定。

　　为维护公司权益，经过协商，公司与原股东高戈签订了股权转让协议，高戈将以5700万元回购公司持有的21%股权。此次交易后，盛能燃气的股权结构将调整为公司持有49%股权，高戈持有51%股权。此交易不构成关联交易或重大资产重组，且交易的回购价格依据原协议约定，包含了公司收购款本金及年化7%的利息。通过此次股权回购，公司旨在增加现金流入，优化资产结构。

　　2024年前三季度，德龙汇能实现收入12.79亿元，归母净利润4234万元。"	
燃气	https://finance.eastmoney.com/a/202412273281330814.html	大宗交易：机构账户买入贵州燃气201.5万元（12-27）	2024年12月27日，贵州燃气发生了1笔大宗交易，总成交31万股，成交金额201.5万元，成交价6.50元，为机构账户买入。当日收盘报价7.17元，涨幅1.41%，成交金额5457.59万元；大宗交易成交金额占当日成交金额3.69%，折价9.34%。	
燃气	https://finance.eastmoney.com/a/202412263279959795.html	陕西眉县：一居民住户疑似发生燃气闪爆 3人受伤	【陕西眉县：一居民住户疑似发生燃气闪爆 3人受伤】陕西眉县应急管理局发布情况通报：2024年12月26日7时，眉县凯旋城小区一居民住户疑似发生燃气闪爆，经核查造成3人受轻伤，无人员死亡。事故具体原因正在进一步调查中。	
燃气	https://finance.eastmoney.com/a/202412313283903447.html	端稳能源“饭碗”、保障国家油气能源安全！油气资源ETF(563150)逆势上涨，实时涨幅达到0.62%，首华燃气、石化机械、蓝焰控股等领涨	"2024年12月31日，年末市场震荡，油气资源表现亮眼。盘面上，首华燃气领涨12.3%，石化机械、蓝焰控股等跟涨。油气资源ETF（563150）市场热度较高，表现突出，值得重点关注。

　　近年来，以页岩油气为代表的非常规油气资源逐渐发展成为我国油气资源“增储上产”的主要支撑，是端稳能源“饭碗”、保障国家油气能源安全的战略接替资源。2023 年，国内页岩气产量为 250 亿立方米，仅为美国的 3%，中国页岩气可采储量超过 30 万亿立方米，居世界第一。国内页岩气开采未来有望保持较快增速，前景广阔。

　　油气资源ETF（563150）跟踪油气资源指数，指数从沪深市场中选取业务涉及石油与天然气的开采、服务与设备制造、炼制加工、运输及销售领域的上市公司证券作为指数样本，以反映油气行业上市公司证券的整体表现。当前时点具备较高投资价值。"	
燃气	https://finance.eastmoney.com/a/202412253278867236.html	蓝天燃气：杨帆辞去公司董事职务	"蓝天燃气（SH 605368，收盘价：11.28元）12月25日晚间发布公告称，公司董事会于2024年12月25日收到公司董事杨帆先生的书面辞职报告。杨帆先生因个人原因向董事会申请辞去公司董事职务，并相应辞去公司董事会提名委员会委员职务。杨帆先生辞去董事及相关职务后继续担任公司副总经理职务。

　　2024年1至6月份，蓝天燃气的营业收入构成为：管道天然气销售占比45.12%，城市天然气销售占比38.22%，燃气安装工程占比14.06%，其他占比1.98%，代输天然气占比0.48%。

　　截至发稿，蓝天燃气市值为80亿元。"	
燃气	https://finance.eastmoney.com/a/202412253278744590.html	全国住房城乡建设工作会议：要持续做好城镇燃气安全专项整治、城市燃气管道安全专项治理	证券时报网讯，据中国建设报，12月24日至25日，全国住房城乡建设工作会议在北京召开。会议指出，要举全部和全行业之力，共同把“十五五”规划编制好。要切实强化历史文化保护传承，推动出台全国城乡历史文化保护传承体系规划纲要。要系统性防范化解安全风险隐患，纵深推进住房城乡建设系统安全生产治本攻坚三年行动，持续做好城镇燃气安全专项整治、城市燃气管道安全专项治理，坚决守住不发生重特大事故的底线。要深度融入对外开放大格局，高质量举办世界城市日中国主场活动，推动举办首届中国―中亚建设部长会议，建立政府间协调机制，更好服务建筑企业“走出去”。	
