珠宝首饰	https://finance.eastmoney.com/a/202412183271924764.html	迪阿股份：公司产品目前暂未涉及婴幼儿童相关的珠宝首饰产品	"每经AI快讯，有投资者在投资者互动平台提问：董秘您好，请问公司有没有开发婴幼儿童相关的珠宝首饰产品？烦请详细介绍一下。

　　迪阿股份（301177.SZ）12月18日在投资者互动平台表示，公司产品目前暂未涉及婴幼儿童相关的珠宝首饰产品。公司会始终坚持以用户为中心，不断探索用户需求，持续研发优化产品，为用户提供更好的产品和服务体验。"
珠宝首饰	https://finance.eastmoney.com/a/202412103264158568.html	摩根士丹利：珠宝首饰传统销售旺季来临 看好周大福	证券时报网讯，摩根士丹利维持周大福“与大市同步”评级，目标价设定为8.3港元。研究报告指出，预计周大福股价在接下来的30天内有70%至80%的概率跑赢大市，因中央政治局会议传达出强烈的刺激政策信号，对黄金珠宝消费产生积极影响。此外，报告提到每年12月至翌年2月为珠宝首饰的传统销售旺季，而周大福股价今年表现不及MSCI中国指数和恒指，未来中央政府的刺激措施、通胀及金价的稳定性将影响该公司的估值。
珠宝首饰	https://finance.eastmoney.com/a/202412093262989486.html	曼卡龙：公司主营业务为珠宝首饰零售连锁销售 不生产超硬材料	"每经AI快讯，有投资者在投资者互动平台提问：董秘，公司超硬材料是否受到出口管制

　　曼卡龙（300945.SZ）12月9日在投资者互动平台表示，公司主营业务为珠宝首饰零售连锁销售，不生产超硬材料"
珠宝首饰	https://finance.eastmoney.com/a/202412053260217343.html	前三季度中国珠宝首饰进出口额达1132.66亿美元	"中新社广西梧州12月5日电 中国珠宝玉石首饰行业协会副会长、秘书长毕立君5日在广西梧州表示，2024年以来，国际贸易关系遭受严峻挑战，但中国珠宝首饰产品的进出口依然保持较高韧性。前三季度中国珠宝首饰进出口额达1132.66亿美元，同比增长2.37%，其中出口额同比增长11.03%，为行业注入持续向好的信心与动力。  

　　当天，第21届梧州宝石节在“世界人工宝石之都”梧州市开幕。毕立君出席开幕式并致辞。

　　毕立君介绍说，近年来，中国珠宝玉石首饰产业市场规模稳步增长。从2019年的5800亿元(人民币，下同)增长至2023年的8200亿元，年均复合增长率达7.68%。其中，人工宝石品类实现良好的发展态势。在进出口方面，2019年至2023年，中国珠宝首饰产品出口总额年均复合增长率为11.28%，其中人工宝石更是以24.1%的年均复合增长率成为亮点。

　　“梧州作为‘世界人工宝石之都’，经过四十多年发展，凭借卓越的工艺水平和高效的生产能力，已成为世界人工宝石加工和销售中心。”毕立君表示，在过去的几年中，梧州不断推动宝石产业集群化发展，加快技术创新，积极开拓国际市场，进一步提升其在国内外珠宝产业中的影响力。如今，梧州已发展成为集研发、生产、加工、销售于一体的重要珠宝产业基地。

　　毕立君表示，近年来，全球珠宝产业加速向数字化、智能化、绿色化转型。科技正以空前的速度和深度渗透到宝石的设计、加工、检测和销售等环节，推动着整个行业迈向更高质量的发展轨道。(完)"
珠宝首饰	https://finance.eastmoney.com/a/202412303281998171.html	佛山“黄金岸”迎来珠宝产业盛事	"广州日报讯（全媒体记者王名润）一连三日，被誉为“佛山黄金岸”的顺德伦教迎来珠宝产业盛事。12月27日至29日，2024顺德珠宝时尚文化节在佛山市顺德区伦教街道举行，一场集珠宝展示、文化交流、时尚发布、美食体验与产业合作于一体的综合盛会精彩绽放。

　　活动通过四大黄金珠宝展馆，汇聚百家头部品牌，以优质珠宝展销、湾区珠宝文化交流、黄金智造展示共塑珠宝美学新价值；以五大时尚配套，跨界融合湾区时尚元素；通过顺德时尚产业联盟成立、北京国际电影节星瀚影像计划（微短剧单元）落户顺德合作备忘录签约，推动时尚、影视等元素与文旅的深度融合，全方位、多维度展示顺德培育新质生产力和推动城市升级的生动实践。

　　活动现场，百家头部品牌汇聚，万款精美珠宝亮相。6000平方米的豪华展厅，佛山馆、深港馆、国翠馆和国际馆四大展馆，汇聚了周大福、周生生、保发、广东黄金、金雅福、周六福等“头部”品牌，金雅福更带来智能黄金ATM机，提供一站式智能黄金回收服务。

　　据悉，此次活动由中国珠宝玉石首饰行业协会和珠宝玉石首饰国检集团联合主办，由顺德区珠宝首饰商会、佛山金福盛投资发展有限公司承办，得到广州、深圳、佛山及港澳地区黄金珠宝首饰类商协会的大力支持。

　　高端珠宝盛事的举办、行业专家的齐集以及黄金珠宝服务平台的搭建，与佛山顺德黄金珠宝产业蓬勃发展态势息息相关。顺德是佛山规上珠宝企业聚集区，更是广东省黄金珠宝首饰加工产业集聚地之一，而顺德伦教被誉为“中国现代黄金珠宝产业原点”，荣膺“中国珠宝玉石首饰特色产业基地”“广东省珠宝首饰专业镇”荣誉称号，被佛山市委、市政府赋予打造“南有黄金岸”珠宝产业名片、建设“十大创新引领型特色制造业园区”等战略任务。近年来，顺德立足“科技强区”，全力培育新质生产力，推动黄金珠宝首饰产业与智能制造、数字经济深度融合，助力佛山打造千亿级产业集群。"
珠宝首饰	https://finance.eastmoney.com/a/202412313283899213.html	上海钻石交易所发布钻石投资潜力市场概览报告	"中证网讯（记者王辉）近日，上海钻石交易所发布钻石投资潜力市场概览报告，内容涵盖影响钻石投资潜力的主要因素，以及近年来钻石价值的变化和波动。报告认为，近年来全球奢侈品市场已全面复苏，在奢侈品市场中，个人奢华用品展现了最佳的增长势头，其中包括配有投资级钻石的高端珠宝首饰。

　　报告表示，传统意义上的投资级钻石是指重量、颜色、净度和切工质量均达到罕见等级的天然宝石。投资级钻石的价格能抵御市场波动、经济波动的影响。从长远来看，其价格往往会稳步增长。近几十年来，因现有储量枯竭、全球几乎完全没有发现大型矿藏，全球钻石年产量一直在持续下降，目前已从2004年至2008年的1.6亿克拉至1.8亿克拉水平下降至2024年的约1.10亿克拉。过去三年，全球钻石珠宝市场的规模一直保持在820亿美元至840亿美元之间。在2021年至2022年间，钻石产品价格曾大幅上涨约40%；但随后因印度切割行业库存高企，以及钻石市场板块营运资本融资成本的增长，钻石价格出现了阶段性回调。

　　报告称，根据专家预测，到2030年，包括高端钻石珠宝和投资级钻石在全球个人奢侈品市场预计将以每年平均5%至7%的速度增长。此外，随着中国国民财富的增长，市场消费结构预计将向包括高档钻石珠宝等方面倾斜。"
珠宝首饰	https://finance.eastmoney.com/a/202412313283332798.html	对话老凤祥股份有限公司总经理黄骅	"近日在第一财经的《总编时刻》节目中，老凤祥股份有限公司（600612.SH）总经理黄骅表示，虽然2024年是黄金价格变化波动非常大的一年，并对消费市场带来了较大影响。不过，“除了避险功能之外，黄金也一直是中国消费者喜好的珠宝品类，且目前中国的黄金人均消费只有欧美发达国家的1/3左右，所以从这个角度来看，我们对黄金市场的判断还是持续向好的。”

　　中国是世界黄金消费大国，老凤祥则是国内黄金珠宝首饰业的龙头。2023年，老凤祥营业收入为714.36亿元，同比上年增长13.41%，2021年以来年均复合增长率达到10.32%。当前，这一百年品牌正在基于消费人群、消费结构、消费趋势的变化，推动精品化、年轻化、国际化转型。今年6月，黄骅获评首批“上海时尚消费品产业领军人物”。

行业转向精品化、差异化

　　数据显示，2024年以来国际金价屡创新高，年内最高触及2790美元/盎司的高位，相对年初实现了超过30%的年涨幅。

　　世界黄金协会在其最新发布的《2025黄金市场展望报告》中表示，经历了近年来的强劲上涨后，2025年黄金市场的增长或将放缓，但仍然存在一定的上行空间。报告称，2025年黄金价格的潜在上涨因素包括，央行需求超过预期，以及金融环境的“急剧恶化”，这可能会引发投资者的避险情绪，从而推动金价上涨。

　　同时，亚洲市场仍然是全球黄金需求的核心区域，不包括央行在内的年度需求中超过60%来自亚洲。特别是在中国和印度，这两个国家仍然是全球最大的黄金消费市场。

　　金价的高位巨幅波动，带动了黄金投资，也影响了黄金首饰消费。根据中国黄金协会的统计数据：2024年前三季度，全国黄金消费量741.732吨，与2023年同期相比下降11.18%。其中：黄金首饰400.038吨，同比下降27.53%；金条及金币282.721吨，同比增长27.14%；工业及其他用金58.973吨，同比下降2.78%。

　　不过，在黄骅看来，虽然今年黄金珠宝市场有所调整，但从长期来看，中国的黄金珠宝市场还刚刚起来。考虑到其保值增值的功能，以及中国消费者生活水平的不断提升，消费者需要一些美化生活的产品作为生活中的亮点。“悦己也好，赠送也好，保值也好，黄金珠宝品类是能够达到这些诉求的一个很好的媒介。再加上投资属性，黄金的消费韧性会更强。”

　　但变化也在发生，行业正在由过去的注重规模型扩张，转向注重细分市场和差异化需求。“黄金珠宝的消费，正在不断趋于精品化，也不断趋于悦己和故事化。”黄骅说。

　　基于这一变化，老凤祥近年来细分产品类别，推出两大系列：一是藏宝金，一是凤祥喜事。

　　2022年9月，老凤祥推出“藏宝金”主题店。所谓“藏宝金”，源自国家级非物质文化遗产保护名录《金银细工》制作技艺，是老凤祥贵金属制品中典藏级、高端精品的总称。包括以《金银细工》技艺制作的老凤祥工艺品和以传统手工技艺为基础，结合运用现代新工艺精心制作的各类首饰、器皿、 掐丝珐琅制品、手编花丝等系列产品。

　　2023年，老凤祥又融合中国传统喜庆文化，总结提炼出婚嫁、添丁、金榜、晋升、 乔迁、庆生、团圆、吉庆等“人生八喜”，推出“凤祥喜事”――“老凤祥喜庆主题店”这一全新的消费场景和细分品牌形象，以年轻消费群体为主，兼容各个年龄段的不同喜庆消费需求，通过老凤祥首饰珠宝产品的精彩呈现，从喜庆情感、喜庆文化的角度，让喜庆消费在体现传统与时尚交融的同时，更具寓意和内涵。

让年轻人认识一个全新的老凤祥

　　根据上海市消费者权益保护委员会、第一财经、上海老凤祥有限公司联合调研的《2024年黄金珠宝首饰市场消费新洞察》，年轻一代消费者正在重新定义珠宝首饰的价值和意义。

　　世界黄金协会的一项调查也显示，18至34岁的年轻人贡献了超过三分之一的黄金首饰销售额。这些消费者通过社交媒体了解黄金首饰的款式、工艺和投资价值，被新颖设计和联名系列吸引。年轻人看重黄金首饰的美观性和保值性，偏好在线上渠道购买，关注金价变动和促销活动。年轻消费者对黄金首饰的兴趣反映了他们在经济不确定时期寻求兼具美感和投资价值的消费选择。

　　创始于1848年(清道光28年)的老凤祥，是中国珠宝首饰业传承至今历史悠久的世纪品牌,至今已有170多年的历史。位于南京东路432号的老凤祥银楼总店，也是中国罕见的原店原址超过110年的百年银楼、金字招牌。

　　现在，老凤祥这一176岁的老品牌，正在不断深化品牌年轻化战略，焕新品牌形象，以让年轻人认识一个全新的老凤祥。

　　7月26日，老凤祥与万代南梦宫联名推出国内首款《机动战士高达SEED》纯黄金系列藏品，并亮相当天China Joy（中国国际数码互动娱乐展览会）的万代南梦宫展台，成为本次展会的一大“金色”亮点，也成功带动老凤祥“破圈吸粉”。

　　其中，重磅推出的1公斤“自由高达”黄金立像采用999足金材质打造，全球限量10件，由老凤祥百分百还原“机动战士高达SEED”形象。同款还有100克规格造型，全球限量199件。

　　同期，老凤祥还推出了更为亲民的高达元素挂坠、腕饰等八款新品，均为此前市面所未见。

　　黄骅表示，老凤祥是一个百年企业，也是中华老字号企业，过往在消费者认知中往往以比较传统的形象出现，但与年轻消费群体的共鸣相对缺少。“在未来老凤祥的发展过程中，我们要争取年轻消费者，这是很重要的一个任务，也是企业持持续发展的根基。”

　　如何和年轻人做朋友，和年轻人产生共鸣，让产品得到年轻人的认可？老凤祥的一大战略是，联名。

　　除了高达，老凤祥还联名野兽派推出了五款足金车载香氛，联名米哈游的《崩坏：星穹铁道》推出了崩坏系列金卡与手串，与上海樱花节推出限定系列 “樱飞凤舞”时尚珐琅饰品。这些产品一经推出，就受到了追捧。

　　黄骅也表示，通过一系列联名，老凤祥争取到了部分年轻消费群体，也让这一部分年轻群体重新认识了老凤祥。

　　此外，基于对年轻消费群体需求和心态的深刻洞察，考虑到年轻消费者对个性表达与情绪价值的需要，老凤祥近年也重点加强了自主创新产品的设计开发和市场推广，一方面契合当前年轻人偏爱“国潮国风国韵”的特点，和东方文化深度结合，开发出一批蕴涵 “老凤祥”新特征、新元素的新产品。

　　另一方面，黄骅说，东方文化中还有祈福文化，老凤祥也有专门的公司来设计制作祈福文化产品，并且销量非常好。“通过我们的设计，用更好的产品去满足消费者的愿望，使得产品成为一个感情的载体、诉求的载体、彰显个性的载体。现在的年轻消费者很有个性，只要切准这个点，我们的产品就是好产品。”黄骅表示。

持续推进海外战略布局

　　12月15日，中国香港元朗YOHOMIXB127新开了一家颇具特色的老凤祥银楼创意店。这家店在传统文化的基础上，结合时尚潮流，为年轻消费者提供了一个崭新的购物体验。

　　8月3日，位于中国香港将军澳唐俊街9号PopCorn二期一楼 F77-78号铺的老凤祥银楼(中国香港) 将军澳藏宝金主题店正式营业，这也是2019年后老凤祥在中国香港地区的首家新店。

　　近年来，老凤祥聚焦主业、持续推动国内外市场拓展，不断提升市场覆盖面和占有率。其中，在境外布局方面，自2012年起，老凤祥就将中国香港视为桥头堡，目前已开设了十余家银楼门店，逐渐实现了“有华人的地方就有老凤祥”的战略目标。

　　数据显示，截至2023年末，老凤祥共计拥有营销网点5994家（含境外银楼15家），全年净增385家。其中自营银楼网点为187家（上海170家，国内其他省市3家；中国香港地区10家；境外其他地区4家）；连锁加盟店5807家，净增加392家。而到目前为止，老凤祥的营销网点已经超过6000家。

　　“目前来看，我们这一步走的还是非常对的，也比较前瞻。”黄骅表示，珠宝行业不少耳熟能详品牌包括周大福、卡地亚等，自上世纪80年代以来逐步进入内地市场。而中国文化、本土珠宝设计怎样走到海外，让更多其他国家和民族的消费者认识东方文化，也是老字号的责任。

　　除了布局海外门店，老凤祥也积极参与国际展览比如美国拉斯维加斯国际珠宝展、中国香港国际珠宝展等。今年9月，老凤祥携手中国高端服饰品牌盖娅传说，登陆巴黎时装周。在“熊英・盖娅传说2025春夏巴黎大秀”中，风舞九天・金风冠等“凤祥喜事”经典作品艳惊亮相。

　　此外，老凤祥也屡屡斩获国际荣誉。2023年，老凤祥品牌位列德勤 “全球奢侈品企业百强榜”第11位，去上年上升一位；再次入选国际权威品牌评估机构 Brand Finance（英国品牌金融咨询公司）“全球高档和奢侈品牌价值50强”，位列第30位，成为亚洲地区珠宝首饰行业入选的中国品牌，品牌国际影响力稳步提升。

　　“我们将持续推进海外的战略和布局，这对老凤祥将来的发展会有更大的帮助。”黄骅，出海也进一步推动了老凤祥在传统的基础上与西方文化交流，推动东西方设计的融合。"
珠宝首饰	https://finance.eastmoney.com/a/202412313283812270.html	招商证券：微信小店送礼物功能灰度测试开启，社交电商潜力巨大	"财中社12月31日电招商证券发布微信小店行业报告称，微信小店开启“送礼物”功能灰度测试，有望引起社交裂变。12月17日，微信小店正式开启了“送礼物”功能的灰度测试。现在，除了珠宝首饰、教育培训外，微信小店已在全类目开始灰度测试“送礼物”功能，但仅支持原价1万元以下的商品。满足规则的商铺，将自动开通“送礼物”功能，商品详情页展示“支持送礼物”入口。送礼物场景对应万亿市场规模，微信电商生态存在更大空间。此前微信小店面临用户迁徙成本较高（需要重新填用户地址等）、用户数据及商品数据较少等问题，认为“送礼物”功能，有望以社交裂变的方式解决部分问题。参考抖音、快手直播电商发展路径，报告认为微信电商生态GMV天花板较高。

　　微信小店整合社交生态资源，电商业务升级空间广阔。2022年起，视频号成为微信体系内重磅产品，逐渐开始探索在电商领域的尝试。视频号于2022年7月推出“视频号小店”服务，逐步优化视频号橱窗的使用规则。视频号小店上线串起了视频号从商品审核上架、内容营销、付费交付的完整电商流程，拥有了闭环电商的基础。2024年年中，微信广告上线了直跳视频号小店的广告链路。2024年8月，视频号小店升级为微信小店，支持通过视频号、公众号、小程序、企微客户群、微信外APP/网页等场景接入。

　　微信小店的升级和流量打通，是微信电商生态建设完善的重要一环，对于微信电商而言，进一步完善的社交生态资源奠定了良好的基础，此次“送礼物”功能的灰度测试上线也凸显了微信独有的强社交属性，认为随着后续公测，微信电商有望进一步吸引众多优质商家入驻，激活更多用户场景，增长空间广阔。"
珠宝首饰	https://finance.eastmoney.com/a/202412253278744730.html	微信推出新功能“蓝包”	"上证报中国证券网讯（徐潇潇记者周亮）12月24日，社交平台多名用户发现微信小店推出了一项名为“送礼物”的新功能，允许用户通过微信“蓝包”购买商品并赠送给微信好友。与传统的零钱红包不同，蓝包可以传递实物礼物。用户只需购买商品后直接发送给朋友，无需填写对方地址。如果收礼方愿意收下礼物，他们可以填写地址并收货，目前该功能还处于灰度测试阶段。

　　记者在实际操作过程中发现，微信蓝包的适用范围广泛，几乎涵盖了除珠宝首饰、教育培训类目外的所有“微信小店”商品，且要求商品原价不高于1万元。在使用该功能时，每次只能给一位朋友赠送一件商品，且赠送后不支持转赠；送出礼物后，不论朋友是否收下，赠送方都无法主动取消；若朋友超过24小时未收下礼物，则视为赠送失败，订单自动取消并退款。"
珠宝首饰	https://finance.eastmoney.com/a/202412223275114472.html	2024深圳时尚周启幕 “时尚+AI” 全城珠璧联辉	"珠宝与时装，在“时尚之都”深圳跨界碰撞。12月20日，2024深圳时尚周在深启幕。珠宝、时装与AI智能的结合成为本次开幕式的重大看点，由Kimi Huang魁米高定联合LOOK AI呈现的AI FASHION&国际超模创意新品发布秀重塑秀场新视界，“时尚+AI”跨界联动展现深圳时尚与科技魅力。

　　本次时尚周旨在通过一系列活动，引导产业朝着规模化、高端化、智能化和品牌化方向发展。以培育新业态、打造新体验、引领新潮流，为深圳黄金珠宝产业注入新动力，赋能深圳时尚产业新升级。

　　开幕式上，除了展示“时尚+AI”创意秀场，珠宝与时装的跨界联动同样精彩。由翠绿首饰、周大生、金大福等为代表的深圳著名珠宝品牌联袂高定服饰，共同呈现跨界艺术美学，展现出璀璨珠宝与高级礼服融合的时尚之美。

　　时尚品牌联盟在现场正式成立。深圳市商品交易市场联合会、深圳市时装设计师协会、深圳市珠宝首饰设计师协会、深圳市黄金珠宝文化研究会、深圳市模特服务业协会、深圳市罗湖区时尚消费促进会、罗湖区旅游行业协会联合水贝壹号进行时尚品牌联盟签约。该联盟的成立，将有助于进一步整合深圳时尚资源和产业链，为深圳时尚产业创造新机遇和新力量，打造合作共赢、创新高效的深圳时尚品牌生态圈。

　　“大学生珠宝首饰实训基地”成功授牌。中国纺织服装教育学会产学研委员会、深圳市珠宝首饰设计师协会及水贝壹号强强联合，充分发挥各自优势与资源，共同为技能人才搭建好“开拓视野、展示技能”的交流学习平台。

　　现场，蝶讯趋势研究院高级研究员、蝶讯女装趋势中心总监罗子东女士带来《国际流行趋势发布》的主题分享，从消费者趋势、色彩趋势等方面解锁了时尚圈新一年的视觉风向。

　　活动主办方相关负责人表示，2024深圳时尚周将推动黄金珠宝产业与科技、文化等领域的深度融合；希望通过此次活动，把准潮流风向、加快资源交互，助力深圳时尚产业转型升级，助推国际“时尚之都”建设。"
珠宝首饰	https://finance.eastmoney.com/a/202412243277517115.html	【求证】微信小店“送礼物”功能春节前全量开放？知情人士回应	"近日，网传消息称，微信计划在春节前全量开放微信小店的“送礼物”功能。12月24日，知情人士回应中国证券报・中证金牛座记者称，目前“送礼物”功能正在逐步灰度测试中，请以实际体验为准。

　　12月17日，微信小店发布公告称，微信小店正灰度测试“送礼物”功能。根据微信小店公布的规则，除珠宝首饰、教育培训和其他类目，以及商品原价高于1万元的商品外，符合微信小店准入及运营规则的商品均默认支持“送礼物”功能。

　　光大证券研报称，微信小店作为微信电商生态的关键一环，有望被完整地纳入到微信生态中，将聊天、群聊、朋友圈、公众号、搜一搜、小程序等领域的流量与其进行互通，为用户提供更统一和便捷的购物体验。商家有了微信小店，就可以向更多客户展示产品，有机会吸纳流量，拓展更多新客户。微信小店基于微信生态圈的社交互动、内容平台和支付能力，助力商家有效触达客户，实现微信电商的闭合，销售转化有进一步增长空间。"
珠宝首饰	https://finance.eastmoney.com/a/202412233276091790.html	东方甄选盘中大幅拉升 近两日累计涨近30%	"东方甄选（01797.HK）23日盘中大幅拉升，一度涨超15%，截至发稿，该股涨约12%，近两日累计大涨近30%。

　　东方甄选公众号近日发布消息称，微信店铺已上线“送礼物”的新功能。

　　值得注意的是，12月18日微信团队公告，微信小店正式开启“送礼物”功能的灰度测试，除了珠宝首饰、教育培训类目，以及原价高于1万元的商品外，都将默认支持“送礼物”功能，商品详情页会展示“支持送礼物”入口。

　　中信证券指出，微信作为中国最流行的社交应用程序之一，微信小店“送礼物”功能作为全新的商业模式，预计将带来广阔的可选消费以及“情感化”消费空间。结合微信目前已经取得的市场地位，后续“送礼物”功能传播裂变有望超预期，主题热度有望跨年。投资方向上看，建议关注五大方向，确定性的角度建议关注入驻零售商，弹性角度建议关注电商服务商以及品牌和广告代理运营商。"
珠宝首饰	https://finance.eastmoney.com/a/202412203274184183.html	微信小店概念股开盘活跃 元隆雅图竞价涨停	财联社12月20日电，元隆雅图、友阿股份涨停，青木科技涨超10%，实益达、凯淳股份、光云科技、天地在线等涨超5%。消息面上，近日，微信小店灰度“送礼物”功能，并发布了相关使用指南。据了解，除了珠宝首饰、教育培训类目外，其余微信小店商品将默认支持“送礼物”功能，且商品款式原价不得高于1万元。
珠宝首饰	https://finance.eastmoney.com/a/202412243277709312.html	港股大涨 微信红包2.0概念股微盟集团4个交易日股价翻番	"　12月24日，恒生指数重新站上两万点关口。圣诞节前港股呈现浓厚节日气氛，半日交易三大指数集体上涨，涨幅均超过1%。


　　盘面上，航运、银行、保险等多数个股涨幅居前。此外，受益于微信小店新功能的腾讯概念股再度走强。

　　个股上，微信红包2.0概念火爆，微盟集团4个交易日股价翻番；小米集团12月累计上涨超18%，市值破千亿美元。

微信红包2.0概念火爆

　　微信小店近日启动“送礼物”功能灰度测试，用户可在小店购买除珠宝首饰、教育培训类目外且单价不超过1万元的商品，用于赠送好友，礼物在24小时内领取有效。华泰证券研报指出，该功能或成为微信红包2.0，尤其在圣诞、元旦、春节等节假日期间，有望重塑电商格局并带动品牌商销售额增长。

　　国泰君安分析认为，“送礼物”功能为微信电商带来新流量端口，零食、美妆等具备礼品属性的品类及代运营服务将直接受益。此功能不仅能助力微信用户的转化率提升，还为消费品公司拓展了新的销售渠道，进一步推动微信电商生态发展。

　　腾讯概念股表现强势，微盟集团上涨31.05%，有赞上涨10.87%，东方甄选上涨3.23%。分析机构认为，微信小店功能升级将持续释放电商潜力，为相关企业带来增长空间。

小米集团股价创新高

　　小米集团股价本月累计上涨超18%，股价创2021年来新高，总市值达8219亿港元。

　　12月23日，小米汽车宣布其小米SU7车型推送1.4.5版本OTA更新。本次更新新增13项功能，优化26项用户体验，并正式接入VLM视觉语言大模型。该系统能够识别复杂道路环境和特殊交通规则区域，并通过文字和语音提示提供驾驶辅助。此外，充电地图功能也进行了升级，与蔚来、小鹏、理想三家企业达成充电补能网络合作。"
珠宝首饰	https://finance.eastmoney.com/a/202412243277429946.html	明年黄金市场波动可能加剧	"当前，全球黄金矿产资源的开采格局正在发生明显变化。由于资源枯竭、开采成本上升等原因, 老龄矿山逐步退出，回收利用和再生资源的占比也将进一步提高, 新兴国家黄金产量的快速增长将加剧区域性供给竞争，回收渠道的拓展将提高供给的灵活性，可能加剧黄金价格波动。

　　需求端，随着全球经济发展，黄金的需求结构正在发生深刻变革。根据中国黄金协会的数据，今年前三个季度国内黄金首饰的消费量为400吨左右，同比下降27.53%。传统的珠宝首饰消费虽然仍占据较大份额，但投资性需求正在快速崛起，成为黄金市场的主导因素，央行储备和ETF基金等机构投资也将保持快速增长态势。这种需求结构的转变将使得黄金价格更加依赖宏观经济和金融市场环境的变化，价格波动性可能进一步加剧。

　　考虑到2025年资产价格的稳定性以及通胀上升的风险，预计明年第一季度及上半年美联储可能暂停降息，短期内黄金承压。但特朗普将于明年1月底就职美国总统，其政策动向可能给通胀带来不确定性，美联储对通胀的看法将直接影响货币政策的方向。因此，在目前政策不明朗的情况下，我们不能完全排除未来美国货币政策出现调整的可能性，同时市场定价逻辑也可能会随之变动。市场预期与美联储政策路径的不一致可能导致资本市场波动加剧。如果美国劳动力市场表现不佳，经济和通胀情况快速下行，美联储降息概率将上升，这为黄金价格提供进一步的上行动力。 明年央行需求或超过预期，全球贸易摩擦可能加剧，地缘政治风险加深投资者的避险情绪，中长期黄金大概率延续牛市。"
珠宝首饰	https://finance.eastmoney.com/a/202412243277368061.html	微信小店新功能持续引发关注 微盟集团股价4日几乎翻倍	"【微信小店新功能持续引发关注 微盟集团股价4日几乎翻倍】受益于微信送礼功能灰测这一利好，腾讯概念股再度走强，其中微盟集团盘中一度大涨近22%。具体来看，微信日前公告称，启动“送礼物”功能的灰度测试。用户可以自己付钱在微信小店购买珠宝首饰、教育培训类目之外且不高于1万元的商品用于赠送微信好友，礼物送出24小时内领取有效。
　　在东方财富看资讯行情，选东方财富证券一站式开户交易>>

　　受益于微信送礼功能灰测这一利好，腾讯概念股再度走强，其中微盟集团盘中一度大涨近22%。

　　截至发稿，微盟集团(02013.HK)、有赞(08083.HK)、东方甄选(01797.HK)分别上涨20.16%、9.42%、3.46%。

image
　　注：腾讯概念股的表现

　　具体来看，微信日前公告称，启动“送礼物”功能的灰度测试。用户可以自己付钱在微信小店购买珠宝首饰、教育培训类目之外且不高于1万元的商品用于赠送微信好友，礼物送出24小时内领取有效。

　　华泰证券在研报中称，微信送礼功能或有望成为微信红包2.0。参考2015年春节微信红包的成功经验（除夕当日收发总量达10.1亿次、春晚微信摇一摇总量达110亿次、峰值8.1亿次/分钟）、考虑到微信小店近半年的持续演进优化、此次功能推出正值圣诞元旦春节等节假日密集的社交高发期，预计微信小店功能或重塑电商格局、带动相关品牌商的GMV。

　　国泰君安发布研报表示，微信小店上线“送礼”功能，为微信电商纳入新流量端口。具备礼品属性的零食、美妆品类以及对新渠道敏感度较高的代运营板块有望受益。此外，送礼功能有望助力微信电商体系打开新流量入口、助力用户转化，同时为消费品公司打开新渠道窗口。

　　微盟集团近四日累计涨近100%

　　微信小店“送礼物”的新功能，也刺激相关个股上涨。比如近期持续大涨的微盟集团(02013.HK)，该公司近四日累计涨近100%。

image
　　注：微盟集团自12月5日以来的表现

　　根据公开资料，微盟主要提供商业及营销SaaS产品以及ERP解决方案，同时也为商家提供增值服务，包括精准营销服务等等。腾讯控股也是微盟集团的股东之一。

　　此外，加之微盟相关负责人此前回应称，作为腾讯重要的生态合作伙伴之一，微盟小程序正率先接入微信小店，支持商家参与微信电商生态；目前相关产品正进行对接。微盟是腾讯微信生态主要服务商之一，与腾讯在微信生态服务和营销等多个层面展开合作。"
珠宝首饰	https://finance.eastmoney.com/a/202412193273199331.html	微信小店概念异动拉升 凯淳股份等多股涨停	"【微信小店概念异动拉升 凯淳股份等多股涨停】微信小店概念异动拉升，天地在线、信雅达、实益达、元隆雅图、金字火腿涨停，凯淳股份涨超10%，青木科技、三只松鼠、星徽股份快速跟涨。消息面上，近日，微信小店灰度“送礼物”功能，并发布了相关使用指南。据了解，除了珠宝首饰、教育培训类目外，其余微信小店商品将默认支持“送礼物”功能，且商品款式原价不得高于1万元。
K
线图
特色数据
资金流向
公告
个股日历
核心题材
R图 301001_0

最新价：35

涨跌额：1.01

涨跌幅：2.97%

成交量：12.1万手

成交额：4.24亿

换手率：24.08%

市盈率：449

总市值：28.0亿

查询该股行情  实时资金流向  深度数据揭秘  进入凯淳股份吧  凯淳股份资金流相关股票
数据港(22.65 5.10%)国旅联合(3.65 4.58%)*ST银江(3.66 4.57%)荣科科技(20.35 3.72%)
相关板块
电商概念(-1.84%)网红直播(-2.22%)融资融券(-2.44%)上海板块(-2.47%)

　　炒股第一步，先开个股票账户

　　微信小店概念异动拉升，天地在线、信雅达、实益达、元隆雅图、金字火腿涨停，凯淳股份涨超10%，青木科技、三只松鼠、星徽股份快速跟涨。消息面上，近日，微信小店灰度“送礼物”功能，并发布了相关使用指南。据了解，除了珠宝首饰、教育培训类目外，其余微信小店商品将默认支持“送礼物”功能，且商品款式原价不得高于1万元。"
珠宝首饰	https://finance.eastmoney.com/a/202412223275180489.html	【图解牛熊股】铜缆高速连接概念逆势走强，中兴通讯主力资金净流入达61.98亿元	"本周A股三大指数延续上周的回调趋势，其中上证指数本周跌0.70%，深成指跌0.62%，创业板指跌1.15%，本周市场成交量缩量较为明显。板块方面，本周互联网电商、半导体板块逆势拉升，AI眼镜概念异动拉升，铜缆高速连接、微信小店概念股本周表现活跃。

　　本周微信小店概念股涨幅居前，其中，友阿股份周涨幅61.30%，青木科技周涨幅29.23%。消息方面，近日，微信小店灰度“送礼物”功能，并发布了相关使用指南。据了解，除了珠宝首饰、教育培训类目外，其余微信小店商品将默认支持“送礼物”功能。目前来看，微信小店推出的“送礼物”功能，不仅能提升用户体验，也将进一步刺激消费，给商家带来收入增量。

　　本周铜缆高速连接概念走强，博创科技周涨幅50.11%，鑫科材料周涨幅47.67%，兆龙互连周涨39.54%。随着数据中心、云计算、AI等领域的迅速发展，对于数据传输速率和带宽需求在不断增加，在数据传输方面与传统光纤高速连接器相比，铜缆高速连接器有诸多优势，包括抗干扰能力强、数据传输速度快、能耗较低以及传输稳定性好。目前国内企业在智能网联汽车、工业自动化、数据中心等领域对高速铜缆的需求不断增加。

　　主力资金净流入方面，中兴通讯、兆易创新、贵州茅台主力资金净流入超15亿元，中兴通讯本周主力资金净流入高达61.98亿元。

image"
珠宝首饰	https://finance.eastmoney.com/a/202412273281348156.html	“微信小店”火了！多家上市公司回应	"近期，“微信小店”概念股持续走强。实益达在12月19日至12月26日6个交易日内，连续走出6个涨停；来伊份也在12月20日至12月25日连续4个交易日涨停……

　　“微信小店”爆火，源自12月18日微信小店开启“送礼物”功能灰度测试。用户可在商品页面中选择“送给朋友”，选择款式、完成支付后可送出礼物。根据相关规则，除了珠宝首饰、教育培训类目，以及原价高于1万元的商品外，都将默认支持“送礼物”功能。

　　记者注意到，多家“异动”公司近日连续披露公告，说明情况；同时，投资者也在互动易平台密集询问相关上市公司微信小店方面的布局和运营计划，部分公司对此已有明确回应。

实益达、来伊份等再次提示风险

　　12月26日晚，实益达再次披露公司股票交易异动公告。


　　图片来源：实益达公告

　　实益达在公告中强调公司目前不涉及“微信小店”业务，并进一步澄清，公司关注到有网传公司的参股公司“六度人和”涉及“微信小店”业务，公司持有六度人和13.09%股份，经公司与六度人和确认，六度人和及其控股公司目前未有专门应用于“微信小店”的相关产品。


　　图片来源：来伊份公告

　　再看来伊份，公司也在异动公告中称，目前在微信渠道端销售占比很低，占比不足公司收入的1%，未来该渠道增长趋势存在较大不确定性。公司产品、主营业务、营业模式并未发生重大变化。公司特别提醒广大投资者注意热点概念炒作风险，审慎判断、理性决策。

　　与此同时，“微信小店”话题在互动易上也热度不减。多家上市公司在回应中说明目前布局情况及未来规划，亦有公司作出澄清。


　　图片来源：上证e互动

　　例如，丽人丽妆回应称，公司在微信平台有开设店铺，部分为公司自有品牌店铺，部分为公司合作的美妆品牌等店铺。2024年前三季度，公司通过微信平台产生的营业收入占公司前三季度整体营业收入的比例极小。后续公司将持续关注微信小店进展，适时地布局更多微信小店。

　　爱慕股份表示，公司部分品牌已经设立了微信小店，后续公司会继续关注此类新型营销模式，积极推进微信小店运营的创新。新华都回应称，公司自有商号“酒连酒”已开设微信小店并开通会员管理机制。燕塘乳业、欢乐家等亦表示，公司已开通微信小店。

　　森马股份表示，公司旗下森马、巴拉巴拉等品牌已入驻微信小店。但公司也提醒称，截至目前，微信小店零售规模占比较小，不构成重要影响。

　　同时，部分上市公司明确表示，公司目前暂未入驻微信小店。例如，元祖股份表示，元祖暂未入驻微信小店，后续公司会根据顾客需求和业务场景决定推出相应的功能。比依股份表示，公司目前暂无微信小店，自主品牌建设是公司重要战略发展之一，公司内销品牌部正不断探索品牌建设的发展路径，后续会根据品牌建设的进度适时考量微信小店的上线需求。

多家券商看好“送礼物”空间

　　“微信小店”缘何能引来广泛关注？腾讯董事会主席兼首席执行官马化腾曾在公司三季报发布时表示：“我们围绕微信小店升级了交易平台策略，旨在依托于整个微信生态打造统一且可信赖的交易体验。”

　　据艾媒数据，中国礼物经济市场规模有望从2024年的13777亿元达到2027年的16197亿元。微信“送礼物”功能节省了传统送礼场景中询问地址、款式两个较为繁琐的环节，有望依托微信社交关系链满足用户日常送礼需求，快速切入实物电商市场。

　　多家券商也在近期发布研报，看好“送礼物”功能有望带来的空间。国联证券表示，目前微信MAU已突破10亿，而“送礼物”功能有望在即将到来的元旦、春节假期再次发力，依托相较十年前更为庞大的社交关系链广泛传播，进一步提高微信在电商领域的渗透率，打开商业化空间。

　　中信证券认为，微信仅在送礼场景即有望取得千亿级市场份额，进一步考虑其对于微信生态的影响，牵动的社交电商总规模有望在2027年达到万亿元。


　　图片来源：国金证券研报

　　国金证券研报亦表示，微信拥有庞大的用户基础和强大的社交关系链，“送礼物”功能借助这一优势，有望实现快速裂变传播。“送礼物”功能在节日期间的应用，也可能吸引大量用户使用微信小店，将用户流量导流至微信电商生态，培养用户的微信购物习惯，进而为整个电商业务带来持续的流量增长。"
珠宝首饰	https://finance.eastmoney.com/a/202412243277544712.html	今天A股掀起跨年主题争夺战！	"还有5个交易日，2024年A股就要收官，谁能成为最强的跨年主题？

　　人形机器人、AI眼镜、字节产业链、微信小店、四大行，都在候选名单当中。今天，跨年主题争夺进入白热化，这几个板块都有不错表现。

　　今天，A股强势反弹。截至收盘，上证指数上涨1.26%，深证成指上涨1.27%，创业板指上涨1.17%。

028e3751-5258-4d07-bc67-8682b9c08006.jpg
　　具体看，微信小店概念股今天大涨，互联网电商、美容护理、食品等板块纷纷大涨。港股微盟集团今天涨超31%。

　　12月17日，微信小店开启“送礼物”功能灰度测试，除珠宝首饰以及教育培训&其他类目以及商品原价高于1万元的商品外，符合微信小店准入及运营规则的商品均将默认支持“送礼物”功能。

　　市场人士表示，从12月到2月，横跨圣诞、元旦、春节、情人节等众多高送礼需求节假日，微信小店有望借助“送礼物”吸引更多商家入驻以及实现更多增量消费需求。

　　华西证券表示，微信小店“送礼物”功能将线下拆礼物带来的惊喜体验复制到线上，赋予电商购物更高的情绪价值以及用户间更深层的情感链接，有望派生更多的增量消费需求。

　　四大行今天集体上涨，盘中股价也集体刷新历史新高。历史上，银行股也曾多次走出跨年行情。比如2014年11月―2015年1月、2017年12月―2018年2月等时间段。

　　人形机器人板块今天大涨，南京化纤、盛通股份等多股涨停。

　　消息面上，12月23日下午，宇树科技发布了旗下行业级机器狗B2-W（B2机器狗的进阶版）的炫技视频。宇树科技表示，该机器狗已经量产一年，其工业轮足解锁了更多技能。视频里，这只机器狗演示了如何爬山、涉水、越障，克服崎岖地形、颠簸路面流畅行走，还能做出高难度的杂技动作：原地旋转稳停、两足倒立旋转、2.8米高楼飞跃。另外，该机器人可负载40千克重量行走。

　　中信证券表示，人形机器人2025年放量较为明确，建议关注以下五条主线：特斯拉产业链、华为产业链、英伟达相关产业链、国内特种机器人产业链、国内其他产业链相关及竞争格局较好的公司。

　　AI眼镜板块方面，中科蓝讯、星宸科技等龙头股纷纷大涨。

　　今年以来，科技巨头纷纷加速布局AI眼镜，Meta、百度、Rokid、XREAL等均发布新品AI眼镜。国金证券认为，2025年智能眼镜行业有望加速发展，成为智能穿戴的下一个风口。

　　字节产业链方面，浪潮信息、金盘科技、寒武纪等概念股上涨。"
珠宝首饰	https://finance.eastmoney.com/a/202412203273946222.html	方正证券：送礼线上化有望引发送礼潮流	"【方正证券：送礼线上化有望引发送礼潮流】12月20日，方正证券研报指出，1）2024年12月17日微信上线微信小店“送礼物”功能。微信小店开启“送礼物”功能，除珠宝首饰和教育培训外的微信小店均可以支持送礼物。2）送礼线上化有望引发送礼潮流，短期看利好年货节旺季销售。从用户体验来看，送礼物与微信红包体验类似，2015年微信首次推出微信红包，实现红包的线上化，极大满足社交需求，微信红包习惯逐渐深入人心。
　　全新妙想投研助理，立即体验

　　12月20日，方正证券研报指出，1）2024年12月17日微信上线微信小店“送礼物”功能。微信小店开启“送礼物”功能，除珠宝首饰和教育培训外的微信小店均可以支持送礼物。2）送礼线上化有望引发送礼潮流，短期看利好年货节旺季销售。从用户体验来看，送礼物与微信红包体验类似，2015年微信首次推出微信红包，实现红包的线上化，极大满足社交需求，微信红包习惯逐渐深入人心。3）长期看零食线上送礼有望日常化替代部分微信红包功能，关注新一轮渠道变革机遇。短期看礼盒产品预计成为年节送礼的主要产品，长期来看，零食产品客单价低，品种丰富，与送零食相比，发红包相对单调，仅有金额的变化，对某些群体如情侣、家人等，零食单价较低，有望取代发红包成为日常和节假日的新社交习惯，有望成为下一轮渠道红利。4）年货节旺季来临和送礼线上化激发礼盒赠送需求，长期看零食微信送礼有望日常化，头部零食供应商品牌效应更强，显著受益。"
珠宝首饰	https://finance.eastmoney.com/a/202412203273958386.html	方正证券：长期看零食线上送礼有望日常化替代部分微信红包功能，关注新一轮渠道变革机遇	　每经AI快讯，方正证券研报指出，1）2024年12月17日微信上线微信小店“送礼物”功能。微信小店开启“送礼物”功能，除珠宝首饰和教育培训外的微信小店均可以支持送礼物，赠送人在小店商品详情页通过“支持送礼物”入口选择款式、金额等，选择朋友完成支付后礼物自动送出。2）送礼线上化有望引发送礼潮流，短期看利好年货节旺季销售。从用户体验来看，送礼物与微信红包体验类似，2015年微信首次推出微信红包，实现红包的线上化，极大满足社交需求，微信红包习惯逐渐深入人心。3）长期看零食线上送礼有望日常化替代部分微信红包功能，关注新一轮渠道变革机遇。短期看礼盒产品预计成为年节送礼的主要产品，长期来看，零食产品客单价低，品种丰富，与送零食相比，发红包相对单调，仅有金额的变化，对某些群体如情侣、家人等，零食单价较低，有望取代发红包成为日常和节假日的新社交习惯，有望成为下一轮渠道红利。4）年货节旺季来临和送礼线上化激发礼盒赠送需求，长期看零食微信送礼有望日常化，头部零食供应商品牌效应更强，显著受益。
珠宝首饰	https://finance.eastmoney.com/a/202412203273958386.html	方正证券：长期看零食线上送礼有望日常化替代部分微信红包功能，关注新一轮渠道变革机遇	每经AI快讯，方正证券研报指出，1）2024年12月17日微信上线微信小店“送礼物”功能。微信小店开启“送礼物”功能，除珠宝首饰和教育培训外的微信小店均可以支持送礼物，赠送人在小店商品详情页通过“支持送礼物”入口选择款式、金额等，选择朋友完成支付后礼物自动送出。2）送礼线上化有望引发送礼潮流，短期看利好年货节旺季销售。从用户体验来看，送礼物与微信红包体验类似，2015年微信首次推出微信红包，实现红包的线上化，极大满足社交需求，微信红包习惯逐渐深入人心。3）长期看零食线上送礼有望日常化替代部分微信红包功能，关注新一轮渠道变革机遇。短期看礼盒产品预计成为年节送礼的主要产品，长期来看，零食产品客单价低，品种丰富，与送零食相比，发红包相对单调，仅有金额的变化，对某些群体如情侣、家人等，零食单价较低，有望取代发红包成为日常和节假日的新社交习惯，有望成为下一轮渠道红利。4）年货节旺季来临和送礼线上化激发礼盒赠送需求，长期看零食微信送礼有望日常化，头部零食供应商品牌效应更强，显著受益。
珠宝首饰	https://finance.eastmoney.com/a/202412263279394152.html	“微信小店”火热！多家上市公司回应	"【导读】“微信小店”概念持续火热，多家上市公司回应

　　自微信小店开启灰度内测“送礼物”功能以来，市场热情被点燃，相关概念股持续走强。

　　市场普遍认为，“微信小店”的送礼功能，有望媲美7年前的微信红包功能，为微信电商体系开辟新的流量入口，同时有望拉动微信电商产业链平台、服务商、商家、导购平台，为各方带来新成长机遇。



　　加码微信电商生态

　　12月18日，微信官方宣布启动“送礼物”功能灰度测试，允许用户在微信小店中选择商品并送给微信好友。

　　微信用户可在微信小店购买不超过1万元的商品赠送微信好友，但珠宝首饰、教育培训类目除外；礼物发出后，收礼者需在24小时内完成领取；“送礼物”功能与微信红包功能在打开界面、操作流程上类似。


　　微信小店客服表示，“送礼物”功能在逐步覆盖中，正在逐步完善相关功能。平台严格审核入驻的商家的资质，也会监督其日常运营。

　　近日微信小店已公布母婴、生鲜、家居日用等多类商品的管理规则，并于12月24日公布了2025年1月的服务商激励政策。


　　值得注意的是，在最新发布的三季度财报中，腾讯表示，公司围绕微信小店升级了交易平台策略，旨在依托于整个微信生态打造统一且可信赖的交易体验。


　　在腾讯最新财报中，微信小店、小程序等电商相关业务也首次进行了公开披露。仅2024年三季度，微信小程序交易额就达到了2万亿人民币，交易集中于点餐、电动车充电以及医疗服务应用。

　　多家公司回应布局

　　有望借助节日快速裂变

　　随着“微信小店”概念股持续走强，多家上市公司在互动平台最新回应相关布局及规划。

　　斩获5连板的实益达12月24日晚间披露公告称，公司发现市场对“微信小店”概念较为关注，公司目前不涉及“微信小店”的业务。公司目前的主要业务及产品为智能硬件制造业务、智能终端产品业务等。公司当前的市盈率、市净率与同行业情况有较大差异，请广大投资者注意风险。

　　4连板的来伊份也在12月24日晚间披露称，截至公告披露日，公司发现市场对微信销售渠道关注度较高。公司目前在微信渠道端销售占比很低，占比不足公司收入的1%，未来该渠道增长趋势存在较大不确定性。公司产品、主营业务、营业模式并未发生重大变化。公司特别提醒广大投资者注意热点概念炒作风险，审慎判断、理性决策。

　　而华鹏飞、三态股份、环球印务也均在投资者互动平台表示，公司没有涉及“微信小店”业务。

　　不少上市公司表示，已经布局“微信小店”业务。

　　其中，12月25日，敷尔佳在投资者互动平台回答称，公司“微信小店”业务开展一切顺利。

　　12月24日，潮宏基表示，公司旗下珠宝、女包品牌均已入驻“微信小店”，可在微信平台搜索“潮宏基”“菲安妮”然后点击进入小店，同时敬请广大投资者谨慎决策，注意投资风险。

　　新华都则在投资者互动平台披露，公司深度布局包括视频号、公众号、小程序等在内的“微信小店”闭环电商。公司自有商号“酒连酒”已开设微信小店并开通会员管理机制，上线了包括节庆礼盒、小酒在内的多款适合“送礼物”功能的SKU。

　　此外，果麦文化、迪阿股份、嘉曼服饰等上市公司也宣称，公司目前已入驻“微信小店”。

　　东兴证券研究分析称，微信小店“送礼物”功能将会增加微信小店在消费者网购中的使用粘性，带来线上新的消费增量，积极拥抱这一渠道的企业有望率先获益。目前休闲食品企业更加快速反应，有望从今年春节的礼赠场景获益。

　　国泰君安也认为，送礼功能上线正值圣诞、元旦、春节等节日临近，有望借助节日送礼需求快速裂变，将用户流量导流至微信小店、培养微信购物习惯。微信生态拥有巨大的社交流量，此前相对缺乏电商转化手段，参照微信红包上线后对微信支付快速普及的助力，送礼功能有望助力微信电商体系打开新流量入口、助力用户转化，同时为消费品公司打开新渠道窗口。"
珠宝首饰	https://finance.eastmoney.com/a/202412253277862789.html	微信电商交流会议纪要在网络流传 腾讯辟谣：不要给我们定商业计划了	"【微信电商交流会议纪要在网络流传 腾讯辟谣：不要给我们定商业计划了】12月24日，腾讯公司市场公关部总经理张军在朋友圈发文否认微信送礼物有商业计划，并表示是谣言，“为什么总是有人宁可信其有不可信其无？我们并没有给自己一个远大的计划，只是想做点脚踏实地的事。拜托大家，不要给我们定商业计划了”。
K图 00700_0

　　在东方财富看资讯行情，选东方财富证券一站式开户交易>>

　　12月24日，腾讯公司市场公关部总经理张军在朋友圈发文否认微信送礼物有商业计划，并表示是谣言，“为什么总是有人宁可信其有不可信其无？我们并没有给自己一个远大的计划，只是想做点脚踏实地的事。拜托大家，不要给我们定商业计划了”。

　　据悉，当天，一份名为“微信电商交流会议纪要2024年12月20日”的文件在网络上广泛流传。文件显示，微信计划在春节前全量开放微信小店的送礼物功能，用户更新微信新版本并删除缓存后重新打开即可使用。目前该功能已灰度测试一段时间，大规模对外开放不到一周，白名单用户已达3亿多，累计触达用户4000多万，仅12月19日一日通过该功能下单的用户就接近200万，目前累计GMV（商品销售总额）不到4亿（截至12月20日数据）。

　　文件还显示，微信电商目前考核指标，一是日均送礼用户数，二是日均订单量和日均GMV。今年微信整个电商（包含视频号、小程序等）规模预计4万亿―5万亿。

　　虽然张军辟谣微信送礼物没有“远大的计划”，但这一功能自启动灰测以来，就备受市场关注。

　　12月18日，微信小店正式开启“送礼物”功能灰度测试，满足规则的商品和店铺将自动开通“送礼物”功能。用户轻触“送给朋友”拉起“确认礼物”页面，选择款式、浏览金额、选择朋友并完成支付后，礼物即自动送出。用户可在微信小店购买不超过1万元的商品赠送微信好友，但珠宝首饰、教育培训类目除外。礼物发出后，收礼者需在24小时内完成领取。收货地址由接收方填写，在收下礼物前，接收方还可以选择更换该商品下价格相同的其他款式。

　　有观点认为，此次“送礼物”功能和十年前的“发红包”功能有异曲同工之妙，很有可能会成为微信小店引流和新增用户的主要渠道，或将成为微信的又一爆款功能。



　　对此，中信证券研报认为，微信小店“送礼物”功能，仅在送礼场景即有望取得千亿级市场份额，进一步考虑其对于微信生态的影响，牵动的社交电商总规模有望在2027年达到万亿。从零售格局的角度看，社交电商的兴起既可带来增量消费，又将分流其他渠道份额，预计短期内其对线下零售的影响将强于电商，长期则随着玩法的延伸，有望解决体验、商品层面的痛点并进一步开发更多含有商品消费的社交场景，推动行业规模持续上行。

　　市场的高度关注也引发了资本市场的动荡。截至12月24日，微盟集团（02013. HK）股价在近四个交易日内累计涨幅接近100%，腾讯生态概念股整体表现强势。

　　除“送礼物”功能外，微信近期还迎来了多项功能更新，如双人语音通话支持添加第三人、公众号新增“作者朗读音色”等。这一系列动作甚至被网友戏称为“史诗级”更新。

　　张军12月19日在朋友圈发文称“担不起”。“最近我们确实推出来一些新功能，产品也在不断迭代，但是恳请大家别替我们定太高的调门，诸如‘史诗级’‘奇袭’之类的词汇，实在担不起，安心做好产品是要务。”"
珠宝首饰	https://finance.eastmoney.com/a/202412203273659865.html	毛坯钻石价格再下调 天然钻石“克拉自由”更近了	"　日前，钻石行业巨头戴比尔斯价格再度“失守”，将二级市场上销售的毛坯钻石价格下调了10%至15%。今年年内，培育钻石价格也几度下跌。钻石市场“光芒”不再了吗？

　　不过，面对价格颓势，也有不少业内人士坚定看好钻石行业行情。为了刺激消费需求，今年以来，市场上出现了不少天然钻石营销活动。

　　钻石巨头年内再降价

　　最新消息显示，美东时间12月3日，全球最大的天然钻石供应商戴比尔斯将二级市场上销售的毛坯钻石价格下调了10%至15%。这被形容为“放弃了坚守价格底线的策略”。记者注意到，这并非戴比尔斯今年首次调价，今年1月，戴比尔斯已经将原钻价格下调了约10%。

　　有业内人士认为，戴比尔斯的多次降价已经显现出其面对市场困境的迫切态度，在一定程度上，这也反映出天然钻石行业的整体下行。值得注意的是，整个钻石市场的需求不振呈现出全球化的蔓延趋势，有观点认为，钻石市场正陷入数十年来最严重、最持久的衰退。

　　一半需求或被培育钻石拿下？

　　近年来，随着年轻群体消费观念的转变，培育钻石等珠宝越来越受到热捧，也对天然钻石市场造成冲击。

　　知名钻石数据服务商拉帕波特集团在今年10月发布的报告中发出警告：“天然钻石一半的市场需求将被培育钻石拿下。”美国珠宝品牌Helzberg首席执行官布拉德・汉普顿也在受访时表示，培育钻石在外观上很惊艳，与天然钻石几乎没有区别，但价格却要便宜许多，深受消费者青睐。

　　不过，今年以来培育钻石价格也几度下跌，也有消费者表示为了保值更愿意选择天然钻石。

　　目前，我国是全球第一大培育钻石生产国，“河南造”培育钻石声名远扬。据咨询公司贝恩的数据分析，预计到2025年，中国毛坯培育钻石销量将达400万克拉，培育钻石渗透率将达到13.8%。分析人士认为，随着技术进步和市场认可度提升，培育钻石产业正迎来快速成长期。

　　全球毛坯钻石总产量同比下降6%

　　广州钻石交易中心整理的数据显示，根据金伯利进程发布的2023年毛坯钻石统计数据来看，2023年全球毛坯钻石总产量为1.12亿克拉，同比下降6%；总产值达127亿美元，同比下降21％；平均每克拉价格同比下降14%。2023年全球毛坯钻石贸易额也有所下降，其中阿联酋、印度等多个国际主要毛坯钻石贸易中心的贸易额均有所下降。值得留意的是，中国（含香港特区）2023年毛坯钻石进出口贸易量为2431万克拉，同比上涨127%；贸易额为23亿美元，同比上涨22%。

　　行情的疲软，也引发了网络上对于是否还有必要追求天然钻石“克拉自由”、培育钻石值不值得买等话题的热议。在哔哩哔哩拥有20多万粉丝的用户“宝石学家老许”于今年9月上传的一则视频中表示：“钻石行情没有前两年那么好，但基本盘还是存在的。”

　　悦己消费成钻石消费新机遇？

　　在国内，天然钻石业界已经认识到，增强消费者对天然钻石的了解和渴望，尤其是加强年轻消费者教育的重要性。记者注意到，为了刺激消费需求，今年以来，市场上出现了不少天然钻石营销活动。今年9月，天然钻石协会携手上海钻石交易所发起中国天然钻石推广计划。10月，戴比尔斯与周大福合作开设天然钻石工作坊，推动天然钻石社交媒体营销。

　　记者注意到，上海钻石交易所于今年秋季举办的“一克拉时刻”比赛，吸引了超过16万名消费者参与。

　　一项围绕天然钻石消费市场的调查与该比赛同步进行。工作人员向记者表示，该调查结果表明，天然钻石在中国市场的定位发生了深刻转变，越来越多的消费者开始将其视为情感与人生的重要象征，而不只是一件奢侈品。随着“悦己消费”等新兴消费观念在年轻一代中兴起，不少消费者选择赠送钻戒给亲友和自己。

　　相关报道

　　年加工产值500亿元

　　国内七成钻石珠宝首饰“湾区造”

　　中国珠宝首饰市场作为世界上最大的单一市场，钻石是其中的重要品类，如何才能吃下这块大蛋糕？2023年11月，瑞士奢侈品巨头历峰集团董事长约翰・鲁伯特曾提到：“中国消费者会比一些西方消费者更清醒地行动，他们不会疯狂消费，他们的行为更加理性。”

　　近二三十年来，珠宝行业随着我国经济的腾飞而迅速繁荣发展。

　　“粤港澳大湾区是国内钻石珠宝产业最集聚的地区。”广州钻石交易中心市场部经理陈梦娜告诉羊城晚报记者，其中，珠三角地区是国际知名的钻石珠宝制造中心，拥有广州番禺、南沙、从化、花都，佛山顺德，以及深圳罗湖、盐田等著名的钻石珠宝加工及贸易基地，年加工制造钻石珠宝首饰产值约500亿元，加工及销售份额占全国的70%以上。

　　具体来说，广州钻石交易中心提供的信息表明，以广州番禺为代表的钻石加工及珠宝镶嵌制造产业，在生产工艺、科技应用、设计和管理各方面均已经达到较高水平。如柏丽德珠宝（APM）、谢瑞麟、嘉衡珠宝（KGK）、亿钻珠宝、卓尔珠宝、元艺珠宝等品牌企业，在业内享有美誉，已经形成覆盖钻石进出口、采购、加工、设计、鉴定、展示、信息交流、金融结算、电子商务等各环节的钻石珠宝产业链。

　　记者注意到，上海钻石交易所此前发布的《中国钻石2023年鉴》也着重从钻石行业科普、提高理性认知的角度进行文章排布，以提高市场透明度，推动行业健康发展。

　　陈梦娜也与羊城晚报记者谈到了对业内的看法与建议：“广州钻石交易中心鼓励钻石行业深入挖掘钻石闪耀魅力，结合现代审美趋势和年轻消费者需求，推出更具创意和个性化的钻石珠宝首饰，借鉴古法金在社交媒体上的成功营销策略，利用短视频、直播等新媒体平台，提高钻石产品的曝光度和影响力，吸引更多年轻消费者的关注和购买，推动天然钻石在中国市场的繁荣发展。”"
珠宝首饰	https://finance.eastmoney.com/a/202412203274165727.html	方正证券：送礼线上化有望引发送礼潮流	　证券时报网讯，方正证券研报指出，1）2024年12月17日微信上线微信小店“送礼物”功能。微信小店开启“送礼物”功能，除珠宝首饰和教育培训外的微信小店均可以支持送礼物，赠送人在小店商品详情页通过“支持送礼物”入口选择款式、金额等，选择朋友完成支付后礼物自动送出。2）送礼线上化有望引发送礼潮流，短期看利好年货节旺季销售。从用户体验来看，送礼物与微信红包体验类似，2015年微信首次推出微信红包，实现红包的线上化，极大满足社交需求，微信红包习惯逐渐深入人心。3）长期看零食线上送礼有望日常化替代部分微信红包功能，关注新一轮渠道变革机遇。短期看礼盒产品预计成为年节送礼的主要产品，长期来看，零食产品客单价低，品种丰富，与送零食相比，发红包相对单调，仅有金额的变化，对某些群体如情侣、家人等，零食单价较低，有望取代发红包成为日常和节假日的新社交习惯，有望成为下一轮渠道红利。4）年货节旺季来临和送礼线上化激发礼盒赠送需求，长期看零食微信送礼有望日常化，头部零食供应商品牌效应更强，显著受益。建议关注：三只松鼠、盐津铺子、劲仔食品等。
珠宝首饰	https://finance.eastmoney.com/a/202412283281795026.html	“世界级”新消费地标来了！广州塔广场今日开业	"12月28日，“世界级”地标商业综合体――广州塔广场正式对外开业，首批85家商业品牌业态入驻。

　　广州塔广场位于广州城市新中轴线与珠江景观轴线交会处，紧邻广州塔南侧，北连珠江新城CBD商务区，东依广州人工智能与数字经济实验区-琶洲核心片区，西接广州国际媒体港，南接广州美术馆，建筑面积11.4万平方米，商业面积5.7万平方米，地铁三号线、十二号线、APM线交汇连通，为市民及游客提供便捷的出行体验。

　　广州塔广场延续“小蛮腰”曲线造型和珠江水纹肌理设计理念，采取地面、负一层“双首层”、360°环绕天街游廊设计布局，造景融入岭南园林元素，兼具功能性与美学，构建城市景观、商业街区、都市休闲融为一体的创意生活体验场景，实现多元化空间联动。

　　二楼平台中央的映塔水池将呈现出“水上塔影”的奇妙景观，巧妙地将婀娜多姿的“小蛮腰”复刻在镜面水池上，在虚实相生的光影之间展现建筑艺术与自然元素的完美融合。

　　广州城投集团董事长陈强表示，广州塔广场是广州塔旅游区升级换新、商业品牌迭代进阶的重要举措，是“广州塔-琶洲世界级地标商圈”的重要引擎，是广州培育建设国际消费中心城市的重要载体。随着广州塔广场的开业，必将成为广州新消费地标，成为展示城市现代化水平和人文魅力的新窗口和新名片，助力城市商业能级提升、商贸出新出彩。

　　设计单位广州市设计院表示，广州塔广场从最初的蓝图构思到如今的建成开业，圆满实现了当初的设计理念，成为城市新中轴线上的又一颗“明珠”，将为城市商业发展注入新动力。

　　首批85家高能业态品牌，铸就广州商业新名片

　　广州塔广场以“国际潮奢高端购物广场”为商业定位，在商业品牌引入上坚持以“首发经济”为主线，以“首店经济、夜间经济”为着力点，突出“时尚+科技+美食+娱乐”特色，打造新消费场景，满足“多元、个性、情绪”的新消费需求。

　　广州塔广场首批引入85家城市及区域首店、城市旗舰、概念店级别的高能店铺，涵盖奢华时尚、高端餐饮、生活体验、精品零售、都市剧场等商业业态。

　　主力店有华为全球超级旗舰店、源自意大利的奢侈品百货品牌蔻莎广州首店、海珠首家SM+永旺精品超市，以及广州塔剧场。目前，广州塔广场招商签约率达95%，接下来广州塔剧场、永旺、华为店将于明年陆续开业。

　　潮流服饰有MLB、NEW BALANCE、斯凯奇、国潮时尚女装生活向左等26家；精品零售有全球美妆潮品店LADY TODAY、高端珠宝首饰品牌周大福、潮玩品牌泡泡玛特POPMART等22家；米其林餐厅有新斗记、欧锦和、金色不如归等8家；生活体验有特斯拉、蔚来、大疆，以及“”（MI）书店、RHR等科技文化社交品牌。

　　“文商旅展”亮点纷呈，解锁地标商业新篇

　　据介绍，开业期间，广州塔广场联合场内多家品牌，推出超级折扣、多重满减、超值团券和满赠礼遇等多种惊喜活动回馈消费者。

　　活动当天，国际潮流艺术家Fernando设计的城市花园主题展览同步揭幕，该展览为华南首展，展期至2025年春节。除艺术展览外，南方歌舞团、广州文化集团精心筹备的文艺节目也轮番上演。

　　同时，融合艺术与生活的文化“金名片”――广州塔剧场也同步启幕，剧场由1个800座先锋剧场+2个沉浸式小剧场组成。主剧场以引入世界优秀先锋时尚剧目以及国内精品剧目演出为主；沉浸式剧场以多媒体数字化、个性化舞美为基础，去舞台化的音乐剧为新生代观众带来唯美浪漫的新演艺空间。

　　“终于等到开业了！”，居住在附近的市民感叹到，“以前好多想吃的餐厅只能跑去江对面，现在迈出家门就有吃喝玩乐的地方了，米其林餐厅值得一个个打卡试吃！”

　　大力提振消费，羊城消费新八景正式发布

　　开业活动上，广州市商务局局长魏敏发布“羊城消费新八景”城市消费IP。他介绍道，为贯彻落实中央经济工作会议“大力提振消费，全方位扩大国内需求”的重点任务要求，从2025年开始，广州将整合全市“商旅文体健”各有关部门、协会、企业资源，推出“羊城消费新八景”城市消费IP，赓续千年商都城脉商脉文脉，激发新时代烟火气。

　　据了解，“羊城消费新八景”是一系列植根广府大地、代表新时代广州千年商都的消费矩阵，具有“岭南韵、中国风、世界范”。2025年“羊城消费新八景”共设置“行花街・花样广州”“萌宠园・趣野广州”“广交汇・好采广州”“同船渡・粤韵广州”“次元站・赛博广州”“美食城・烟火广州”“好汗场・活力广州”“时尚圈・首发广州”八个虚拟的消费场景，瞄准首发经济、银发经济、服务消费等消费热点，以时间为轴，商旅文体健融合为线，串珠成链，移步易景，创新全年消费场景，丰富多元消费体验。

　　据介绍，“羊城消费新八景”以“政府搭台、市场唱戏”的市场化运作模式，在每一景中预留足够接口，打造成为赋能新锐品牌成长的舞台，成为做强首发经济的渠道，成为展示国潮优品老字号的窗口，让各金融企业、平台机构、行业商协会、品牌企业都能在场景中找到属于自己的C位。

　　其中，广州塔广场作为全市“羊城消费新八景”的地标商圈综合体，将精准对接广交汇、同船渡、时尚圈等八大场景，立足商旅文体健融合，开展更多赋能品牌成长的跨界活动，围绕国际精品、国货潮品等做强首发经济，努力打造成为品牌与消费者双向奔赴的世界级城市商圈和国际消费窗口。"
珠宝首饰	https://finance.eastmoney.com/a/202412313283802226.html	创业板指下跌1.56% 两市超4000股飘绿 培育钻石、燃气板块走强	"【午盘播报】沪指下跌0.59%，报3387.15点；深成指下跌1.26%，报10536.60点；创业板指下跌1.56%，报2171.88点，两市半日合计成交7947亿。盘面上，培育钻石、燃气、商业百货、免税概念、酿酒行业走强，铜缆高速连接、人脑工程、存储芯片、华为海思等表现不佳。两市上涨个股有988家，下跌个股有4072家，50只股涨停。
K图 000001_0
最新价：3351.76

涨跌额：-55.57

涨跌幅：-1.63%

成交量：5.03亿手

成交额：5626亿

换手率：1.08%

上证指数行情  领涨个股  大盘资金流向  7*24小时快讯  进入上证指数吧领涨行业1、燃气涨幅：2.49%上涨：26家下跌：5家领涨股：长春燃气涨幅：10.08%2、酿酒行业涨幅：0.49%上涨：18家下跌：20家领涨股：皇台酒业涨幅：10.00%

K图 399001_0
最新价：10414.61

涨跌额：-256.55

涨跌幅：-2.40%

成交量：6.47亿手

成交额：7832亿

换手率：2.79%

深证成指行情  领涨个股  大盘资金流向  7*24小时快讯  进入深证成指吧领涨行业1、燃气涨幅：2.49%上涨：26家下跌：5家领涨股：长春燃气涨幅：10.08%2、酿酒行业涨幅：0.49%上涨：18家下跌：20家领涨股：皇台酒业涨幅：10.00%

K图 399006_0
最新价：2141.6

涨跌额：-64.69

涨跌幅：-2.93%

成交量：1.99亿手

成交额：3522亿

换手率：3.91%

创业板指行情  领涨个股  大盘资金流向  7*24小时快讯  进入创业板指吧领涨行业1、燃气涨幅：2.49%上涨：26家下跌：5家领涨股：长春燃气涨幅：10.08%2、酿酒行业涨幅：0.49%上涨：18家下跌：20家领涨股：皇台酒业涨幅：10.00%

　　A股三大指数集体下跌，创业板指跌逾1.5%。盘面上，培育钻石、燃气、商业百货、免税概念、酿酒行业、冰雪经济、珠宝首饰等板块位于涨幅榜前列，铜缆高速连接、人脑工程、存储芯片、华为海思、富士康、PCB、AI芯片、F5G概念、半导体表现不佳，领跌市场。

K图 BK1023_0

K图 BK1028_0

　　全新妙想投研助理，立即体验

　　截至午间收盘，沪指下跌0.59%，报3387.15点；深成指下跌1.26%，报10536.60点；创业板指下跌1.56%，报2171.88点；科创50指数下跌1.59%，报1004.44点；北证50指数上涨1.67%，报1063.63点。两市上涨个股有988家，下跌个股有4072家，50只股涨停。两市半日合计成交7947亿。


　　涨停个股数量方面，截至收盘，今日共计51股涨停，另有21只个股盘中一度触及涨停，封板率70.83%。


　　个股方面，大消费股集体走强，培育钻石、零售、白酒、冰雪产业等方向领涨，中百集团22天14板，友好集团、东百集团等多股涨停。燃气股表现活跃，长春燃气等涨停。下跌方面，AI硬件股集体调整，得润电子跌停。

　　北证50指数上涨1.67%，北交所个股美之高涨停。


　　行业资金流向：9.6亿元净流入酿酒

　　行业资金方面，截至午间收盘，酿酒、燃气等净流入排名靠前，其中酿酒净流入9.6亿元。


　　净流出方面，半导体、软件开发等排名靠前，其中半导体净流出66.7亿元。


　　个股成交金额TOP10

　　个股成交金额方面，截至午间收盘，中兴通讯位列第二，成交金额69.25亿元。


　　今日要闻

　　统计局：12月官方制造业PMI为50.1% 连续三个月位于扩张区间

　　12月份，制造业采购经理指数（PMI）为50.1%，比上月下降0.2个百分点，制造业继续保持扩张。从企业规模看，大型企业PMI为50.5%，比上月下降0.4个百分点，高于临界点；中型企业PMI为50.7%，比上月上升0.7个百分点，高于临界点；小型企业PMI为48.5%，比上月下降0.6个百分点，低于临界点。

　　六部门发文 数据产业利好不断 数据要素产业链个股梳理

　　近日，国家发展改革委、国家数据局、教育部、财政部等六部门联合印发《关于促进数据产业高质量发展的指导意见》。数据宝对数据要素产业链进行梳理，大致筛选出46只相关股票。千亿市值股仅有1只，为海康威视，最新市值2864.14亿元。从机构关注度来看，浪潮信息、海康威视、紫光股份、达梦数据、润泽科技、神州数码评级机构数量在20家及以上。其中，神州数码是表内唯一一家从事数据脱敏的上市公司。根据公告，神州数码自主研发的TDMP数据脱敏系统，在数据安全领域形成了以数据安全管控平台为核心的完整产品体系。

　　券商2025年首批“金股”出炉 A股震荡态势或延续

　　A股市场2025年行情即将启幕，当前已有券商陆续发布2025年1月月度“金股”组合。据中国证券报记者不完全统计，截至12月30日记者发稿时，招商证券、中泰证券、东兴证券等券商2025年1月推荐的“金股”近30只，覆盖银行、汽车、煤炭、电子等多个行业板块。就后市投资布局而言，业内人士表示，2025年1月A股市场整体或延续震荡态势，大的配置方向上，应规避高弹性和前期涨幅靠前的品种，突出稳健的品种，重在挖掘结构性机会，主题投资看好端侧AI、新零售和机器人等方向。

　　洋河股份拟10派23.3元！A股又现大额分红

　　洋河股份12月30日晚间公告，公司拟以现有总股本15.06亿股为基数，用未分配利润向全体股东每10股派发现金红利23.3元（含税），合计派发现金红利约35.1亿元（含税）。除洋河股份外，国泰环保、佳驰科技、古井贡酒等多家上市公司发布大额分红计划。

　　多部委年度工作会议剧透2025年四条政策主线

　　近期，国家发展改革委、财政部、住房城乡建设部、工业和信息化部等部委相继召开年度工作会议，部署2025年重点工作。从部委部署来看，明年政策将围绕扩大国内需求、支持现代化产业体系建设、推动标志性改革、防范化解重点领域风险四条主线发力。



　　机构观点

　　银河证券：周期底部运行，把握化工结构性投资机会

　　中国银河证券研报表示，目前我国化工行业景气正值历史底部区域，预计2025年Brent原油价格中枢下移至70美元/桶，行业成本端压力有望缓解，但行业景气修复程度与供需情况息息相关。供给端，近几年化工行业资本开支增速趋缓，但在建、存量产能仍待时间消化；需求端，国际贸易摩擦不确定性增强，化工品出口预计面临一定挑战，政策端持续发力下，聚焦内需潜力的释放。2025年应重点关注内需提振、新材料国产替代、资源品三条主线，把握化工结构性投资机会。

　　中信证券：预计2025年是房地产行业真正实现行稳致远的元年

　　中信证券研报表示，预计2025年是房地产行业真正实现行稳致远的元年。这不仅表现为房屋销售规模平稳，核心城市房价在超跌之后温和回升，也表现为土地成交在距高点下跌超过50%之后开始转暖，企业运营性现金流趋好。当然，不同城市，不同主体，不同物业之间的分化更大，核心城市，优质主体，运营良好的物业在低利率环境下可能备受市场青睐。

　　天风证券：行业需求有望回暖，汽车板块行情或将逐步乐观

　　天风证券研报表示，华为乾智驾再升级，各大车企智能驾驶加速推进。政策端&供给端发力，行业需求有望回暖，板块行情或将逐步乐观。中央财经委牵头推进汽车以旧换新政策，政策催化下需求悲观预期纠偏。以旧换新政策持续发力，商务部数据显示，截至12月13日零时，汽车以旧换新带动乘用车销量超520万辆，其中报废更新超251万辆，置换更新超272万辆，“两新”政策实施以来，为今年的汽车市场带来了显著的正向拉动。重点看好奇瑞产业链；赛道维度看好轻量化、线控底盘、车灯、座舱，推荐：1、零部件：瑞鹄模具、拓普集团、伯特利、爱柯迪、华达科技、新泉股份、继峰股份、沪光股份、星宇股份、飞龙股份、松原股份等；2、整车：江淮汽车等；3、智能化：德赛西威（与计算机组联合覆盖）等。

　　中金公司：2025年医疗器械板块细分赛道有望受益于产品升级与海外出口

　　中金公司研报称，尽管受医疗行业整顿持续、设备招采进展缓慢、IVD和高耗集采等因素的影响，医疗器械上市公司近几个季度有一定业绩扰动，但我们也观察到这些因素的边际影响在逐步减弱或修复改善，2025年医疗器械板块细分赛道或有望受益于产品升级与海外出口。

　　国泰君安：全球国防支出占GDP比重有望提升，军工板块长期趋势向好

　　国泰君安研报称，全球国防支出占GDP比重有望提升，军工长期趋势向好。1）爱沙尼亚总理米查尔还建议“联合远征军”成员国将国防支出提高至国内生产总值的2.5%，以对抗俄罗斯。2）基于当前国内外形势，我们认为，大国博弈有望持续加剧，美国及其盟友国防战略重心逐步向印太转向，中国周边局势可能继续维持紧张状态，为保卫和平和国家主权，仍须加大国防投入。因此，军工板块长期趋势向好。2027年要确保实现建军百年奋斗目标，十四五期间有望加速补短板。3）参照以往经验，预计十四五规划将循序渐进落地，2025年板块利润表与现金流量表或持续改善。

　　东吴证券：继续看好科技成长和内需顺周期

　　东吴证券研报表示，1月继续看好科技成长和内需顺周期。继续看好科技成长。短期催化方面，特朗普上台可能推出新的政策举措，彼时以其贸易政策为代表的外部扰动料将加剧，或为科技行情带来潜在催化。中长期来看，随着中美科技博弈升温，科技“自主可控”、“自立自强”是内循环当中的最大增量。以科技创新提高要素生产效率，在国内需求和供给之间形成新的配套产业链，是畅通“内循环”新格局的重要抓手，亦即新能源、人工智能、空天信息等领域的技术创新和发展，将获得决策层高度重视。继续看好自主可控和新质生产力为代表的科技板块。继续看好内需顺周期方向。明年两会之前，面向2025年的政策预期难有证伪风险，市场逻辑将沿着 “预期政策拐点――预期斜率过高――预期斜率向下修复――预期斜率向上空间重新打开”的逻辑演绎。鉴于明年年初有望继续落实内需方面的增量政策，1月顺周期风格将迎来阶段性的配置机会。关注消费新增长点/政策潜在增量及专项债重点支持的“两重”、“两新”方向。"
珠宝首饰	https://finance.eastmoney.com/a/202412243277398240.html	圣诞节前夕港股提前休市 三大指数集体上涨 微盟集团涨超30%	"　因圣诞节假期，港股市场今日是半日市。截至收盘，恒生指数涨1.20%，报收20121.91点；科技指数涨1.23%，报收4512.50点；国企指数涨1.34%，报收7310.49点。

image
　　注：恒生指数的表现

　　值得注意的是，港股市场在12月25-26日期间停止交易。直到12月27日恢复正常交易。

　　今日市场

　　从市场表现来看，航运、银行、保险等多数个股涨幅居前。此外，受益于微信小店新功能的腾讯概念股再度走强。

　　航运股延续涨势象兴国际涨超14%

　　航运股中，象兴国际(01732.HK)、东方海外国际(00316.HK)、太平洋航运(02343.HK)分别上涨14.29%、6.41%、6.13%。

image
　　注：航运股的表现

　　消息方面， 国务院国资委近日印发了《关于改进和加强中央企业控股上市公司市值管理工作的若干意见》。其中提出，中央企业和控股上市公司要将股票回购增持作为一项长期性基础性工作，建立常态化股票回购增持机制。高度重视控股上市公司破净问题，将解决长期破净问题纳入年度重点工作。

　　受此消息刺激，银行和保险股也走强。截至收盘，中信银行(00998.HK)、农业银行(01288.HK)、交通银行(03328.HK)分别上涨2.94%、2.09%、1.79%。

image
　　注：银行股的表现

　　保险股中，中国财险(02328.HK)、中国太保(02601.HK)、友邦保险(01299.HK)分别上涨3.33%、2.25%、2.07%。

image
　　注：保险股的表现

　　微信小店新功能持续提振腾讯概念股多数走强

　　腾讯概念股中，微盟集团(02013.HK)、有赞(08033.HK)、东方甄选(01797.HK)分别上涨31.05%、11.59%、3%。

image
　　注：腾讯概念股的表现

　　消息方面，微信日前公告称，启动“送礼物”功能的灰度测试。用户可以自己付钱在微信小店购买珠宝首饰、教育培训类目之外且不高于1万元的商品用于赠送微信好友，礼物送出24小时内领取有效。

　　华泰证券指出，微信送礼功能或有望成为微信红包2.0。参考2015年春节微信红包的成功经验（除夕当日收发总量达10.1亿次、春晚微信摇一摇总量达110亿次、峰值8.1亿次/分钟）、考虑到微信小店近半年的持续演进优化、此次功能推出正值圣诞元旦春节等节假日密集的社交高发期，预计微信小店功能或重塑电商格局、带动相关品牌商的GMV。

　　个股异动

　　【海昌海洋公园涨近11% 近一个月涨近50%】

　　海昌海洋公园(02255.HK)涨10.91%，自12月以来累计上涨46.34%。消息面上，该公司在近期宣布，旗下文旅项目北京海昌海洋公园已于日前启动总包招标，标志着该项目将进入实质性建设阶段。

　　【小米集团涨超18% 小米汽车正式接入VLM视觉语言大模型】

　　小米集团-W(01810.HK)涨18.38%，报收32.65港元。12月23日，小米汽车宣布，小米SU7 1.4.5 OTA已开始推送，共13项新增功能，26项体验优化。本次更新正式接入VLM视觉语言大模型，系统可识别复杂道路环境和特殊交通规则区域，并通过文字和语音提示。此外，充电地图升级，与蔚来、小鹏、理想达成充电补能网络合作。"
珠宝首饰	https://finance.eastmoney.com/a/202412203274268733.html	食品饮料板块拉升，盐津铺子、来伊份等涨停，年货节旺季来临	"在东方财富看资讯行情，选东方财富证券一站式开户交易>>

　　食品饮料板块20日盘中发力走高，截至发稿，皇氏集团、紫燕食品、盐津铺子、来伊份、妙可蓝多、好想你等涨停，甘源食品涨超7%。

　　消息面上，微信小店开启“送礼物”功能，除珠宝首饰和教育培训外的微信小店均可以支持送礼物，赠送人在小店商品详情页通过“支持送礼物”入口选择款式、金额等，选择朋友完成支付后礼物自动送出。接收方会收到类似红包的礼物消息，点开填写收货地址，在确认“收下礼物”前还可选择该价格下的其他款式。送礼方和接受方均可以在微信查看相关订单物流信息，方便快捷。

　　方正证券指出，从用户体验来看，送礼物与微信红包体验类似，2015年微信首次推出微信红包，实现红包的线上化，极大满足了社交需求，微信红包习惯逐渐深入人心。传统线下拜访送礼耗时耗力，传统邮寄送礼方式需要询问地址、下单等，比较繁琐，且存在接收方不清楚物流信息等问题，送礼方订单太多难以管理等痛点。此次“送礼物”社交功能的线上化，叠加元旦、春节来临，有望引发线上送礼的潮流，提升年货节需求。

　　该机构表示，短期看礼盒产品预计成为年节送礼的主要产品，长期来看，零食产品客单价低，品种丰富，与送零食相比，发红包相对单调，仅有金额的变化，对某些群体如情侣、家人等，零食单价较低，有望取代发红包成为日常和节假日的新社交习惯，有望成为下一轮渠道红利。年货节旺季来临叠加送礼线上化激发礼盒赠送需求，长期看零食微信送礼有望日常化，头部零食供应商品牌效应更强，显著受益。"
珠宝首饰	https://finance.eastmoney.com/a/202412233275270756.html	中信证券：微信小店灰度测试“送礼物”功能 关注电商服务商等	"【中信证券：微信小店灰度测试“送礼物”功能 关注电商服务商等】中信证券研报认为，12月18日微信小店正式开启“送礼物”功能的灰度测试。微信作为中国最流行的社交应用程序之一，微信小店“送礼物”功能作为全新的商业模式，预计将带来广阔的可选消费以及“情感化”消费空间。结合微信目前已经取得的市场地位，后续“送礼物”功能传播裂变有望超预期，主题热度有望跨年。
　　在东方财富看资讯行情，选东方财富证券一站式开户交易>>

　　中信证券研报认为，12月18日微信小店正式开启“送礼物”功能的灰度测试。微信作为中国最流行的社交应用程序之一，微信小店“送礼物”功能作为全新的商业模式，预计将带来广阔的可选消费以及“情感化”消费空间。结合微信目前已经取得的市场地位，后续“送礼物”功能传播裂变有望超预期，主题热度有望跨年。投资方向上看，建议关注五大方向，确定性的角度建议关注入驻零售商，弹性角度建议关注电商服务商以及品牌&广告代理运营商。

　　全文如下
　　悦己经济｜期待微信红包2.0时刻，掘金五大方向

　　12月18日微信小店正式开启“送礼物”功能的灰度测试。微信作为中国最流行的社交应用程序之一，微信小店“送礼物”功能作为全新的商业模式，我们预计将带来广阔的可选消费以及“情感化”消费空间。结合微信目前已经取得的市场地位，后续“送礼物”功能传播裂变有望超预期，主题热度有望跨年。投资方向上看，我们建议关注五大方向，确定性的角度建议关注入驻零售商，弹性角度建议关注电商服务商以及品牌&广告代理运营商。

　　事件：

　　微信小店正式开启“送礼物”功能的灰度测试。根据12月18日微信团队公告，微信小店正式开启“送礼物”功能的灰度测试，除了珠宝首饰、教育培训类目，以及原价高于1万元的商品外，都将默认支持“送礼物”功能，商品详情页会展示“支持送礼物”入口。

　　商业模式创新，“首发经济”典型案例。

　　微信作为中国最流行的社交应用程序之一，微信小店“送礼物”功能作为全新的商业模式，我们预计将带来广阔的可选消费以及“情感化”消费空间。“首发经济”主要是指新技术、新产品、新服务、新模式、新业态的首次发布和展示，强调整个链式发展的完整过程，还要体现时尚、品质、新潮的消费升级特征，此次微信小店“送礼物”功能创新就是“首发经济”的典型案例。

　　传播裂变有望超预期，主题热度有望延续。

　　我们认为渗透率是衡量主题投资与产业投资的关键要素。结合微信目前已经取得的市场地位，新功能上线到被广泛使用的速度可能相当快。后续需关注渗透率加速的催化剂：1）关注重点节假日“送礼物”功能的使用量，因为节假日本身天然存在送礼物需求；2）灰度测试情况，以及腾讯对相关产品和功能的进一步迭代；3）KOL的宣传以及营销热点事件；4）高频数据上看，包括使用人次、商家数量等，以此来衡量招商和用户运营效果。

　　掘金五大方向，确定性的角度建议关注入驻零售商，弹性角度建议关注电商服务商以及品牌&广告代理运营商。

　　1）微信拥有广泛的用户场景和流量渠道优势，微信小店与微信视频号、社群裂变、搜索结合形成直播电商、社交电商、货架电商等模式。展望未来，社交裂变有望加速微信电商潜力释放，裂变情况可以参考我们上文提到的相关催化。

　　2）微信小店及电商服务商；

　　3）品牌&广告代理运营商；

　　4）已开通微信小店的消费零售企业，我们建议结合新消费业态，关注目前已经有爆款单品、或优异的线上运营经验的公司；

　　5）有潜力的爆款产品方向，有望通过微信小店形式快速传播起量，结合消费补贴，我们建议持续关注端侧AI落地与IP经济方向，包括AI眼镜、AI耳机、AI玩具以及潮玩文创等领域的潜在爆款产品。

　　风险因素：

　　新功能推广及商业化不及预期；文化监管政策风险；宏观经济发展承压；行业竞争加剧风险。"
珠宝首饰	https://finance.eastmoney.com/a/202412283281544972.html	测试“实物红包” 腾讯再战社交电商	"从12月19日开始，夏恒变得非常忙，每天都被安排多场线上咨询会议，多的时候一天被安排十来场，而且被咨询的还都是同一件事――近期微信“灰度”上线的“送礼物”功能，也被叫作“实物红包”。

　　夏恒是微信视频号头部服务商――第一时间的创始人，比较了解微信生态的变化。在多个咨询电话的间隙，夏恒抽出时间接受了《中国经营报》记者的采访。

　　“这一波的咨询需求中，除了电商商家之外，还有一些券商分析师和基金经理，他们非常想知道微信这个功能的应用前景，及其对微信生态的影响。”夏恒对记者说道。资本是嗅觉最敏感的，也是市场风起时能赚到第一波钱的那部分人。

　　12月19日和20日，在港股市场，微信电商服务商微盟集团（02013.HK）和有赞（08083.HK）股价都获得了不错的涨幅，其中微盟集团股价连续两天的涨幅分别达到35.76%和25.37%。在A股市场，微信小店概念股也是大涨，12月19日，凯淳股份（301001.SZ）、天地在线（002993.SZ）、元隆雅图（002878.SZ）等个股涨停，三只松鼠（300783.SZ）、星徽股份（300464.SZ）等公司的股价也出现了大涨。

　　2014年春节，微信以社交“红包”的形式奇袭先跑十年的支付宝。即将到来的蛇年春节，微信是否会在春节前夕面向全社会全量放开实物红包？这次的实物红包又能否帮微信小店真正打响“社交电商”战役，让腾讯在其“屡战屡败”的电商领域一举翻身？

　　“实物红包”灰度测试

　　微信对实物红包的保密措施做得非常严密。

　　12月18日当天夜晚，微信“送礼物”功能突然上线，开始了灰度测试（灰度测试即面向部分普通用户开放使用，只有被灰度涵盖到的用户才能使用该项功能）。

　　当晚，微信营销科技平台百准公司CEO龚海瀚就和很多微信服务商同行互相发微信实物红包。“从送礼物到收礼物整个过程都很流畅。”龚海瀚对记者说道。

　　传统微信红包在聊天页面进行发送，实物红包则是送礼一方在微信小店选择好某一商品后，在该商品的首页点击“送给朋友”，然后拉起含有商品款式和金额的选品页面，完成支付后可以将心意卡片送给选中的好友。

　　从外观上来看，微信里面的普通红包使用的是红色的封皮，送礼物的实物红包则采用蓝色封皮。收礼物的一方，在微信聊天页面点击蓝色红包，填写收货地址并点击“收下礼物”就完成了线上收礼物的过程。实物商品将由微信小店商家通过物流的方式寄送到收货地址。

　　记者观察到，在微信小店中，商品首页的位置显示着该商品是否“支持送礼物”。12月20日，记者随机点开十几个不同店铺的不同商品，发现大部分微信小店的商品都开通了“支付送礼物”的功能，开通的商家既包括百丽、中信书店、麻六记、欧迪芬、九牧王等品牌，也有很多中小微商家。

　　记者从腾讯方面获得的微信小店“送礼物”指南显示，该指南在12月17日发布，目前仅珠宝首饰、教育培训及其他两个一级类目的商品不支持“送礼物”/功能，“送礼物”的商品款式原价不得高于1万元。并且，目前仅支持店铺层面关闭“送礼物”功能。

　　其实，此前一些微信电商服务商已经开发过类似“送礼物”的功能，但在体验上肯定不如微信官方此次推出的这么顺滑，而且也没有官方的背书和担保。

　　社交基因结合电商

　　微信对“送礼物”功能进行灰度测试后，首先嗅到风向的是券商、基金公司，毕竟资本市场看中的是微信电商的发展预期。如今，主流的几大电商平台都有各自的定位和特色“名片”，例如淘宝的“新奇特”、京东的3C家电和自营、拼多多的低价、抖音和快手的直播带货，当用户有不同购物需求的时候，就会前往不同的电商平台进行消费。视频号的快速发展，让微信电商有了新的希望，然而微信电商还缺乏和其他电商平台明显差异化的定位和特色。

　　记者随机采访了一些消费者，以及一些在大型消费品牌工作的员工，发现大部分人很少在微信里面购物。

　　微信想要打响社交电商的名片，首先要解决的是如何切入真实的社交场景中。有赞CEO白鸦表示，微信的“送礼物”功能是将电商交易和社交有机结合的一个功能。

　　“社交领域有很强的送礼需求，包括员工福利、给客户和合作伙伴的节日礼物、逢年过节时给家人亲戚朋友送东西等。以前还需要找他们要联系方式、地址，现在直接通过微信线上就能送礼物，方便了很多。”夏恒认为，“送礼物”功能里面也有裂变逻辑，当年微信红包曾经以裂变的形式在春节期间快速推广，在这波送礼高峰期，微信“送礼物”功能可能也会以用户自发裂变的方式推广。

　　今年8月，微信正式支持商家将视频号小店升级成微信小店，微信小店完全集成到微信生态中，享受来自社交（如单聊、群聊、朋友圈）、公众号、微信搜一搜、视频号等多个渠道的流量支持。

　　多位业内人士对记者表示，这意味着微信小店未来将承载整个微信生态所有场景的电商基础功能，不再只关注视频号本身。微信小店也有希望吸引更多的商家入驻。

　　但吸引商家在微信生态中开一个微信小店，并不是一件简单的事情。首先，微信在十多年的发展过程中，其实已经生长出很多电商，例如小程序电商、微商、团购等。其次，白鸦指出，新开渠道对于商家经营来说，需要新搭建一个团队、考虑新的渠道商品的上下架、优惠折扣的设置、订单的打单及物流售后等一系列问题。在没有明显市场预期的时候，商家对于新开一个销售渠道需要很长的考虑时间。

　　例如百丽、欧迪芬等大型品牌，在微信生态的电商除了微信小店，还有已经存在多年的小程序电商，百丽视频号下挂的官方店铺其实是品牌已经运营多年的小程序电商，而不是微信小店。

　　还需注意的是，此次微信上线的实物红包其实只包括微信小店这一个渠道。龚海瀚分析指出，微信可能想将实物红包功能做成微信小店独有的能力，将之前微信生态存量的小程序电商交易、微商交易，通过这个功能逐渐引导商家将微信小店作为承接，从而让微信小店真正成为整个微信电商的交易枢纽，提升用户体验。

　　提到为什么使用“引导”一词，龚海瀚说道：“微信小店的很多能力相对其他发展迭代多年的电商平台，还比较简单。虽然该有的功能都有，但各项功能都有很多需要优化的地方。”

　　微信这一波“送礼物”功能上线后，明显吸引了很多商家入驻微信小店。近日，记者以“咖啡”“羽绒服”“湿巾”“手机”“洗地机”等作为关键词搜索微信小店，发现都有不少新店开张，其中还包括瑞幸咖啡、酷派、海尔、纽曼、松下等知名品牌。龚海瀚告诉记者：“微信小店送礼物功能在上线之后，很多商家连夜开会，根据自己的受众群体去储备各自适合送礼的产品。”

　　在业内人士分析看来，微信小店送礼物在春节前后或许是快速裂变期，之后逐渐在用户心目中形成送礼物的场景。“未来在微信里面给闺蜜点奶茶、给家人买蛋糕，可能都会变成日常消费。随着大家使用的次数逐渐提高，也能逐渐把微信小店的产品丰富度和质量带起来。”夏恒对记者畅想道。

　　但在消费者端的裂变情况，将是微信实物红包面临的更大的考验。

　　龚海瀚认为，首先，送礼物功能还是1.0版本的产品，没有那么神乎其神。另外，实物红包相比之前的货币红包来说，爆发性完全属于两个量级。

　　目前微信“送礼物”功能还只是在部分用户中进行灰度测试，是否会在春节期间正式开放还不得而知。从目前实物红包的使用链路来看，微信也还没有把它放在聊天页面，比如在现有红包按钮旁边新增一个按钮。“虽然实物红包的使用频次没有货币红包那么高，但若真的向所有微信用户全量放开，引发的规模还是可以期待的。”但龚海瀚同时认为，实物红包全量放开后涉及的问题也更为复杂。微信货币红包当年全面向市场放开，虽然会有大规模并发数据的问题发生，但增加一些服务器就能解决问题。而实物红包背后涉及很多的供应链能力，包括商品供给、监管、物流、客服等，这些不是简单增加服务器就能解决的问题。"
珠宝首饰	https://finance.eastmoney.com/a/202412263280369665.html	李永忠家族筹谋五年 西普尼冲刺“金表第一股”	"今年来，随着金价上涨，黄金制品商赚得盆满钵满的同时，也瞄上了资本市场。老铺黄金（6181.HK）、梦金园（2585.HK）等纷纷登陆港交所。近日，又有一家出身莆田的金表品牌赴港冲刺“金表第一股”。

　　近日，据港交所官网，深圳西普尼精密科技股份有限公司（以下简称“西普尼”）向港交所递交招股书说明书，计划申请主板上市，中国平安资本（香港）为其独家保荐人。

　　筹谋五年，珠宝商李永忠家族冲刺“金表第一股”

　　据招股书，西普尼成立于2013年，是一家贵金属手表设计商、制造商和品牌拥有人，拥有核心品牌“西普尼”及副品牌“金熊”，产品包括贵金属手表、智能手表、表带等。

　　西普尼的总部位于全国最大的黄金珠宝交易市场――广东省深圳市水贝国际珠宝中心，公司的实控人李永忠来自福建莆田。

　　据招股书，李永忠在珠宝钟表行业有超20年的经验，曾经营过多家珠宝首饰公司。2013年，李永忠的女婿胡少华创办了西普尼的前身“尊尚钟表”，主攻钟表生意，两年后，李永忠带着两个儿子李硕及李林茂加入了女婿的公司。

　　IPO前，李永忠、胡少华、李硕、李林茂四人为公司控股股东，李永忠持有公司20.53%的股份，其他三人各持股13.69%，四人合计持有公司股权约61.60%。

　　事实上，西普尼筹备上市已久。

　　2016年，西普尼挂牌新三板，三年后摘牌与民生证券签署IPO辅导协议，并向证监局递交了IPO备案材料，但于2020年暂停了该计划。2022年8月，西普尼再度挂牌新三板，并筹备赴北交所上市。

　　挂牌之际，2023年4月，金银谷投资分别以3204.1万元的代价收购了公司200万股、以1.22亿元的对价收购了764.5万股。截至目前，金银谷投资从成为仅次于实控人李永忠的第二大股东，持股比例约为20%，公司估值约为7.73亿元。

　　据灼识咨询，于2023年，西普尼既是国内最大的金表品牌（就销量计算），也是中国最大的足金手表品牌（就GMV计算），就金表销量及足金手表GMV计算的市场份额分别为8.97%及35.83%。

　　自主品牌主要针对中国二三线城市的城市中等收入消费者，价格在1799元至29800元不等。其中，“西普尼”以大众市场消费者为目标，而“金熊”的主要目标客户为中等收入的消费者。

　　2021年起，公司管理层决定集中资源发展“西普尼”，减慢了金熊手表的生产速度，并于2023年逐步停止生产该品牌。

　　此外，西普尼也通过担任第三方国内珠宝品牌及批发商的ODM制造商获得收入，包括为其开发及生产贴牌贵金属手表及饰品，并提供受托加工服务。西普尼的ODM客户包括多个国内知名珠宝品牌，如老凤祥、中国珠宝及周大生等。

　　此次IPO，西普尼拟将募资额用于成立新莆田生产基地、升级深圳生产基地的生产设施、建立莆田研发中心、拓展智能手表市场等。

　　黄金涨价，金表售价抬高

　　今年来，黄金价格屡创新高，金表的生意又如何？

　　总体来看，西普尼的业绩在经历2022财年大幅下跌后，在2023财年及今年上半年迎来回暖，毛利率水平大幅上涨。

　　招股书显示，2021财年至2023财年及2024年上半年（以下简称“报告期”），公司录得收入分别为4.499亿元、3.24亿元、4.45亿元、2.26亿元；净利润分别为5885.2万元、2454.1万元、5209.9万元、2707.5万元；毛利率分别为22.6％、19.8％、24.3％、25.1％。

　　按业务模式划分，OBM业务占据了八成以上收入。报告期内，OBM业务的收入分别为3.59亿元、2.70亿元、4.02亿元、1.70亿元，占比分别为79.8%、83.3%、90.4%、75.2%；ODM业务的收入分别为9080.8万元、5393.9万元、4260.3万元、5600.3万元；占比分别为20.2%、16.7%、9.6%、24.8%。

　　按产品类型划分，贵金属手表为公司主要收入来源。报告期内，贵金属手表分别实现销售收入3.89亿元、2.89亿元、4.03亿元、2.26亿元，占比分别为86.5%、89.4%、90.4%、72.3%；饰品的收入分别为5181.0万元、3433.9万元4240.6万元、4842.8万元、占比分别为11.5%、10.6%、9.5%、21.4%。

　　随着金价的上涨，贵金属手表的平均售价也出现增长。

　　报告期内，西普尼的贵金属手表平均售价分别为2064元/件、2534元/件、2858元/件、3083元/件。不过，贵金属手表的销量却存在波动。报告期内，贵金属手表的销量分别为18.9万件、11.4万件、14.1万件、5.3万件。

　　除了贵金属手表，西普尼的手表产品中还包括智能手表。2018年，公司开始拓展智能可穿戴设备业务，销售搭载了华为智能机芯的智能手表，并于2023年推出了首款足金智能手表。据其天猫官方旗舰店，在售的西普尼智能手表售价为3099元（优惠前）；西普尼智能金表售价为8539元（优惠前）。

　　智能手表的收入波动较大。报告期内，分别实现收入891.8万元、4000元、33.7万元、1417.9万元，占比分别为2.0%、0.0%、0.1%、6.3%；产品销量分别约为7000件、100件、700件、1万件。

　　值得注意的是，金表的原材料主要为黄金，占据了公司原材料成本九成以上，公司的原材料成本经年居高不下。报告期内，原材料成本分别为3.16亿元、2.34亿元、3.08亿元、1.56亿元，占总收入的比重分别约为70.2%、72.2%、69.21%、69.02%。

　　为了降低因黄金价格大幅下跌造成的影响，公司选择向银行租赁黄金降低风险，租赁到期时，公司向银行交付相同类型、数量及质量的黄金。因此，当黄金价格上涨超过合约价格时，公司除去支付利息外，还存在一定亏损。截至各报告期末，公司流动负债中，计入黄金租赁的金额分别为0、2832.4万元、3884.7万元、4619万元。

　　目前，公司的大部分存货为黄金存货，如金锭、硬金等，购买原材料导致存货增加，黄金价格的波动性也对公司存货账面价值产生影响。截至各报告期末，存货的结余分别为4.81亿元、5.13亿元、6.34亿元、6.38亿元；存货周转天数分别为457天、699天、620天及680天。"
珠宝首饰	https://finance.eastmoney.com/a/202412233275825076.html	今日投资参考：微信小店灰测“送礼物” 人形机器人迎来商业化	"中信建投证券指出，明年初宽松政策仍有望加码，降准降息值得期待，资金有望进一步流入A股市场，且各部委具体政策也有望陆续推进落地，预计跨年行情将继续。关注潜在政策发力受益方向，AI+是中期产业主线，值得持续跟踪。

　　今日投资机会解析

　　微信小店灰测“送礼物”

　　12月18日微信团队公告，微信小店正式开启“送礼物”功能的灰度测试，除了珠宝首饰、教育培训类目，以及原价高于1万元的商品外，都将默认支持“送礼物”功能，商品详情页会展示“支持送礼物”入口。

　　中信证券指出，微信作为中国最流行的社交应用程序之一，微信小店“送礼物”功能作为全新的商业模式，预计将带来广阔的可选消费以及“情感化”消费空间。结合微信目前已经取得的市场地位，后续“送礼物”功能传播裂变有望超预期，主题热度有望跨年。投资方向上看，建议关注五大方向，确定性的角度建议关注入驻零售商，弹性角度建议关注电商服务商以及品牌和广告代理运营商。

　　人形机器人迎来商业化

　　据悉，以Figure、Agility、智元、宇树、乐聚、优必选等为代表的全球优秀机器人主机厂商已陆续开始出货或加速出货，2024年确立为人形机器人“商业化元年”。近日，Figure机器人CEO在X平台宣布，Figur02机器人正式交付客户并创收；智元机器人官方微信视频号发布更新视频，宣布其多款人形机器人已实现客户工厂部署，今年累计出货将达到962台；此外，Agility、宇树、乐聚、优必选等国内外主要整机厂商均通过其官方外宣渠道宣布了其产品出货情况，纷纷迎来商业化。

　　中信证券指出，2024年全球人形机器人出货数量将达到2000台以上，正式迎来商业化元年，目前主流厂商在手订单累计已超过1万台，预计2025年全球人形机器人出货将达到1万-2万台。人形机器人板块发展趋势确定，2025年放量较为明确，有望迎来新一轮密集催化期；且泛AI应用的行情主线仍将延续，机器人是其重要的分支赛道之一；坚定看好板块后续机会，继续推荐。建议关注以下五条主线：1）特斯拉产业链；2）华为及川渝产业链；3）英伟达相关产业链；4）国内军用及特种机器人产业链；5）国内其他产业链相关及竞争格局较好的公司。

　　其他影响市场的消息

　　香港互认基金管理规定修订发布

　　中国证监会12月20日修订发布《香港互认基金管理规定》，自2025年1月1日起实施。《管理规定》主要修订内容包括：将香港互认基金客地销售比例限制由50%放宽至80%；适当放松香港互认基金投资管理职能的转授权限制，允许香港互认基金投资管理职能转授予集团内海外关联机构；为未来更多常规类型产品纳入香港互认基金范围预留空间。

　　国泰君安与海通证券合并正加速推进

　　12月22日，海通证券和国泰君安同时公告，香港证监会已批准国泰君安作为存续公司，在本次合并后成为海通证券相关境外子公司大股东。此前在12月13日，双方合并重组交易方案获股东大会高票通过后，16日即向证监会提交了合并核准等相关申请。

　　广电总局要求加强微短剧片名审核

　　近日，国家广播电视总局网络视听司发布《管理提示（加强微短剧片名审核）》，对微短剧片名出现的不良倾向进行及时纠偏，并在导向、体例、艺术等方面提出新要求。针对微短剧顽疾，管理提示明确：不得使用恶俗、恶趣味等违背公序良俗的片名，不渲染极端对立、复仇、暴戾、焦虑；尽量规整并关联剧情，不使用过度冗长和口语化的片名；应提升审美内涵，增强其艺术性，不滥用夸张等手法进行恶搞。

　　印度考虑大幅削减镍矿开采配额

　　据外媒报道，印尼政府正在考虑采取一项重大举措，即大幅削减明年的镍矿开采配额，旨在提振镍价。知情人士透露，印尼能源和矿物资源部正计划将2025年的镍矿开采量降至1.5亿吨，相比今年的2.72亿吨，降幅高达45%。

　　一德期货有色金属分析师谷静介绍，印尼作为全球镍储量最大的地区，曾在2014年和2020年两次禁止镍矿出口，以促进国内冶炼以及下游产业的发展。据初步估算，全球2024年原生镍总产量352万吨，印尼贡献了208万吨，占比高达60%。"
珠宝首饰	https://finance.eastmoney.com/a/202412203274763051.html	「e公司观察」微信送礼难以复制微信红包奇迹	"微信小店近日灰度测试“送礼物”功能，除了珠宝首饰、教育培训类目外，其余微信小店商品将默认支持“送礼物”功能。

　　有分析人士认为，送礼物功能将会复制微信红包的成功，帮助微信争夺电商市场。

　　由于送礼市场规模不大，送礼场景有限，在用户尝鲜之后很容易沉寂下去，很难复制微信红包推出给微信支付带来的收获。

　　微信送礼是微信小店为了刺激活力推出的一项新玩法。微信小店承担了腾讯在电商业务上的努力。早在2014年5月，腾讯推出“微信小店”，依靠微信公众号平台的微信小店并没能获得成功。 2020年7月微信官方宣布，微信小店全面下线，腾讯推出“微信小商店”，提供商品售卖、订单物流、客服售后、小程序直播等功能。今年8月25日，视频号小店正式升级为微信小店，扩展了多渠道卖货、小程序跳转、搜索发现三个能力。

　　马化腾在8月份腾讯业绩沟通会上，提出微信小店不仅要依靠视频号，还要与包括公众号、小程序、企业微信等在内的微信生态更加紧密地连接在一起，以此建立一个更为系统化的微信电商生态。

　　微信推出送礼功能，很好地利用了微信生态的熟人社交功能。逢年过节给亲戚朋友客户送礼是个很重要的需求。微信送礼更加便利，而且能传达一些不一样的情感，可能会受到年轻人的喜欢。但一些需要见面送的场景或者有隐私需求的场景，微信送礼就很难使用。

　　2018年微信上出现一个“送礼神器”小程序，可以在小程序里挑选商品，收礼者填写地址，功能和微信送礼一致。该小程序刚出现时火了一把，后来就沉寂下去。这说明送礼功能很难成为一个大的应用场景。

　　微信善于将一个功能挖掘，并在社交平台里产生发酵反应，比如“飞机大战”、“跳一跳”游戏，都成为现象级产品。所以送礼功能上线后，也可能会吸引一部分好奇者，阶段性刺激微信小店销量。

　　但要成为一个长期热门应用，还需要经过重重考验。“飞机大战”等早已被忘掉了。

　　微信红包2014年春节期间推出，中国人有春节期间发红包的习惯，微信群里抢红包变成了一项增进感情的活动，为了抢红包，用户纷纷绑定银行卡，微信支付由此崛起，微信金融业务也依此建立起来。微信红包的推出，被马云称之为“偷袭珍珠港”，支付宝在移动支付界的地位被撼动。

　　一直到现在，微信红包都还是活跃功能，微信支付成为不可缺少的应用。

　　微信红包还推出过立体红包功能，将钱包放在墙角等空间内，用户到现场去抢，这个功能也没有推广开来。这跟当时任天堂推出一款游戏很像。同样是抢红包，也不一定能成功。现场抢红包有娱乐属性，但丧失了便利性。

　　同样是送礼，微信送礼是实物的，显得更为正式，而微信红包有更强的娱乐属性，有更强的社交场景。购物更多是家庭所需，礼物在其中占比较少，不可能是较小的场景推动较大的需求发展。

　　微信生态庞大，有流量导入又有用户便利，不过微信小店发展并不尽如人意。和头部电商平台相比存在感不强。微信送礼只能刺激小店的活跃度，微信小店要发展根本上还要依赖视频号增长带来的流量，提升购物效率。"
珠宝首饰	https://finance.eastmoney.com/a/202412263280149765.html	中国黄金风波再起：70亿元理财爆雷案背后的权力与金钱游戏	"一波未平一波又起，中国黄金（600916）又出事了。

　　12月23日，已失联近五个月的中国黄金原董事长陈雄伟终于有了最新动态。据天津市纪委监委消息，中国黄金集团黄金珠宝股份有限公司原党委书记、董事长陈雄伟涉嫌严重违纪违法，目前正在接受中央纪委国家监委驻国务院国资委纪检监察组和天津市滨海新区监委纪律审查和监察调查。

　　据第一财经援引权威信源消息，有关部门从陈雄伟及其家人、关系密切的异性家中搜查出数量惊人的黄金珠宝。

　　值得注意的是，陈雄伟已经是今年以来中国黄金集团落马的第三位高层了。此前，今年9月25日，中国黄金集团有限公司原党委书记、董事长卢进被宣布涉嫌严重违纪违法；12月8日，中国黄金集团有限公司原党委委员、副总经理赵占国涉嫌严重违纪违法。三人目前均在接受中央纪委国家监委驻国务院国资委纪检监察组审查。

　　中国黄金集团是中国黄金行业唯一一家央企，其前身为国家黄金管理局、中国黄金总公司。旗下拥有4家上市公司，分别是中国黄金集团黄金珠宝股份有限公司――中国黄金（600916），以及黄金行业首家在境内A股上市企业――中金黄金（600489），在加拿大多伦多和香港两地上市企业――中国黄金国际（02099），辐照消毒灭菌行业第一家A股IPO企业――中金辐照（300962）。

　　先有集团董事长、副总经理落马，后有子公司董事长被查，这家黄金行业唯一央企内忧重重，也引发了市场的广泛关注。

　　或牵涉40亿元无法兑付的黄金理财产品

　　上述中国黄金系统多名高管被查，或与此前浙江“华侨系”基金理财爆雷案有密切关系。

　　“华侨系”，即华侨控股集团有限公司及其名下控制企业。今年9月初，“华侨系”旗下多款基金理财产品陆续出现兑付危机；到了9月9日，有投资者发现华侨财富发行的黄金理财产品已经停止兑付，并且当天创兴资源（600193）公告承认华侨控股集团有限公司实控人余增云已失联。11月6日，警方在案情通报会上通报，华侨控股实控人余增云、华侨基金总裁杨宇潇以及并列第三号人物虞之炜确认出境，涉集资诈骗罪已被上网追逃。

　　据悉，“华侨系”基金理财产品包括固收、黄金理财等数个品种，其中黄金理财类就包括与中国黄金集团合作的侨行天下APP线上黄金租赁项目。而该项目的运作方式是，投资者在“侨行天下”APP按上海黄金交易所的牌价购买实物黄金，随后委托给中鑫国际融资租赁（深圳）有限公司做代运营，并从中赚取约8%年化收益。天眼查显示，中鑫国际由中国黄金集团香港有限公司实控。

　　根据第一财经报道，“华侨系”未兑付的理财产品金额规模总计约为70多亿元，其中黄金租赁业务未兑付的资金有40多亿元。

　　事件发生后，中国黄金方面与“华侨系”迅速割席。9月10日下午3点，中鑫国际租赁发布声明称，“自成立起从未开展过黄金买卖或黄金租赁业务，也从未签署过黄金买卖或黄金租赁相关合同”。

　　不过投资者展示的资料却与中国黄金方面说法不符。在公开信息中可以看到，多份相关的流水单以及线下提金销售凭证，均显示交易对手为中国黄金集团公司。而在网上广为流传的一张提货单中，赫然有着中国黄金集团珠宝有限公司的公章，以及该公司前董事长，也是目前正在接受纪委监委调查的陈雄伟。


　　图片来源：第一财经

　　中国黄金方面解释称此系公章被冒用。在中鑫国际租赁声明中写道，“上述公章与公司公章明显不同，且无防伪编码。公司已向相关部门报案”。

　　9月23日，中国黄金集团再次发布公告与“华侨系”划清界线。公告称侨行天下的“黄金租赁APP”所涉及的系列协议系冒用中国黄金、中鑫租赁、中金珠宝北京公司为签约方，并伪造中国黄金、中鑫租赁、中金珠宝北京公司的公司公章和法定代表人名章。并且强调“我公司及中鑫租赁、中金珠宝北京公司均从未与华侨基金管理有限公司及其关联企业开展过任何业务”；“华侨基金管理有限公司及其关联企业的违法犯罪行为与我公司及中鑫租赁、中金珠宝北京公司无关” 。

　　然而“华侨系”与中国黄金方面关系匪浅。2017年9月19日，根据中国网新闻报道，中国黄金集团与华侨系下属公司华侨基金管理有限公司签订战略合作协议，中国黄金集团高层出席签约。2021年2月，在中国黄金在上交所挂牌上市时，在一众参与敲钟仪式的高管及相关人士中，就有华侨基金总裁杨宇潇。

　　另外，“华侨系”旗下的华侨商业集团有限公司曾为中国黄金的十大流通股东之一。2023年一季报时，排名第七；2023年半年报时排名第四。

　　“华侨系”爆雷案与中国黄金究竟关系如何，或许还得等警方通报。

　　加盟商频出问题

　　除了高管频出问题，中国黄金的加盟商管理更是问题重重。

　　今年上半年，中国黄金在北京一加盟商关店跑路的相关传言引爆了舆论。

　　据报道，该店是中国黄金在北京市朝阳区双井富力广场的一家加盟商门店，于2009年开业，曾以3000平方米的面积创下了当时北京单店面积之最，号称“中国黄金北京概念店”。

　　而该店却在14年的经营后突然跑路，据南方周末报道，有利益受损消费者表示，粗略统计涉及无法兑付的黄金大概有七八十公斤，以投资类金条价格计算，损失价值超过4000万元。

　　对此中国黄金在年报中表示，公司特许经营加盟商北京三鼎原黄金珠宝有限公司(下称“三鼎原”)运营的北京富力广场店，违反与公司签订的《专卖店特许经营加盟协议》，违规擅自开展所谓的“金条无忧预订”业务，私自停止经营活动，无法兑付消费者已购买的产品。

　　无独有偶的是，中国黄金屡屡出现抽查不合格的问题。

　　据新浪财经报道，12月10日，秦皇岛市监局公示了2024年度产品质量监督抽查结果，其中由中国黄金生产、海港区曹彬珠宝首饰店负责售卖的8.39克足金项链产品检验不合格，问题为经销商、生产商未明确标注。

　　今年8月，在江苏省南通市市场监督管理局发布的2024年贵金属、珠宝饰品产品质量市级监督抽查情况的公告中，由中国黄金生产、南通高新技术产业开发区宝雅珠宝店经销的足金翡翠挂坠产品检验不合格，系关于珠宝玉石名称/样品标识问题。

　　今年4月10日，江苏省常州市市场监督管理局就质量问题以及计价不透明、信息披露不充分等问题，对常州市黄金珠宝协会以及常州金店、中国黄金、中国珠宝等黄金珠宝知名品牌经营企业进行了行政约谈，督促企业履行社会责任，维护消费者合法权益。

　　目前，中国黄金的多位重要股东相继减持所持股份，宿迁涵邦投资管理有限公司、中信证券投资有限公司今年都进行过多次减持。

　　其中尤为引人注意的是，宿迁涵邦投资管理有限公司是中国黄金IPO前就持股的老股东，IPO前持有公司7515万股股票，占总股本的5.01%。而宿迁涵邦在两年半的时间里经过至少十次减持，到今年10月11日，相关公告披露，宿迁涵邦已经将所持有的中国黄金股票全部出清。

　　作为中国黄金的保荐机构――中信证券投资有限公司也减持不少。中国黄金IPO前，中信证券共持有其1.05亿股股票，占比总股本的6.98%。到了12月20日，在最新的关于中信证券的减持公告中，中信证券目前仅持有1678万股股票，占比仅1.00%。而此次公告中，中信证券计划以竞价交易的方式减持不超过1678万股，也就是说，这次减持后，中信证券也可能会将所持有的中国黄金股票全部出清。

　　内忧不断的中国黄金，亟需进行一场“刀刃向内”的改革，加强内部治理水平、强化监督机制，或许才能保住“行业内唯一央企”的口碑。（《理财周刊-财事汇》出品）"
