酿酒行业	https://finance.eastmoney.com/a/202412023256444740.html	多家酒企积极推进减污降碳 助力酿酒行业绿色发展	"11月29日，以“减污降碳协同增效绿色高质量发展”为主题的“酿酒企业低碳发展助力美丽中国建设交流会”在北京举行。会上，多位专家与酒企共同探讨酿酒企业低碳发展的难点、痛点，在“双碳”背景下如何积极推进绿色高质量发展，力求实现经济效益与生态效益的“双赢”。

　　酿酒行业在我国发展时间久、技术稳定、市场成熟。在推动高质量发展的宏观政策背景下，酿酒产业如何走好生态优先、绿色发展之路至关重要。

　　会上，中国环境科学研究院环境技术工程有限公司高级工程师郭静发布《啤酒行业低碳转型与绿色发展报告》，重点关注华润啤酒在加强顶层制度设计、持续优化用能结构、探索智能低碳生产模式等方面取得的显著成绩及产生的良好经济和绿色可持续发展效益，并为深入贯彻新发展理念，协同推进降碳、减污、扩绿、增长，进一步提升啤酒行业绿色转型提出建议。

　　国务院原国有重点大型企业监事会主席赵华林会上表示，在生态文明从1.0版向2.0版转变的过程中，“双碳”不仅是在承担国际义务，也是我国实现高质量发展的内在需求。推动“双碳”目标实现必须科学考核，做到全国统筹、全国一盘棋，控制好能源消耗总量的同时在一定程度上增加能源消费，正确处理经济发展与“双碳”的关系。将其融入自身的生产经营过程当中，逐步实现生产的变革，推动与减碳相关的技术创新、经营、市场等方面的变革，加大作为，共同完成绿色转型。

　　会上，还举行了酿酒企业低碳发展联合倡议仪式，多家酿酒企业从培养低碳环保意识、强化环境污染防治、健全完善循环机制、优化绿色能源结构四个方面提出倡议，积极推动传统产业绿色低碳改造升级，带动上下游企业协同转型。"
酿酒行业	https://finance.eastmoney.com/a/202412313284019143.html	A股2024年收官！沪指收3351.76点，全年累计涨幅12.67%	"北京商报讯（记者冉黎黎）12月31日，A股三大股指集体小幅低开，开盘后三大股指保持震荡走低态势，截至收盘，上证综指、深证成指、创业板指分别收跌1.63%、2.4%、2.93%，分别报3351.76点、10414.61点、2141.6点，另外，北证50指数小幅高开后保持震荡态势，当日收跌0.8%，报1037.81点。

　　盘面上，培育钻石、燃气、酿酒行业等板块轮番活跃，铜缆高速连接、华为海思、AI芯片等板块跌幅居前。个股方面，A股705股飘红，其中57股涨停。此外，4619股飘绿，其中30股跌停。成交金额方面，沪市成交金额5625.84亿元，深市成交金额7831.79亿元，两市合计成交金额约1.35万亿元，已连续65个交易日成交额破万亿元。

　　伴随着12月31日收盘，A股2024年全年行情收官。与年初相比，创业板指涨幅最为亮眼，1月2日―12月31日的区间累计涨幅达13.23%，其次为上证综指，年内涨幅达12.67%，深证成指年内则上涨9.34%。

　　另外，北证50指数1月2日收于1105.21点，1月2日―12月31日的区间累计跌幅为4.14%。值得注意的是，北证50指数曾在9月底迎来一波大涨行情，交易行情显示，9月24日―11月7日的28个交易日内，其区间累计涨幅达134.91%。"
酿酒行业	https://finance.eastmoney.com/a/202412313284122240.html	A股2024年收官！沪指全年累计涨幅12.67% 十大牛熊股出炉	"伴随着12月31日收盘，A股2024年全年行情正式收官，沪指收于3300点上方，全年累计涨幅12.67%。从A股重要指数来看，科创50指数最为亮眼，全年累计涨幅16.07%；深证成指、创业板指全年累计涨幅则分别为9.34%、13.23%；北证50指数全年累计跌幅4.14%。从个股方面来看，剔除2024年上市新股，寒武纪摘得全年最牛股称号，累计涨幅达387.55%。

　　12月31日，A股迎来2024年最后一个交易日。当日，A股三大股指集体小幅低开，开盘后三大股指保持震荡走低态势，截至收盘，上证综指、深证成指、创业板指分别收跌1.63%、2.4%、2.93%，分别报3351.76点、10414.61点、2141.6点；另外，北证50指数小幅高开后保持震荡态势，当日收跌0.8%，报1037.81点。

　　盘面上，培育钻石、燃气、酿酒行业等板块轮番活跃，铜缆高速连接、华为海思、AI芯片等板块跌幅居前。个股方面，A股705股飘红，其中57股涨停。此外，4619股飘绿，其中30股跌停。中国移动当日市场关注度较高，公司尾盘盘中涨幅达2.5%，股价创历史新高，总市值最高达2.56万亿元。截至收盘，中国移动股价报118.16元/股，涨幅1.55%，总市值为2.54万亿元。

　　成交金额方面，沪市成交金额5625.84亿元，深市成交金额7831.79亿元，两市合计成交金额约1.35万亿元，已连续65个交易日成交额破万亿元，这也创下了A股历史纪录。

　　从A股重要板块来看，全年表现中，科创50指数最为亮眼，全年累计涨幅16.07%；其次是创业板指，全年累计涨幅达13.23%；再次为上证综指，年内涨幅达12.67%；深证成指年内则上涨9.34%。

　　另外，北证50指数1月2日收于1105.21点，1月2日―12月31日的区间累计跌幅为4.14%。值得注意的是，北证50指数曾在9月底迎来一波大涨行情，交易行情显示，9月24日―11月7日的28个交易日内，其区间累计涨幅达134.91%。

　　个股方面，寒武纪以387.55%的涨幅拿下了2024年最牛股称号。交易行情显示，12月31日，寒武纪小幅高开后震荡走低，当日收跌3.73%，收于658元/股，总市值约为2747亿元。除寒武纪外，还有正丹股份、汇金科技2股年内涨超300%。

　　年内排名靠前的牛股还有艾融软件、万丰奥威、宗申动力、美之高、赢时胜、生益电子、神宇股份，涨幅均超200%。除了上述10只牛股之外，还有沃尔核材、荣科科技、润欣科技、光启技术、*ST同洲、南京化纤等多股年内涨幅超200%。

　　另外，经统计，A股除“24级”新股外的5283只个股中，年内累计涨幅超过沪指涨幅的共有1185只，占比约22.43%。

　　熊股方面，年内共3302只个股股价出现下跌，其中，跌幅最大的为*ST博信，公司股价年内跌幅达79.67%。交易行情显示，12月31日，*ST博信“一”字跌停，当日收于跌停价1.62元/股，总市值约为3.726亿元。除*ST博信外，*ST大药、*ST龙津、*ST农尚、华恒生物、ST旭蓝、高测股份、ST元成、奕瑞科技、普利制药等也跌幅居前，年内累计跌幅均在70%左右。

　　前海开源基金首席经济学家杨德龙表示，当前我国股市整体仍处于历史低位，A股和港股虽然经历了一波上涨，但估值仍然较低，因此在2025年具有较大的估值修复空间。“特别是一些绩优股，上涨空间较大，许多股票的价格较高点仅为3折、4折，一旦市场信心回升，将吸引居民储蓄向资本市场转移。”杨德龙如是说。"
酿酒行业	https://finance.eastmoney.com/a/202412303282759471.html	古井贡酒以“数智”诠释名酒向“新”发力	"不少人对于白酒的认知，还停留在传统工业阶段。事实上，中国白酒早已开启转型升级，进入数智化时代。

　　拥有1800多年酿造底蕴的古井贡酒，以工业互联网、大数据、人工智能等前沿技术进行智能化改造，让中国老八大名酒持续焕发蓬勃生机。其中，古井智能园区已部分投产，“固态白酒智能化酿造5G工厂”日前获工信部认定。

　　发展新质生产力是企业面临的重大机遇。当前白酒行业正步入数字化转型与多元化发展的快车道，白酒企业亟须深化数字化技术的应用与普及。古井集团以“数智”科技培育新质生产力，进而提升白酒品质，将“智能制造绿色酿造”贯穿从“粮香”到“酒香”的生产全流程，满足消费者高品质需求的同时，诠释名酒如何向“新”发力。

　　打造智能工厂提升酿造品质

　　5G（第五代移动通信技术）在手机端的应用，大家可感可触，其实，在工业制造领域，以5G为代表的信息通信技术也已广泛应用。作为“5G+工业互联网”在工业领域深度融合的产物，5G工厂备受制造企业关注，其中也包括白酒企业。

　　近期，古井贡酒“固态白酒智能化酿造5G工厂”获工信部认定，这是继“2023年度智能制造示范工厂揭榜单位”“2023年度消费品行业数字化转型先进示范案例”等认可后，古井贡酒在智能酿造方面再获肯定，为白酒智能酿造树立新实践标杆。

　　5G应用在白酒酿造，能够带来哪些改变？

　　走进古井集团的智能园酿造工厂，可以看到一辆辆自动化小车穿梭自如。它们不仅替代了传统酿酒行业繁重的体力搬运工作，还大大提升了效率。其中，在原粮车间，运送原粮和曲粉的一辆辆小车，车身都安装了接收5G信号的CPE（客户前置设备），能够控制运行轨迹，效率提升约一倍。在制曲车间，“遥控”之下的小车运输曲架，生产效率比传统车间高一倍左右。

　　除了提升运输效率，5G工厂通过数字技术让生产更标准化、精细化，比如原粮和曲粉配比精准度再提升，让原酒品质进一步提升。在5G场景下，自动化车间实现了设备的自动叫料、自动退料等功能，实时采集产出量等设备端数据，对实时生产数量和当前预期数量进行比对，得出总的生产数量等。

　　古井集团较早就开始布局产业转型升级。2016年，古井集团提出“智能制造绿色酿造”，同时，古井集团积极开展5G探索与应用实践，在古井智能园探索“白酒+5G”场景应用，建设自动化、信息化、数字化、数智化白酒生态智能园，形成独具古井特色的“1510”古井5G全连接透明工厂新实践。

　　据悉，古井集团专门为智能园量身打造5G专网，覆盖柔性智采、远程智控、智能车间、透明工厂、沉浸式体验等5个领域，实现生产要素数据全连接和实时数采，生产场景实时查看，实现工序监控、在线质量预判设备健康管理等多维度精益运营，助力品质与效率双提升。

　　此外，古井集团还搭建起工业互联网“双跨”平台优势，构建白酒行业数字生态链，开创数字经济时代人工智能与实体经济融合发展的新模式，推进人工智能在白酒行业的应用发展，迈向“再造一个数字化、国际化、法治化新古井”战略目标。

　　守正创新保障名酒味道

　　过去酿酒多凭经验，需要经验丰富的酿酒师傅用手捻、鼻闻、眼观等感官方式判断，然而好工匠相对稀缺，且在师徒相授、口口相传中，可能误传、失传。这种经验式的传统模式，可能导致品质不稳定。如今，酿酒产量和规模大幅提升，要想减少传统生产中的工艺波动，实现精准高效，必须依靠智能。

　　在酿酒行业的转型升级中，曾有声音认为，自动化生产会破坏传统工艺风格。如何让传统与现代酿造更好融合，是头部酒企转型面临的一大课题。

　　说到“智能酿造”，其核心要义即是让传统的更传统，让现代的更现代。正如古井贡酒所表示，中国白酒文化传承不断的本源，一在工艺之独特，二在风土之奇妙，三在创新之推动，归根结底在于坚持坚守的力量，守正不守旧，尊古不泥古。

　　古井贡酒的智能化酿造，坚持依靠传承千年的非遗酿造技艺“九酝酒法”以及明清国保窖池“老窖神泥”，结合“无极之水”“桃花春曲”等传统工艺。这是古井贡酒酿造的根与魂。

　　古井智能园也是立足于传统手工车间酿酒模式，结合传统的人工工匠创造“智能工匠”，用大数据分析，将经验转化为数据，强化关键数据的算法，实现对人工工匠技艺的完美再现。在智能酿造车间，处处可见传统酿造的身影。上甑、蒸馏、摊晾、下曲、丢糟、入窖等环节，引入机器代替人工，流程作业更加标准化，保证原酒质量的一致性和稳定性。

　　在标准化、数字化、智能化的加持下，古井集团加大科研攻关，掌握关键参数，借助大数据、物联网技术，实现快速分析和精准管控，让智能的更智能，从而提高生产效率，实现节能降耗和产品品质稳定与提升。

　　只有善于传承，才能有效创新，让数字产生酒香。数据显示，在古井智能园里，生产设备联网率达96%以上，酿酒生产自动化运行，车间人均产能达到传统酿造车间的10倍以上；在灌装车间，智能设备让工作效率提升2.27倍，提质增效、节能减排优势突出。

　　以“数智”推动绿色化、国际化

　　产区的资源要素、生态承载力是有限的，只有做好对产区的保护，才能实现永续发展。以智能制造推动绿色酿造，对接国际市场标准，进而驱动全球化进程，也是古井贡酒作为头部酒企重点布局的领域。

　　好山好水出好酒，酒是地理环境与地域文化的综合表现，好酒对自然环境有着严格要求。古井贡酒与《中国国家地理》近期发布的亳州酿酒环境探源成果，从科学层面解释了亳州独特的地理优势对古井贡酒“色清如水晶、香纯似幽兰、入口甘美醇和、回味经久不息”的独特风格的贡献。

　　古井贡酒的酿造离不开自然的恩惠，必须守护好自然，这是古井贡酒开展“绿色酿造智能制造”的初衷。古井人将以智能制造推动生产环保水平和可持续性，实现资源节约、绿色发展。

　　在近期举行的第二届中国国际供应链促进博览会期间，古井贡酒展厅围绕“绿色酿造、智能制造，让数字产生酒香”的主题，全面展示企业发挥白酒产业链“链主”作用，将智能和绿色贯穿从“一粒粮到一滴酒”全链路生产实践成果。借助链博会这一国际性平台，古井贡酒也在探索以酒为媒对话世界的新表达。

　　近年来，古井贡酒还主动布局“一带一路”沿线等国家和地区，牵手RCEP（区域全面经济伙伴关系协定）论坛，启动古井贡酒中国酒文化全球巡礼，先后走进德国杜塞、法国巴黎、英国伦敦和中国澳门传播中国酒文化。古井贡酒连年举办“全球读亳”活动，并以此创造吉尼斯世界纪录……古井贡酒经过努力，让“中国酿世界香”更加深入人心，进一步向世界展示中国酒文化魅力。"
酿酒行业	https://finance.eastmoney.com/a/202412253279113523.html	郎酒与夜郎古酒和解 1.96亿商标纠纷案尘埃落定	"蓝鲸新闻12月25日讯（记者朱欣悦）备受业内关注的夜郎古酒与郎酒之间的商标争议终于尘埃落定。

　　12月24日，夜郎古酒发布一纸声明称，关于与郎酒商标纠纷已达成整体和解，感谢社会各界的关心。


　　据悉，双方已主动撤回所有相关案件的起诉及上诉，这意味着一审判决并未正式生效。夜郎古酒业将继续合法使用其字号，并无需承担原先一审判决中规定的1.96亿元赔偿费用。

　　据知情人士透露，此次和解的达成得益于夜郎古酒业、郎酒等多方的不懈努力与积极沟通。自案件发生以来，双方始终保持案外的沟通与协商，夜郎古酒业更是展现出极大的诚意，积极寻求和解途径。在一审判决后，郎酒方面也表达了对夜郎古酒业声明的理解。最终，双方着眼长远，本着平等友好协商的原则，成功化解了这起持续大半年的商标纠纷案。

　　郎酒与夜郎古酒业的商标纠纷始于今年2月，郎酒向泸州市中级人民法院提起诉讼，指控夜郎古酒业商标侵权及不正当竞争。经过数月的审理，该案于11月7日作出一审判决，郎酒胜诉，夜郎古酒业被判赔偿1.96亿元并需变更企业名称，不得含有“郎”字。

　　夜郎古酒方面对一审判决提出多项质疑，并于11月18日向四川省高级人民法院正式递交了上诉状，请求撤销一审判决并驳回郎酒的全部诉讼请求。

　　“两郎相争”的事件经广泛传播后，引起了社会的广泛关注。贵州省白酒企业商会、贵州省仁怀市酒业协会等行业组织纷纷发声，呼吁双方和解，共同推动行业的良性发展。

　　对此，酒类分析师蔡学飞表示：“郎酒与夜郎古酒的纠纷此前备受瞩目，无论是为了维护品牌形象，还是为了酿酒行业的整体形象，两家企业的和解无疑是最好的结果。通过这次事件，两家企业增进了沟通与互信，消除了误会。同时，这次事件也在一定程度上提升了两家企业的品牌知名度，对于整个白酒行业也起到了积极的教育作用，提醒企业在品牌使用上一定要更加规范。”"
酿酒行业	https://finance.eastmoney.com/a/202412233276310154.html	业界：白酒行业要准确识变、科学应变、主动求变	"《2024中国白酒产业发展年度报告》显示，当前，我国作为酒水生产和消费大国，贡献了全球1/4的市场。目前，包括进口酒在内的国内酒类流通市场已经形成近2万亿元的规模。

　　12月18日，在五粮液第二十八届12・18共商共建共享大会上，五粮液集团（股份）公司党委书记、董事长曾从钦表示，当前外部环境变化带来的不利影响加深，既要看到挑战、困难、风险增加的一面，更要看到机遇、优势、有利因素叠加的一面。“简要地说，就是要做到准确识变、科学应变、主动求变，正视困难、坚定信心，努力把各方面的积极因素转换为高质量发展的生动实践。”他说。

　　五粮液股份公司党委副书记、总经理华涛透露，明年五粮液将聚焦品质的守正创新、品牌的精准打造、市场的深耕细作、市场的快速反应、管理的提质增效，全力以赴提升“产品力”“品牌力”“渠道力”“服务力”和“执行力”，推动高质量营销工作成势见效。

　　会上，中国轻工业联合会会长张崇和表示，酿酒行业是轻工业中的重要民生产业，希望五粮液和广大经销商构建品牌、品质、消费和厂商命运共同体，同心同向同行，共创美好未来。

　　中国酒业协会理事长宋书玉表示，国酒业正处在一个充满挑战与变化的时代，既要以美酒俘获消费者芳心，更需要和经销商一同构建和美场景、和美相遇、和美相约。

　　宜宾市委副书记、市长廖文彬致辞表示，宜宾始终把白酒作为“头号产业”来打造，大力塑造“中国五粮浓香白酒核心产区”品牌，加快建设世界级优质白酒产业集群。

　　据悉，2023年，宜宾规上白酒企业营收突破1800亿元、利润突破400亿元，营收、利润均实现两位数增长。预计2024年宜宾市白酒产业可实现产值超920亿元，同比增长12%左右；预计营收突破2000亿元，同比增长11%左右；预计可实现利润480亿元，同比增长12%左右。"
酿酒行业	https://finance.eastmoney.com/a/202412313283802226.html	创业板指下跌1.56% 两市超4000股飘绿 培育钻石、燃气板块走强	"【午盘播报】沪指下跌0.59%，报3387.15点；深成指下跌1.26%，报10536.60点；创业板指下跌1.56%，报2171.88点，两市半日合计成交7947亿。盘面上，培育钻石、燃气、商业百货、免税概念、酿酒行业走强，铜缆高速连接、人脑工程、存储芯片、华为海思等表现不佳。两市上涨个股有988家，下跌个股有4072家，50只股涨停。
K图 000001_0
最新价：3351.76

涨跌额：-55.57

涨跌幅：-1.63%

成交量：5.03亿手

成交额：5626亿

换手率：1.08%

上证指数行情  领涨个股  大盘资金流向  7*24小时快讯  进入上证指数吧领涨行业1、燃气涨幅：2.49%上涨：26家下跌：5家领涨股：长春燃气涨幅：10.08%2、酿酒行业涨幅：0.49%上涨：18家下跌：20家领涨股：皇台酒业涨幅：10.00%

K图 399001_0
最新价：10414.61

涨跌额：-256.55

涨跌幅：-2.40%

成交量：6.47亿手

成交额：7832亿

换手率：2.79%

深证成指行情  领涨个股  大盘资金流向  7*24小时快讯  进入深证成指吧领涨行业1、燃气涨幅：2.49%上涨：26家下跌：5家领涨股：长春燃气涨幅：10.08%2、酿酒行业涨幅：0.49%上涨：18家下跌：20家领涨股：皇台酒业涨幅：10.00%

K图 399006_0
最新价：2141.6

涨跌额：-64.69

涨跌幅：-2.93%

成交量：1.99亿手

成交额：3522亿

换手率：3.91%

创业板指行情  领涨个股  大盘资金流向  7*24小时快讯  进入创业板指吧领涨行业1、燃气涨幅：2.49%上涨：26家下跌：5家领涨股：长春燃气涨幅：10.08%2、酿酒行业涨幅：0.49%上涨：18家下跌：20家领涨股：皇台酒业涨幅：10.00%

　　A股三大指数集体下跌，创业板指跌逾1.5%。盘面上，培育钻石、燃气、商业百货、免税概念、酿酒行业、冰雪经济、珠宝首饰等板块位于涨幅榜前列，铜缆高速连接、人脑工程、存储芯片、华为海思、富士康、PCB、AI芯片、F5G概念、半导体表现不佳，领跌市场。

K图 BK1023_0

K图 BK1028_0

　　全新妙想投研助理，立即体验

　　截至午间收盘，沪指下跌0.59%，报3387.15点；深成指下跌1.26%，报10536.60点；创业板指下跌1.56%，报2171.88点；科创50指数下跌1.59%，报1004.44点；北证50指数上涨1.67%，报1063.63点。两市上涨个股有988家，下跌个股有4072家，50只股涨停。两市半日合计成交7947亿。


　　涨停个股数量方面，截至收盘，今日共计51股涨停，另有21只个股盘中一度触及涨停，封板率70.83%。


　　个股方面，大消费股集体走强，培育钻石、零售、白酒、冰雪产业等方向领涨，中百集团22天14板，友好集团、东百集团等多股涨停。燃气股表现活跃，长春燃气等涨停。下跌方面，AI硬件股集体调整，得润电子跌停。

　　北证50指数上涨1.67%，北交所个股美之高涨停。


　　行业资金流向：9.6亿元净流入酿酒

　　行业资金方面，截至午间收盘，酿酒、燃气等净流入排名靠前，其中酿酒净流入9.6亿元。


　　净流出方面，半导体、软件开发等排名靠前，其中半导体净流出66.7亿元。


　　个股成交金额TOP10

　　个股成交金额方面，截至午间收盘，中兴通讯位列第二，成交金额69.25亿元。


　　今日要闻

　　统计局：12月官方制造业PMI为50.1% 连续三个月位于扩张区间

　　12月份，制造业采购经理指数（PMI）为50.1%，比上月下降0.2个百分点，制造业继续保持扩张。从企业规模看，大型企业PMI为50.5%，比上月下降0.4个百分点，高于临界点；中型企业PMI为50.7%，比上月上升0.7个百分点，高于临界点；小型企业PMI为48.5%，比上月下降0.6个百分点，低于临界点。

　　六部门发文 数据产业利好不断 数据要素产业链个股梳理

　　近日，国家发展改革委、国家数据局、教育部、财政部等六部门联合印发《关于促进数据产业高质量发展的指导意见》。数据宝对数据要素产业链进行梳理，大致筛选出46只相关股票。千亿市值股仅有1只，为海康威视，最新市值2864.14亿元。从机构关注度来看，浪潮信息、海康威视、紫光股份、达梦数据、润泽科技、神州数码评级机构数量在20家及以上。其中，神州数码是表内唯一一家从事数据脱敏的上市公司。根据公告，神州数码自主研发的TDMP数据脱敏系统，在数据安全领域形成了以数据安全管控平台为核心的完整产品体系。

　　券商2025年首批“金股”出炉 A股震荡态势或延续

　　A股市场2025年行情即将启幕，当前已有券商陆续发布2025年1月月度“金股”组合。据中国证券报记者不完全统计，截至12月30日记者发稿时，招商证券、中泰证券、东兴证券等券商2025年1月推荐的“金股”近30只，覆盖银行、汽车、煤炭、电子等多个行业板块。就后市投资布局而言，业内人士表示，2025年1月A股市场整体或延续震荡态势，大的配置方向上，应规避高弹性和前期涨幅靠前的品种，突出稳健的品种，重在挖掘结构性机会，主题投资看好端侧AI、新零售和机器人等方向。

　　洋河股份拟10派23.3元！A股又现大额分红

　　洋河股份12月30日晚间公告，公司拟以现有总股本15.06亿股为基数，用未分配利润向全体股东每10股派发现金红利23.3元（含税），合计派发现金红利约35.1亿元（含税）。除洋河股份外，国泰环保、佳驰科技、古井贡酒等多家上市公司发布大额分红计划。

　　多部委年度工作会议剧透2025年四条政策主线

　　近期，国家发展改革委、财政部、住房城乡建设部、工业和信息化部等部委相继召开年度工作会议，部署2025年重点工作。从部委部署来看，明年政策将围绕扩大国内需求、支持现代化产业体系建设、推动标志性改革、防范化解重点领域风险四条主线发力。



　　机构观点

　　银河证券：周期底部运行，把握化工结构性投资机会

　　中国银河证券研报表示，目前我国化工行业景气正值历史底部区域，预计2025年Brent原油价格中枢下移至70美元/桶，行业成本端压力有望缓解，但行业景气修复程度与供需情况息息相关。供给端，近几年化工行业资本开支增速趋缓，但在建、存量产能仍待时间消化；需求端，国际贸易摩擦不确定性增强，化工品出口预计面临一定挑战，政策端持续发力下，聚焦内需潜力的释放。2025年应重点关注内需提振、新材料国产替代、资源品三条主线，把握化工结构性投资机会。

　　中信证券：预计2025年是房地产行业真正实现行稳致远的元年

　　中信证券研报表示，预计2025年是房地产行业真正实现行稳致远的元年。这不仅表现为房屋销售规模平稳，核心城市房价在超跌之后温和回升，也表现为土地成交在距高点下跌超过50%之后开始转暖，企业运营性现金流趋好。当然，不同城市，不同主体，不同物业之间的分化更大，核心城市，优质主体，运营良好的物业在低利率环境下可能备受市场青睐。

　　天风证券：行业需求有望回暖，汽车板块行情或将逐步乐观

　　天风证券研报表示，华为乾智驾再升级，各大车企智能驾驶加速推进。政策端&供给端发力，行业需求有望回暖，板块行情或将逐步乐观。中央财经委牵头推进汽车以旧换新政策，政策催化下需求悲观预期纠偏。以旧换新政策持续发力，商务部数据显示，截至12月13日零时，汽车以旧换新带动乘用车销量超520万辆，其中报废更新超251万辆，置换更新超272万辆，“两新”政策实施以来，为今年的汽车市场带来了显著的正向拉动。重点看好奇瑞产业链；赛道维度看好轻量化、线控底盘、车灯、座舱，推荐：1、零部件：瑞鹄模具、拓普集团、伯特利、爱柯迪、华达科技、新泉股份、继峰股份、沪光股份、星宇股份、飞龙股份、松原股份等；2、整车：江淮汽车等；3、智能化：德赛西威（与计算机组联合覆盖）等。

　　中金公司：2025年医疗器械板块细分赛道有望受益于产品升级与海外出口

　　中金公司研报称，尽管受医疗行业整顿持续、设备招采进展缓慢、IVD和高耗集采等因素的影响，医疗器械上市公司近几个季度有一定业绩扰动，但我们也观察到这些因素的边际影响在逐步减弱或修复改善，2025年医疗器械板块细分赛道或有望受益于产品升级与海外出口。

　　国泰君安：全球国防支出占GDP比重有望提升，军工板块长期趋势向好

　　国泰君安研报称，全球国防支出占GDP比重有望提升，军工长期趋势向好。1）爱沙尼亚总理米查尔还建议“联合远征军”成员国将国防支出提高至国内生产总值的2.5%，以对抗俄罗斯。2）基于当前国内外形势，我们认为，大国博弈有望持续加剧，美国及其盟友国防战略重心逐步向印太转向，中国周边局势可能继续维持紧张状态，为保卫和平和国家主权，仍须加大国防投入。因此，军工板块长期趋势向好。2027年要确保实现建军百年奋斗目标，十四五期间有望加速补短板。3）参照以往经验，预计十四五规划将循序渐进落地，2025年板块利润表与现金流量表或持续改善。

　　东吴证券：继续看好科技成长和内需顺周期

　　东吴证券研报表示，1月继续看好科技成长和内需顺周期。继续看好科技成长。短期催化方面，特朗普上台可能推出新的政策举措，彼时以其贸易政策为代表的外部扰动料将加剧，或为科技行情带来潜在催化。中长期来看，随着中美科技博弈升温，科技“自主可控”、“自立自强”是内循环当中的最大增量。以科技创新提高要素生产效率，在国内需求和供给之间形成新的配套产业链，是畅通“内循环”新格局的重要抓手，亦即新能源、人工智能、空天信息等领域的技术创新和发展，将获得决策层高度重视。继续看好自主可控和新质生产力为代表的科技板块。继续看好内需顺周期方向。明年两会之前，面向2025年的政策预期难有证伪风险，市场逻辑将沿着 “预期政策拐点――预期斜率过高――预期斜率向下修复――预期斜率向上空间重新打开”的逻辑演绎。鉴于明年年初有望继续落实内需方面的增量政策，1月顺周期风格将迎来阶段性的配置机会。关注消费新增长点/政策潜在增量及专项债重点支持的“两重”、“两新”方向。"
酿酒行业	https://finance.eastmoney.com/a/202412193273072780.html	谱写高质量发展和美新篇章 五粮液第二十八届12・18共商共建共享大会举行	"12月18日，以“聚合力应变局共和美”为主题的五粮液第二十八届12・18共商共建共享大会在酒都宜宾举行。千余名经销商、投资者等相聚一堂，展现了五粮液人凝心聚力、应对时代变局、共谋和美发展的激昂斗志与坚定决心。此次大会不仅是对五粮液稳健增长、持续向好的优异业绩的一次总结展示，更彰显了五粮液将比较优势转化为高质量发展胜势的信心与魄力，进一步擦亮“大国浓香、和美五粮”金字招牌。

　　2024年是实现“十四五”规划目标任务的关键一年，也是白酒产业深度调整的关键一年。面对白酒行业分化加剧、增速放缓、竞争激烈等诸多新变化、新挑战，五粮液始终保持发展定力，聚焦提质增效、守正创新、优化布局、深化改革、争创一流开展价值创造，企业“稳”的态势在持续、“新”的动能在成长、“好”的因素在累积，为2025年实现高质量发展奠定了坚实基础。

　　数据显示，2024年前三季度，五粮液股份公司实现营业收入679.16亿元，实现归母净利润249.31亿元。资本市场管理持续发力，市值实现正增长，实施100亿元中期现金分红，制定发布未来三年股东回报规划，成为高端白酒中唯一连续10年荣获深交所信息披露考评A级评级的企业，综合健康指数位居中国上市公司健康指数百强榜第一位，在此榜连续两年获食品饮料行业第一。五粮液品牌价值达到4498亿元，品牌价值强度指数再次获得全球最高AAA+评级，跃居全球烈酒品牌首位；行业唯一获评第五届中国质量奖提名奖，行业首家荣获亚洲质量创新奖，荣获3项国际质量管理小组会议金奖，荣获全国质量标杆、全国精益现场管理“示范级奖项”。

　　五粮液稳中有进、奋勇争先的高质量发展态势，得到多位与会领导与专家的高度肯定。

　　宜宾市委副书记，市政府市长廖文彬表示，五粮液始终保持高质量发展的强劲势头，不仅为宜宾市乃至四川省经济社会发展作出突出贡献，也为白酒行业高质量发展提供有力支撑。未来，宜宾市将加快推进五粮液高质量倍增工程，全力支持五粮液拓展消费市场，持续巩固和提升品牌力、影响力、竞争力。

　　中国酒业协会理事长宋书玉表示，白酒产业正进入新一轮调整转型期，包括五粮液在内的龙头企业，展现了强大的发展韧性与稳健性。五粮液的共商共建共享，把厂商之间的利益、命运、责任紧紧结合在一起，体现出厂商合作模式的合理性、科学性和优越性。相信五粮液将会继续丰富和发展共商、共建、共享的内涵，构建起更高效的共商、更强大的共建，更多的财富共享，与经销商一起共同创造中国酒业新未来。

　　中国轻工业联合会党委书记、会长张崇和表示，五粮液近年来坚持生态优先，推行绿色发展，发挥名酒优势，弘扬和美文化，为引领中国酿酒行业繁荣和国民经济发展，作出了积极而巨大的贡献。希望五粮液与经销商构建品牌、品质、消费、厂商命运共同体，同心同向同行，共创美好未来，谱写中国酿酒行业高质量发展的全新篇章。

　　和合生美，志和同向。五粮液高质量发展离不开经销商的齐心协力，迎难奋进。大会宣读了2024年度五粮液品牌运营商表彰奖励及市场支持决定，颁发了“优秀经理人、优秀专卖店店长”奖、“优秀传承人”奖、“优秀联谊会”奖、“团购拓展、终端拓展”奖、“品牌拓展、跨越发展”奖、“风雨同舟、品牌专销”奖、“星级专卖店”奖、“星级运营商”奖、“贡献”奖。

　　一位来自上海的五粮液经销商表示，参加本次12・18大会，既感受到了浓厚“回家”氛围，也感受到了五粮液对经销商的政策支持与利润保障，对新一年产品销售与稳健发展的信心进一步增强。

　　2025年是“十四五”规划的收官之年。五粮液深刻认识错综复杂外部环境带来的新挑战，也深刻把握一揽子增量政策持续发力带来的新机遇，正以平常心、持久心、坚守心、求胜心、自信心，准确识变、科学应变、主动求变，将各方面积极因素转换为高质量发展的积极实践。

　　五粮液集团（股份）公司党委书记、董事长曾从钦表示，将坚定“稳中求进、以进促稳，守正创新、综合施策，提质增效、多作贡献”的工作总基调，着力固根基、扬优势、补短板、强弱项、促转型，加力加劲强化产品动销、渠道优化、服务能力，推动品牌价值和市场份额双提升，巩固提升稳健发展态势，高质量完成“十四五”主要目标任务，为实现“十五五”良好开局打牢基础，在厂商共商共建共享中构建更加紧密的事业共同体、利益共同体、命运共同体，谱写企业高质量发展的和美新篇章。"
酿酒行业	https://finance.eastmoney.com/a/202412173271018594.html	数据复盘：28.47亿抢筹中兴通讯 龙虎榜抢筹天娱数科	"周二(12月17日)市场全天冲高回落，大小盘股走势分化，微盘股指数跌近6%，两市全天成交额1.51万亿，较上个交易日缩量1894亿。截至收盘，沪指跌0.73%，深成指跌0.35%，创业板指跌0.02%。


　　板块方面，足球概念、元件、白酒等少数板块上涨，影视、IP经济、冰雪产业、零售等板块跌幅居前。

　　主力复盘：28.47亿抢筹中兴通讯 13.45亿出逃海能达

　　数据显示，当日大盘主力资金净流出908.31亿。通信设备、酿酒行业、船舶制造等板块主力资金流入排名居前，其中通信设备净流入12.90亿元。


　　主力净买入个股中，中兴通讯排名第一，主力净买入28.47亿元；贵州茅台排名第二，主力净买入14.16亿元。

　　主力净卖出个股中，海能达排名第一，主力净卖出13.45亿元；永辉超市排名第二，主力净卖出11.26亿元。


　　北向资金当日成交1895.76亿元

　　12月17日，两市震荡调整，三大指数小幅均收跌，但大小盘股走势分化，微盘股指数跌近6%。北向资金当日成交1895.76亿元，占沪深两市总成交额的12.55%。


　　交易所公布的当日沪深港通十大成交股显示，贵州茅台、工业富联、中远海控位列沪股通前三，成交额分别为19.12、13.06、10.77亿元；宁德时代、东方财富、比亚迪位列深股通前三，成交额分别为23.51、17.02、12.49亿元。



　　龙虎榜：62只个股上榜

　　12月17日共有62只个股（含1只可转债）上榜龙虎榜，总上榜成交额145.07亿元。上榜个股中净买入额最高的是天娱数科，金额为1.41亿元。





　　31股涨停，天娱数科12天7板

　　涨停个股数量方面，截至收盘，周二共计31股涨停，另有47只个股盘中一度触及涨停，封板率39.74%。


　　个股方面，高位股集体退潮，全市场超4700只个股下跌，逾150只个股跌停。AI概念分化，天娱数科12天7板，卓翼科技、安妮股份、鑫科材料多股涨停。足球概念股逆势活跃，粤传媒、共创草坪、双象股份等涨停。首发经济有所表现，益民集团、上海凤凰、蒙娜丽莎等涨停。PCB概念股一度走强，明阳电路涨停。
"
酿酒行业	https://finance.eastmoney.com/a/202412193273254292.html	【风口研报】脑机接口进入爆发前夜 国内外应用落地加速	"近期，国内外脑机接口应用落地加速。浙商证券表示，脑科学如能取得重大进展，有望带动产业发展；光大证券指出，政策与技术持续催化，脑机接口行业进入爆发前夜；国海证券认为，脑机接口技术正处于大规模应用的质变前夜，国内外应用落地加速。
K图 BK0706_0

　　炒股第一步，先开个股票账户

　　12月19日，沪指盘中弱势震荡，深证成指、创业板指、科创50指数等午后发力走高，全A成交额有所放大。

　　行业板块涨跌互现，互联网服务、电源设备、通信服务、通信设备、消费电子板块涨幅居前，商业百货、煤炭行业、石油行业、酿酒行业、医药商业板块跌幅居前。

　　全球首款基于人工智能AGI算法的梦境检测与重建脑机接口产品Dreamgear绘梦仪即将发布，该设备通过10个高灵敏度的脑信号通道，对梦境进行分析和检测，并结合梦境大模型，实现梦境的重现。浙商证券表示，脑科学如能取得重大进展，有望带动产业发展；光大证券指出，政策与技术持续催化，脑机接口行业进入爆发前夜；国海证券认为，脑机接口技术正处于大规模应用的质变前夜，国内外应用落地加速。


　　浙商证券：脑科学有望带动产业发展

　　脑科学如能取得重大进展，有望带动产业发展。尽管人类对大脑的认识尚存在诸多未知，但如果在具备应用潜力的重要研究方面取得突破性成果，将对脑机接口板块产生显著的催化作用。

　　光大证券：脑机接口行业进入爆发前夜

　　政策与技术持续催化，脑机接口行业进入爆发前夜。未来脑机接口技术的应用将远超出了医疗领域，无论是在教育、工业生产到娱乐、体育还是家事管理，脑机接口融入都将带来前所未有的变革。市场方面，2022年全球脑机接口市场规模17.4亿美元，预计2027年全球脑机接口市场规模将达到33亿美元，中国市场在其中将占有重要地位。



　　国海证券：脑机接口技术正处于大规模应用的质变前夜

　　脑机接口技术正处于大规模应用的质变前夜，国内外应用落地加速。侵入式BCI方面，Neuralink公司于今年1月份完成首例人体植入；Axoft公司计划开发至少集成上百万个电极的脑机接口，已获得FDA突破性设备认定。非侵入式BCI方面，多项研究表明脑机接口康复训练对卒中患者的康复效果优于常规方法，上市公司开始积极布局脑机接口康复器械，产业发展有望加速。

　　中信证券：脑机接口重点关注三条投资主线

　　侵入式脑机接口已位于大规模临床试验的临界点，非侵入式脑机接口也在积极拥抱产业化“奇点”，未来脑机接口商业化的每一步进展均能引起全球市场极大关注，提高国内赛道投资景气度，建议重点关注三条投资主线。主线一：海外先行产业突破带动国内映射标的景气预期抬升。主线二：有望推出消费级脑机产品的公司。主线三：有望受益于脑机产品落地的应用端公司。

　　国泰君安：脑机成为人机交互的重要形式之一

　　我国将在未来逐步进入老龄化社会，将形成数量庞大的老年人群，而神经系统疾病患者多集中于老年群体，医疗领域的脑机应用或将在我国迎来可观发展空间。随着脑机技术的发展，如元宇宙等娱乐、智能家居、军事等领域有望逐步实现脑机技术的应用，脑机成为人机交互的重要形式之一。"
酿酒行业	https://finance.eastmoney.com/a/202412243277491324.html	推进价值创造 化优势为胜势――五粮液奋力谱写高质量发展和美新篇	"岁末宜宾，三江溢彩，风蕴酒香。12月18日，五粮液第二十八届12・18共商共建共享大会（以下简称“12・18大会”）启幕，全球酒业的目光再度聚焦于此。承前启后的12・18大会，是五粮液厂商携手、同舟共济的企业盛会，是宜宾迎接四海来客、展现酒都风韵的城市节日，更是酒业凝聚共识、擘画未来的行业盛典。

　　2024年，面对外部压力加大的复杂严峻形势，五粮液始终保持发展定力，全力推进价值创造，以“拼”的干劲和“实”的作风，实现了“稳”的态势持续、“新”的动能成长、“好”的因素累积，以稳健发展印证着中国经济的韧性和潜能。五粮液正将比较优势转化为发展胜势，奋力谱写高质量发展和美新篇。

　　聚合力以价值创造树一流

　　即将走过的2024年，是实现“十四五”规划目标任务的关键一年。这一年，中国经济内外部环境更加复杂严峻，白酒行业新一轮调整转型加速演进。对于白酒企业来说，如何沉着应变、综合施策，考验着企业的经营管理智慧。

　　蓄势谋远，戮力同心。五粮液始终洞察“时”与“势”，统筹“稳”与“进”，战略上积极进取、主动作为，战术上事不避难、稳扎稳打，以更多亮点“拼”出令人鼓舞的成绩，高质量发展的方向更明、信心更足。

　　这一年，在提质增效中，价值创造的根基更稳。

　　五粮液拼生产强供给，酿酒生产持续向好，高质量倍增工程扎实推进，质量管理成效显著，白酒行业唯一获评第五届中国质量奖提名奖，白酒行业首家荣获亚洲质量创新奖，荣获3项国际质量管理小组会议金奖，以及全国质量标杆、全国精益现场管理“示范级奖项”。

　　这一年，在守正创新中，价值创造的活力更盛。

　　五粮液拼创新提能力，品牌创新出圈出彩，技术创新成果丰硕，营销创新稳健有效，全年累计品牌曝光超120亿人次，荣获中国轻工业联合会科学技术进步奖一等奖，与中科院江雷院士团队合作，共同发表研究论文，首次揭示白酒黄金酒度，奠定了五粮液在世界酒业的领先地位。

　　这一年，在优化布局中，价值创造的质效更高。

　　五粮液拼营销拓市场，持续优化产品、渠道、市场布局，主品牌焕新上市45度、68度五粮液，直营渠道“三店一家”建设成效显著，新增138家专卖店、5家文化体验店、490家和美集合店和2家大酒家，和美全球行累计触达全球五大洲77亿人次。

　　这一年，在深化改革中，价值创造的势能更强。

　　五粮液拼管理增后劲，深化改革、资本市场管理、ESG体系建设再发力，实现市值正增长，实施100亿元中期现金分红，高端白酒企业唯一连续10年荣获深交所信息披露考评A级评级，获评上市公司ESG最佳实践案例、中国酒业ESG示范企业。

　　这一年，在争创一流中，价值创造的底气更足。

　　五粮液拼先进树标杆，综合健康指数位居中国上市公司健康指数百强榜第一位，连续两年获食品饮料行业第一；先后入选《世界品牌500强》《亚洲品牌500强》《中国500最具价值品牌》，品牌价值达到4498亿元，品牌价值强度指数再次获得全球最高AAA+评级，跃居全球烈酒品牌首位。

　　中国轻工业联合会党委书记、会长张崇和表示，五粮液的稳健高质量发展，为引领中国酿酒行业繁荣，为国民经济发展，作出了积极而巨大的贡献。

　　应变局以谋新致远缔胜势

　　长路有险夷。在百年变局加速演进的时代背景下，越是风高浪急，越要正视困难，坚定信心，既要看到挑战、困难、风险增加的一面，更要看到机遇、优势、有利因素叠加的一面，努力把各方面积极因素转换为高质量发展的生动实践。

　　志不求易，事不避难。五粮液正增强准确识变之智，以平常心、持久心、坚守心、求胜心、自信心，努力化危为机、行稳致远。

　　平常心来自宏观层面增量政策发力、市场预期改善的上行机遇。全方位扩大国内需求，特别是居民消费需求，已被列为2025年重点政策之一。宜宾市委副书记、市政府市长廖文彬表示，随着促消费增量政策的陆续出台，将为五粮液的持续健康发展，提供更加宽松的市场环境和更加广阔的发展空间。

　　持久心来自白酒行业长期价值属性、持续集中发展的总体趋势。白酒产业是价值驱动的长周期产业，向优势产区、优势企业、优势品牌集中的趋势没有改变。当前，白酒行业低价位增量竞争、中价位存量竞争、高价位缩量竞争的发展特征明显，五粮液作为行业龙头企业，机遇大于挑战。

　　坚守心来自企业品牌势能不断释放、市场持续走强的良好态势。五粮液在千元价格带具有“占有率高、复购率高、开瓶率高、社会库存相对较低”的优势。今年以来，五粮液核心产品市场价格总体稳定，五粮液1618、39度五粮液、五粮液・紫气东来等产品消费氛围浓厚，市场核心竞争力持续提升。

　　求胜心来自厂商一体携手迎难而上、齐心共克时艰的拼劲闯劲。中国酒业协会理事长宋书玉指出，作为和美文化的践行者，五粮液厂商一心，始终守护共商、共建、共享理念，在共同追求、共同价值建立的基础之上，厂家与商家构建起命运共同体，相互尊重、携手前行，同向、同心、同力。

　　自信心来自企业持续健康稳健增长、全面提质增效的发展底气。近年来，五粮液围绕产能建设、科技创新、数字营销、品牌打造、人才队伍等开展一系列基础性、战略性工作，资本市场和商品市场均表现良好，整体向上和结构向优的基础和态势更加牢固。

　　五粮液集团（股份）公司党委书记、董事长曾从钦表示，要坚持科学应变、主动求变，把发展基础和优势转化为凝聚力、战斗力、行动力，坚定信心再出发、鼓足干劲向前冲，在共商共建共享中携手创造更多更好的多赢结果。

　　共和美以奋发有为谱新篇

　　即将到来的2025年是“十四五”规划的收官之年。对于企业来说，只有在短期波动中预判长远大势、在复杂形势下激发活力动力、在压力挑战中拓展发展空间，才能在复杂局面中赢得主动，不断开创高质量发展新局面。

　　善谋者行远，实干者乃成。面对新征程，五粮液已制定好科学应变之方，以奋发有为的姿态，致力于将比较优势转化为高质量发展胜势。

　　――以“固根基”筑牢坚实底盘。五粮液将聚焦生态酿造提质、倍增工程扩能、科技创新增效，坚守传统工艺，升级建设酿酒专用粮基地，健全“从一粒种子到一滴美酒”的全过程质量溯源体系，更大力度实施科研，加大关键技术攻关和成果转化应用，进一步赋能产量提升、品质提升、风味提升。

　　――以“扬优势”激发强劲动能。五粮液将彰显品牌文化底蕴、创新品牌文化运作、拔高品牌文化形象，坚持文化铸魂，把和美文化理念导入产品运营、切入消费场景、融入市场服务，创新开展和美中国年、和美中国节、和美中国宴、和美中国礼、和美中国行“和美五部曲”文化IP活动，持续彰显和美主张，持续站位主流媒体平台、重要活动平台、知名地标平台，进一步提升品牌影响力。

　　――以“补短板”破解瓶颈难题。五粮液将全力补产品、市场、渠道短板，持续优化产品矩阵、强化产品运营，巩固提升高地市场、样板市场，拓展薄弱市场、空白市场，一体推进传统渠道、直营渠道、新兴渠道协调发展，强化传统渠道商家优化、秩序管控和市场赋能，持续推进直营渠道“三店一家”建设，加大新兴渠道模式创新、平台治理，形成多轮驱动发展格局。

　　――以“强弱项”筑牢管理保障。五粮液将着力提升营销、企业、市值管理，持续提升总部抓总的统筹协调能力和大区主战的精准应市能力，持续健全企业治理体系，严格落实未来三年分红规划，持续推进ESG管理体系和标准建设。

　　――以“促转型”拓展空间能级。五粮液将聚焦智能化改造、数字化转型，持续提升生产两端智能化水平，全面深化基于数字化的商业模式、营销模式创新，强化营销中台能力提升，推进智慧门店建设，上线运营大会员体系，提升应市能力，推动发展模式和运营能力提档升级。

　　大道同行，和美共进。五粮液主动肩负“国之大者”使命，巩固提升稳健发展态势，高质量完成“十四五”主要目标任务，为实现“十五五”良好开局打牢基础，在厂商共商共建共享中构建更加紧密的事业共同体、利益共同体、命运共同体，打造出了中国式现代化企业的和美范本。（李耀威）"
酿酒行业	https://finance.eastmoney.com/a/202412173270783548.html	A股三大指数收跌：成交额超1.5万亿 近4800只股下跌	"【收盘播报】沪指跌0.73%，深证成指跌0.35%，创业板指跌0.02%。成交额超1.5万亿，教育、商业百货、文化传媒、房地产服务、纺织服装、装修装饰板块跌幅居前，仅能源金属与汽车板块逆市翻红。
K图 000001_0
最新价：3351.76

涨跌额：-55.57

涨跌幅：-1.63%

成交量：5.03亿手

成交额：5626亿

换手率：1.08%

上证指数行情  领涨个股  大盘资金流向  7*24小时快讯  进入上证指数吧领涨行业1、燃气涨幅：2.49%上涨：26家下跌：5家领涨股：长春燃气涨幅：10.08%2、酿酒行业涨幅：0.49%上涨：18家下跌：20家领涨股：皇台酒业涨幅：10.00%

K图 399001_0
最新价：10414.61

涨跌额：-256.55

涨跌幅：-2.40%

成交量：6.47亿手

成交额：7832亿

换手率：2.79%

深证成指行情  领涨个股  大盘资金流向  7*24小时快讯  进入深证成指吧领涨行业1、燃气涨幅：2.49%上涨：26家下跌：5家领涨股：长春燃气涨幅：10.08%2、酿酒行业涨幅：0.49%上涨：18家下跌：20家领涨股：皇台酒业涨幅：10.00%

K图 399006_0
最新价：2141.6

涨跌额：-64.69

涨跌幅：-2.93%

成交量：1.99亿手

成交额：3522亿

换手率：3.91%

创业板指行情  领涨个股  大盘资金流向  7*24小时快讯  进入创业板指吧领涨行业1、燃气涨幅：2.49%上涨：26家下跌：5家领涨股：长春燃气涨幅：10.08%2、酿酒行业涨幅：0.49%上涨：18家下跌：20家领涨股：皇台酒业涨幅：10.00%

　　在东方财富看资讯行情，选东方财富证券一站式开户交易>>

　　A股三大指数今日集体收跌，沪指跌0.73%，收报3361.49点；深证成指跌0.35%，收报10537.43点；创业板指跌0.02%，收报2201.18点。沪深两市成交额达到1.51万亿，较昨日萎缩1894亿。


　　行业板块几乎全线下跌，教育、商业百货、文化传媒、房地产服务、纺织服装、装修装饰、旅游酒店、工程咨询服务、汽车服务板块跌幅居前，仅能源金属与汽车整车板块逆市翻红。个股方面，下跌股票数量接近4800只，题材股大面积杀跌，跌停股票数量逾150只。



　　大消费板块集体调整。


　　足球概念股全天活跃。消息面上，昨晚召开的国务院常务会议上研究推进足球振兴发展相关工作，指出要加大力度落实各项政策举措，推动足球工作不断迈上新台阶。


　　机器人、IP经济等板块跌幅居前。



　　权重股纷纷发力护盘。白酒、保险、券商等少数板块上涨。





　　行业资金流向：12.90亿净流入通信设备

　　行业资金方面，截至收盘，通信设备、酿酒行业、船舶制造等净流入排名靠前，其中通信设备净流入12.90亿。


　　净流出方面，文化传媒、互联网服务、软件开发等净流出排名靠前，其中文化传媒净流出76.40亿元。


　　主力净买入个股中，中兴通讯排名第一，主力净买入28.47亿元；贵州茅台排名第二，主力净买入14.16亿元。

　　主力净卖出个股中，海能达排名第一，主力净卖出13.45亿元；永辉超市排名第二，主力净卖出11.26亿元。


　　今日要闻

　　中美金融工作组举行第七次会议

　　2024年12月15-16日，中美金融工作组在江苏省南京市举行第七次会议。会议由中国人民银行副行长宣昌能和美国财政部助理部长奈曼共同主持。国家金融监督管理总局、中国证监会，以及美联储、美国证券交易委员会等部门参会。

　　央行重磅发声！实施好适度宽松的货币政策 适时降准降息

　　据央行官微，12月16日，中国人民银行党委召开会议，传达中央经济工作会议精神，按照全国金融系统工作会议部署，研究明确贯彻落实举措。实施好适度宽松的货币政策。适时降准降息，保持流动性充裕，使社会融资规模、货币供应量增长同经济增长、价格总水平预期目标相匹配。提振消费、稳外贸，促进房地产市场和资本市场平稳发展。

　　中国过境免签政策全面放宽优化

　　国家移民管理局12月17日发布公告，即日起全面放宽优化过境免签政策，将过境免签外国人在境内停留时间由原72小时和144小时均延长为240小时（10天），同时新增21个口岸为过境免签人员入出境口岸，并进一步扩大停留活动区域。

　　特朗普：美中联手可以解决世界上所有问题

　　美国当选总统特朗普16日说，美中两国联手可以解决世界上所有问题。特朗普当天在佛罗里达州海湖庄园举行记者会时作出上述表态。“中国和美国可以一起解决世界上所有问题，你想一想，这很重要。”特朗普说。

　　机构观点

　　国泰君安：跨年反弹行情仍将延续

　　政治局会议的罕见表述支撑市场情绪与股市流动性，下一阶段股指以震荡相持为主，跨年反弹行情仍将延续但重点在个股和主题。重视无风险利率下降，看好科技与消费。主题推荐：1、首发经济：提振内需新增量，看好新品/首店需求催化的会展/营销服务、展览设备和AI终端创新产品。2、冰雪经济：政策推进冰雪运动普及发展，看好冰雪场馆设计/施工、冰雪装备和冰雪消费产业链。3、银发经济：金融支持政策落地，看好保险/医疗器械/可穿戴设备。4、并购重组：跨界并购、收购未盈利资产的监管宽容度提升，看好科技链主企业和受益格局优化的传统龙头。

　　浙商证券：A股市场方向既已定，耐心持仓待上行

　　展望后市，随着大盘借助政策东风向上“变盘”，中线震荡向上的格局已经完全确立。尽管上证指数在3500附近受阻，并且出现一定程度回落，但这本身就在此前路径二的预测当中。即使按照“进二退一”的节奏运行，大盘的回档也是有限、可控的。事实上，通过与日经指数92年8月至93年6月走势的细致对比，A股当前至多是“区间震荡”的格局；在政策强力供给、资金充裕、情绪高涨的情况下，中级行情向上的趋势并未有任何改变。

　　中信建投：关注提振消费措施及方向

　　中信建投研报指出，关注消费提振政策和力度对于消费板块优化供给、精细化运营、创新发展的提振作用，以及对于居民消费意愿的积极引导。另外，跨境电商板块预计持续受益政策支持，短期外贸格局仍稳中向好。

　　银河证券：继续看好银行板块红利价值，维持推荐评级

　　银河证券研报指出，居民中长期信贷修复延续，增量政策成效显现。财政政策更加积极，政府债有望继续支撑社融。基本面积极因素累积，利好银行信贷投放和资产质量。继续看好银行板块红利价值，维持推荐评级。"
酿酒行业	https://finance.eastmoney.com/a/202412193273228151.html	A股三大指数涨跌不一：成交额超1.4万亿 液冷概念股爆发	"【收盘播报】沪指跌0.36%，深证成指涨0.61%，创业板指涨0.52%。成交额超1.4万亿，互联网服务、电源设备、通信服务、通信设备、消费电子板块涨幅居前，商业百货、煤炭、石油、酿酒、医药商业跌幅居前。
K图 000001_0
最新价：3351.76

涨跌额：-55.57

涨跌幅：-1.63%

成交量：5.03亿手

成交额：5626亿

换手率：1.08%

上证指数行情  领涨个股  大盘资金流向  7*24小时快讯  进入上证指数吧领涨行业1、燃气涨幅：2.49%上涨：26家下跌：5家领涨股：长春燃气涨幅：10.08%2、酿酒行业涨幅：0.49%上涨：18家下跌：20家领涨股：皇台酒业涨幅：10.00%

K图 399001_0
最新价：10414.61

涨跌额：-256.55

涨跌幅：-2.40%

成交量：6.47亿手

成交额：7832亿

换手率：2.79%

深证成指行情  领涨个股  大盘资金流向  7*24小时快讯  进入深证成指吧领涨行业1、燃气涨幅：2.49%上涨：26家下跌：5家领涨股：长春燃气涨幅：10.08%2、酿酒行业涨幅：0.49%上涨：18家下跌：20家领涨股：皇台酒业涨幅：10.00%

K图 399006_0
最新价：2141.6

涨跌额：-64.69

涨跌幅：-2.93%

成交量：1.99亿手

成交额：3522亿

换手率：3.91%

创业板指行情  领涨个股  大盘资金流向  7*24小时快讯  进入创业板指吧领涨行业1、燃气涨幅：2.49%上涨：26家下跌：5家领涨股：长春燃气涨幅：10.08%2、酿酒行业涨幅：0.49%上涨：18家下跌：20家领涨股：皇台酒业涨幅：10.00%

　　全新妙想投研助理，立即体验

　　A股三大指数今日涨跌不一，截止收盘，沪指跌0.36%，收报3370.03点；深证成指涨0.61%，收报10649.03点；创业板指涨0.52%，收报2213.54点。沪深两市成交额达到1.44万亿元，较昨日放量836亿。


　　行业板块涨跌互现，互联网服务、电源设备、通信服务、通信设备、消费电子板块涨幅居前，商业百货、煤炭行业、石油行业、酿酒行业、医药商业板块跌幅居前。个股方面，上涨股票数量超过2400只，涨停股票数量接近100只。抖音概念股表现活跃，润泽科技等多股涨停。微信小店概念股异动拉升，信雅达等涨停。

　　算力、液冷服务器、铜缆连接等AI产业链股盘中集体走高，截至收盘，亚康股份、高澜股份、锐捷网络、创业黑马、奥雅股份、南凌科技等20%涨停。


　　苹果概念股盘中发力拉升，截至收盘，达瑞电子涨超11%，得润电子涨停，精测电子涨逾9%，深南电路、东山精工、水晶光电等涨约7%。




　　行业资金流向：23.16亿净流入计算机设备

　　行业资金方面，截至收盘，计算机设备、通信设备、半导体等净流入排名靠前，其中计算机设备净流入23.16亿。


　　净流出方面，商业百货、文化传媒、电力行业等净流出排名靠前，其中商业百货净流出22.59亿元。


　　主力净买入个股中，中兴通讯排名第一，主力净买入26.37亿元；浪潮信息排名第二，主力净买入20.36亿元。

　　主力净卖出个股中，海能达排名第一，主力净卖出13.78亿元；永泰能源排名第二，主力净卖出10.67亿元。


　　今日要闻

　　美联储宣布降息25个基点 预计来年放缓降息节奏

　　美国联邦储备委员会18日结束为期两天的货币政策会议，宣布将联邦基金利率目标区间下调25个基点到4.25%至4.50%之间，并预计2025年降息幅度或收窄至50个基点。这是美联储今年9月以来连续第三次降息。美联储在当天发表的声明中说，美国经济继续稳健扩张。

　　豆包概念爆了！逾千亿元资本开支 字节跳动“ALL IN AI”

　　12月18日，在上海举行的2024火山引擎冬季FORCE原动力大会上，火山引擎总裁谭待宣布豆包大模型家族的重磅更新。豆包应用的火爆，给AI算力带来了无限想象空间。此外，据媒体报道，2025年字节跳动的资本开支预算飙升至近1600亿人民币，主要用在AI算力采购和IDC基建方面，彰显了其在AI领域大规模布局的坚定决心。

　　苹果据悉与腾讯、字节初步接洽 考虑将二者AI模型嵌入在华销售的iPhone

　　多位知情人士透露，苹果公司正与腾讯和字节跳动商谈将二者的人工智能模型整合到在中国销售的iPhone中。苹果本月开始在其设备中接入OpenAI的ChatGPT，Siri会调用ChatGPT，不过ChatGPT并未在中国上市。据悉，苹果与腾讯和字节就使用二者人工智能模型的讨论还处于非常早期的阶段。

　　技术突破不断 脑机接口概念火了！机构投资者提前入局

　　12月18日，脑机接口板块在市场中表现抢眼。随着技术突破和重大产品发布，相关概念股迎来显著涨幅，吸引了投资者的广泛关注。机构投资者的积极布局为板块上涨提供了坚实支撑。多家知名公募和外资机构提前布局相关个股，显示出对脑机接口产业前景的高度认可。业内人士分析称，随着行业标准化进程的推进和脑科学研究的持续突破，脑机接口产业有望迎来新的发展机遇。

　　深圳超常规力度支持人工智能产业发展 机构密集调研概念股名单出炉

　　12月18日，深圳市工业和信息化局正式印发《深圳市打造人工智能先锋城市的若干措施》，以超常规力度支持人工智能产业发展，推动深圳市国家新一代人工智能创新发展试验区和国家人工智能创新应用先导区建设。今年以来，多只人工智能概念股获得机构密集调研，调研次数最多的为锐明技术，年内已获得34次调研，平均每个月接近调研3次，另外云天励飞-U、奥比中光-UW、亿道信息、和而泰被调研次数在20次以上。

　　机构观点

　　中信证券：黄金中长期仍存在较大配置机会

　　中信证券研报指出，2025年黄金表现宏观面应重点关注财政和通胀的表现，交易面应关注央行购金和地缘冲突。站在中长期叙事背景下，中信证券认为2025年美国“稳财政”的风格并不一定能够驱动黄金价格进一步上行，仍需关注财政扩张规模。全年来看，黄金行情尚未结束，料将呈现高位震荡的行情，全年中枢或仍位于2800美元/盎司左右。2025年二季度，受限于美元偏强因素影响黄金价格或存在压力，下半年应重点关注美国通胀与增长节奏错配问题对黄金价格的驱动。中长期在美国债务叙事和“去美元化”趋势的带动下，黄金中长期仍存在较大的配置机会。

　　中信建投：国资委央企市值管理意见出台，行业估值回归可期

　　中信建投研报指出，国资委发布央企市值管理九条意见，着力打造一批优质央企上市公司，鼓励央企开展有利于提高投资价值的并购重组和处置破净上市公司，着重强调稳定投资者回报预期，尤其是现金分红的稳定性、持续性和可预期性，加强投关和信息披露工作。意见的出台将促进央企并购重组活跃度，增强投资回报与投资者信心，引导建筑装饰行业央企向净资产回归，建议关注相关央企。

　　华泰证券：供给强约束下制冷剂行业或具备长期配置价值

　　华泰证券研报指出，2024年以来制冷剂已步入景气周期，供给强约束下行业或具备长期配置价值。据百川盈孚，12月17日R22/R32/R134a/R125价格较年初上涨67%/135%/43%/37%，供需共振下2024年以来二代/三代制冷剂整体步入景气，外贸价格亦逐步上行。考虑到2025年R22配额大幅削减而HFCs配额延续偏紧趋势，有望持续支撑行业盈利。中长期而言，由于配额制下制冷剂供给侧面临强约束，叠加空调/汽车以及出口需求支撑，行业盈利有望保持改善趋势。

　　华金证券：视频生成赛道比拼或进入白热化阶段

　　华金证券研报指出，主要参与者12月密集发布新品，视频生成赛道比拼或进入白热化阶段。12月3日，腾讯混元大模型正式上线视频生成功能并实现开源，参数量达130亿，并在综合评测中呈领先趋势；12月10日，OpenAI正式发布Sora系列产品；12月14日，Pika Labs正式发布了2.0版本；12月17日，Google发布Veo 2视频生成模型；快手亦宣布将于近期发布可灵AI 1.6版本。视频生成赛道重要参与者先后发布重磅产品，或持续点燃AI视频热潮，建议持续关注国内映射产品以及相关受益上下游产业。"
酿酒行业	https://finance.eastmoney.com/a/202412113265466865.html	收评：沪指窄幅震荡涨0.29% 大消费板块集体走强	"新华财经北京12月11日电（王媛媛）周三市场全天窄幅震荡，三大指数涨跌不一，大消费板块集体走强。截至收盘，沪指涨0.29%，收报3432.49点；深证成指涨0.33%，收报10848.42点；创业板指跌0.11%，收报2261.58点。沪深两市成交额达到1.78万亿元，较昨日萎缩超4000亿元。

　　行业板块多数收涨，商业百货、房地产开发、珠宝首饰、消费电子、汽车服务、食品饮料、家用轻工、旅游酒店、煤炭行业、酿酒行业涨幅居前，保险板块跌幅居前。

　　盘面热点

　　盘面上，大消费股再度走强，零售、食品等方向领涨；上海国企改革概念股表现活跃，市北高新等10余股涨停；机器人概念股走势分化，爱仕达等20余股涨停；抖音豆包及消费电子概念股集体大涨，省广集团等多股涨停。

　　个股方面，上涨股票数量超过3800只。

　　消息面上

　　两部门：2027年底前教育系统软件正版率显著提升全面使用正版操作系统软件、办公软件和杀毒软件

　　教育部、国家版权局发布关于做好教育系统软件正版化工作的通知，2027年底前，教育系统软件正版化工作长效机制基本建立，教育系统软件正版率显著提升，全面使用正版操作系统软件、办公软件和杀毒软件，使用未经软件著作权人授权的软件情况基本杜绝。各地要统筹考虑区域、城乡、校际差异，针对不同类型、不同学段学校特点和实际需求，分类推进教育系统软件正版化工作，优先做好中小学、中职学校的正版软件配备，重点督促高等学校率先完成工作目标。

　　中汽协：11月新能源汽车销量同比增长47.4%

　　中汽协数据显示，11月，新能源汽车产销分别完成156.6万辆和151.2万辆，同比分别增长45.8%和47.4%，新能源汽车新车销量占汽车新车总销量的45.6%。1-11月，新能源汽车产销分别完成1134.5万辆和1126.2万辆，同比分别增长34.6%和35.6%，新能源汽车新车销量达到汽车新车总销量的40.3%。

　　香港特区立法会通过《2024年印花税法例（杂项修订）条例草案》

　　据大湾区之声，香港特区政府欢迎立法会今日（11日）通过《2024年印花税法例（杂项修订）条例草案》，落实豁免房地产投资信托基金股份或单位转让和期权庄家进行证券经销业务的印花税，以及修订在香港实施无纸证券市场制度下的印花税征收安排。

　　机构观点

　　巨丰投顾：周三市场震荡运行，智能音箱涨幅居前。随着各项逆周期调节政策措施落地，A股已逐步探明市场底部，并出现中长期介入机会。当前，市场正处于一个大级别上行趋势的调整期中，且调整临近尾声并面临上破压力。具体方向上，逢低关注国企改革、兼并重组主题，半导体、机器人等新质生产力方向以及中证A500ETF等宽基ETF基金。

　　中信证券：重磅会议释放更加积极的政策信号，实体经济改善向好预期有望提振上游资源品价格，引领板块重回涨势。建议围绕三条主线：1）基本面改善带来价格上涨预期的普钢、焦煤、铜铝基本金属、强消费属性化工品；2）市场流动性宽松利好下的红利品种如原油、动力煤；3）市场风格回暖利好下的成长品种如锂、稀土等。

　　华泰证券：自9月底以来，持续的政策利好落地支撑基本面改善，中央在关键会议上重申对地产的支持，意味着明年或有更大的政策支持空间，更为宽松的环境有望夯实这一改善趋势，房地产市场预期修复和基本面企稳有望在政策加持下提速。后续仍要关注市场量价复苏的持续性以及宏观支持政策、收储、城中村改造等政策的落地进展。在确认市场筑底之前，更看好在核心城市拥有更多资源并且运营稳健的房企；同时业绩具备韧性、现金流稳健的物管公司亦有望受益于市场止跌回稳。"
酿酒行业	https://finance.eastmoney.com/a/202411293255231611.html	五粮液携手全球熊猫伙伴大会 共绘绿色生态发展新篇章	"11月26日，以“人与自然和谐共生”为主题的2024全球熊猫伙伴大会在成都开幕。五粮液作为大会唯一官方战略合作伙伴、独家白酒合作伙伴，全方位融入大会系列活动，与全球熊猫伙伴共赴“和美”之约。

　　携手“国宝”体味人与自然和谐共生

　　五粮液与“国宝”大熊猫的携手合作，不仅是一次品牌文化的深度交融，更是一场向世界展示中国绿色发展理念与生态文明建设成果的精彩盛宴。在2024全球熊猫伙伴大会上，五粮液通过晚宴品鉴、主题展示、互动体验等多种形式，与全球“熊猫伙伴”共聚一堂，共同探讨人与自然和谐共生的“和美”未来。

　　11月25日晚间，“和美之夜”欢迎晚宴在成都隆重举行，由2024全球熊猫伙伴大会组委会与五粮液联合主办。晚宴上，巴蜀文化与五粮美酒交相辉映，川剧表演、舞蹈《国风墨韵》、德国伯乐乐团演唱的《快乐熊猫》等节目精彩纷呈，为来宾带来了一场集视觉、听觉、味觉于一体的极致盛宴。这场文化盛宴不仅展现了巴蜀文化的深厚底蕴，也传递了五粮液对和谐共生理念的深刻理解。

　　在位于天府国际会议中心的全球熊猫伙伴品牌展厅内，五粮液展示了其丰富的产品线，包括经典五粮液系列10、20、30、50、第八代五粮液、五粮液・紫气东来等多款产品，以及五粮液・金熊猫奖纪念酒、五粮液・精品熊猫造型酒等文创作品。

　　这些产品与一旁的熊猫茶棚、熊猫茶车、熊猫人偶等元素巧妙搭配，相得益彰，成功吸引了众多来宾驻足观赏并拍照留念。五粮液在精心策划的熊猫茶棚活动中，还特别推出了五粮液白酒咖啡、“五谷罗尼”鸡尾酒等中西合璧的创意饮品。

　　五粮液与大熊猫的渊源可追溯至1982年，当时五粮液便积极参与大熊猫保护工作，并以“熊猫抱竹”为标识，寓意五粮液的珍贵。近年来，五粮液更是持续加码文化酒赛道，推出了“五福熊猫”等系列文化酒产品，将大熊猫元素与白酒文化巧妙融合。同时，五粮液还积极开展“和美全球行”跨国文化交流活动，与施华洛世奇、《米其林指南》、金巴厘集团等各领域顶级品牌携手合作，通过共办活动、推出联名产品等方式，推动中华优秀传统文化走向世界舞台。

　　白酒行业分析师、知趣咨询总经理蔡学飞向《证券日报》记者表示，全球熊猫伙伴大会着重强调人与自然的和谐共生，生态旅游在其中扮演着重要角色，四川又是旅游大省，五粮液积极参与全球熊猫伙伴大会等世界级活动，不仅有利于链接世界高势能人群，增强消费市场正面口碑，提升品牌文化内涵，扩大影响力，更彰显了五粮液作为四川标志性品牌及酿酒行业生态建设引领者的社会责任与品牌担当。

　　提升企业“含绿量”探寻绿色发展稀缺性“密码”

　　据《证券日报》记者了解，2024全球熊猫伙伴大会，来自全球的大熊猫及野生动物保护专家、驻华使领馆官员、地方政府代表、大熊猫爱好者以及致力于绿色发展的企业等多领域的全球熊猫伙伴齐聚一堂。通过跨国界、跨时空、跨文明的交流与合作，共同探索绿色发展新路径，倡导生态文明新未来。这一理念与五粮液长期秉持的“生态优先、绿色发展”理念高度契合。

　　作为大会的重要一环，中外文旅交流互鉴大会将五粮液景区纳入了“宜宾生态旅游线路”，使其成为“四川不止有熊猫”旅游线路的重要组成部分。11月29日，在“全球熊猫伙伴・四川行”活动中，各国的熊猫伙伴代表更是深入中国白酒生态园区、国家绿色工厂――五粮液“十里酒城”，探寻五粮液酒香中蕴含的绿色发展“密码”，并见证了五粮液如何在传承与创新中书写绿色发展的新篇章。

　　一直以来，五粮液都坚持走绿色发展之路，将保护长江上游水质视为酿造美酒的关键，并积极协同推进降碳、减污、扩绿、增长，不断提升企业发展的“含绿量”，降低“含碳量”。同时，五粮液还积极践行共享发展理念，以升级建设200万亩酿酒专用粮基地为突破口，推动农业种植向规模化、现代化迈进，并努力打造乡村旅游、休闲农业、文化体验等新业态，为“和美”乡村建设贡献力量。

　　绿色发展方面，五粮液也取得了显著成效。企业不仅建成了白酒行业首家规模最大、集多重功能于一体的环保生态湿地，还牵头制定了《酿酒废水人工生态湿地处理技术规范》，为行业废水处理提供了有力的技术支撑。作为长江上游优质水质的受益者和生态的守护者，五粮液从原料种植到酿造环节，从包装设计到物流运输，全程贯彻绿色理念，积极推进绿色酿造。

　　五粮液相关负责人对《证券日报》记者表示，作为白酒这一“地域生态资源型”产业的典型代表，五粮液深知生态价值对于塑造世界名酒地位的重要意义。因此，五粮液始终坚定不移地走“生态优先、绿色发展”之路，秉承和美的环境观、生态观以及自然保护观，不断提升五粮液品牌及其产品的稀缺性与价值。

　　知名战略定位专家、福建华策品牌定位咨询创始人詹军豪接受《证券日报》记者采访时表示，当前白酒行业在绿色技术应用方面取得了显著进展，五粮液在这方面处于领先地位。其通过优化能源结构、引入低碳技术、实施废水回收等措施，大幅降低了环境影响。五粮液在绿色设计、绿色制造方面的创新实践，为其他企业提供了宝贵经验，有力推动白酒行业的绿色可持续发展。"
酿酒行业	https://finance.eastmoney.com/a/202412023256499136.html	五粮液携手“熊猫伙伴”：走绿色发展之路 同绘“和美”新画卷	"11月26日，以“人与自然和谐共生”为主题的2024全球熊猫伙伴大会在四川成都举行。来自30余个国家的专家学者等380多人参加了会议，围绕生态文明、熊猫文化、中外文旅等议题展开研讨，共论绿色发展新探索，倡导生态文明新未来。作为大会“官方战略合作伙伴”“独家白酒合作伙伴”，五粮液深度参与各环节，闪耀“大国浓香”魅力，在构建生态和谐、推动文明交流互鉴的过程中，向全球展示“和合共生美美与共”的文化价值理念。

　　携手：共倡“美美与共”理念

　　2024全球熊猫伙伴大会以“人与自然和谐共生”为主题，传承千年的五粮液所倡导的“和美”理念，与之有着天然的契合。

　　五粮液的酿造过程，恰似一场人与自然的精妙对话：

　　雪域之水顺岷江奔腾而下，在四川宜宾汇成“母亲河”长江，奔向浩瀚大海。五粮液的浓香源于岷江古取水口，当地独特的水质、土壤、空气、气候以及生物多样性等地域资源和自然生态环境，造就了其独特的风味和卓越的品质。

　　白酒是典型的“地域生态资源特色产业”，白酒酿造对所在区域的自然生态环境有极其严格的要求。在五粮液集团（股份）公司党委书记、董事长曾从钦看来，保护生态是五粮液基业长青、永续发展的根基。他曾在2023年全国两会期间表示，五粮液是长江上游优质水质的受益者，也是长江上游生态的守护者。“五粮液要以能酿出美酒的标准，想方设法保护好长江上游水质，当好中国酿酒行业践行‘双碳’目标的示范者，筑牢长江上游生态屏障。”

　　“万物各得其和以生，各得其养以成。”在中国古代思想体系中，“天人合一”的基本内涵就是人与自然的和谐共生。五粮液对自然的敬畏与感恩，与大会主题同频共振。

31dc6721af07486b8a7ae52fab269968.jpeg
2024全球熊猫伙伴大会现场

　　五粮液作为中国酒文化的杰出代表，承载着数千年的中华文化底蕴。它的酿造工艺，是中国古代劳动人民智慧的结晶，从古老的酿造秘方到精湛的酿造技艺，代代相传，蕴含着深厚的文化内涵。

　　在全球文化交流的舞台上，五粮液以酒为媒，传递着中国文化的独特魅力。当全球友人举杯共饮五粮液时，他们品味到的是中国古老的农耕文化、精湛的酿造技术以及“各味谐调、恰到好处”的和美意境。这种跨越国界的文化交流，正与大会促进国际交流合作、推动文明交流互鉴的探索完美融合。

19720849130d4edba9ab6a06df134640.jpeg
大会期间，嘉宾在五粮液熊猫茶棚与熊猫人偶合影

　　同行：探寻“和美”共生路径

　　五粮液作为“官方战略合作伙伴”，与2024全球熊猫伙伴大会秉持相同绿色理念、怀揣共同“和美”愿景，相携同向而行。

　　值得一提的是，大会期间正式发布了“四川不止有熊猫”旅游线路，五粮液景区被纳入“宜宾生态旅游线路”，成为重要一站。

　　大熊猫是中国的“国宝”，深受世界各国人民喜爱，是全球加强生物多样性保护的友谊使者，彰显了人与自然和谐共生的“和美”之道。它们生活在四川等地的自然保护区中，依赖着丰富的自然资源生存繁衍。五粮液同样深知自然对于自身发展的重要性，在企业发展战略中，始终将绿色发展理念贯穿其中，以能酿出五粮液美酒的标准，想方设法保护好长江上游水质，协同推进降碳、减污、扩绿、增长。

　　在生态酿造方面，五粮液是行业首家国家绿色工厂、绿色设计示范企业，持续推行清洁生产，推进用水用能效率提升。在资源节约方面，五粮液大力优化能源结构，在行业率先推进煤改气工程，每年减少4万余吨标煤使用，减少废气排放量超过20万吨。在可循环方面，启动洗瓶水、冷却水循环利用，改进制水工艺，制水自用水率可控制在5%以内，洗瓶水综合节水率可达到70%，冷却水循环利用率可达到90%。

20241130b8926b746c754d8aa7827969aacd0a97_20241130b9de4fc3272e429f9a15c80cd5d8f89f.jpg
五粮液“十里酒城”

　　顺着时间的轴线回溯，五粮液逐“绿”前行的发展道路早有雏形。20世纪90年代，五粮液就建成行业领先的酒糟循环利用工艺系统；从2013年开始，五粮液投资1.7亿元实施“煤改气”工程，已于2018年实现天然气全部替代煤炭，100%使用清洁能源；完成“煤改气”工程后，五粮液又开始积极探索“气改电”……

　　作为白酒行业龙头，五粮液于2021年在白酒酿造行业内率先提出创建“零碳酒企”，引发社会普遍关注。2022年11月，2022“可持续中国产业发展行动”年度报告《超越净零碳》发布，五粮液入选报告案例；2022年12月，五粮液凭借持续不断的低碳转型举措，获“中国绿色生态十大影响力品牌”荣誉；2023年9月，“2023年联合国可持续发展目标峰会官方边会――产业可持续创新”上，五粮液入选优秀案例。

　　近年来，五粮液以守护好长江上游生态屏障、推进生产方式的绿色低碳转型等为重点，高起点规划、高标准升级建设行业最大的纯粮固态酿酒基地，累计投入超过15亿元资金，积极推进包括宋公河（五粮液段）生态湿地等项目建设，助力长江经济带生态屏障建设。这种对绿色发展的执着追求，与大会倡导推动生态保护建设、绿色低碳发展相契合，二者携手为构建美丽地球家园贡献力量。

　　共进：同绘“和美”发展画卷

　　大熊猫以其憨态可掬的形象闻名于世，是中国文化中和平、友好的象征。五粮液则以其独特的酿造工艺、卓越的品质和浓郁的“和美”底蕴，在世界酒文化中独树一帜。

　　在“和美之夜”2024全球熊猫伙伴大会欢迎晚宴现场，中国首席白酒品酒大师、五粮液酒体设计中心勾调顾问代春通过观色、闻香、品味、悟格的美酒鉴赏步骤，带领现场嘉宾细细品鉴五粮液系列酒品，感受“大国浓香”各味谐调、恰到好处的“和美”韵味。五粮液精心布置的鸡尾酒台吸引众多嘉宾围观，“五谷尼罗”等创新鸡尾酒，将中国白酒与西方烈酒的风格巧妙结合，用国际化、时尚化、年轻化的方式呈现了五粮液的别样风味，赢得了现场嘉宾的一致好评。

20241130b8926b746c754d8aa7827969aacd0a97_20241130ebe59f9b2fe74adb9dffc9b7c411431e.jpg
“和美之夜”2024全球熊猫伙伴大会欢迎晚宴

　　“酒都”宜宾，酒文化的历史源远流长。从古老的k人的“X酱酒”，到唐宋时代的“荔枝绿”“姚子雪曲”，从明清时代的“杂粮酒”到五粮液，代代传承。在千年的历程中，高粱、大米、糯米、小麦、玉米五种粮食相互融合，各取其妙，最终成就了五粮液“香气悠久、味醇厚、入口甘美、入喉净爽、各味谐调、恰到好处、尤以酒味全面”的标志性风格。五粮液集五粮之精华、循古法酿造之传统，是天地造化的文化升华与中庸“和美”的物化呈现。

　　因此，五粮液提炼出“和美五粮”的品牌主张，弘扬“和美”文化、酿造美好生活。在五粮液看来，天人合一的生态观是自然逻辑，追求极致的品质观是精神逻辑，精益求精的匠心观是历史逻辑，守正创新的发展观是实践逻辑，中庸和谐的价值观则为文化逻辑。正如曾从钦所言，五粮液通过践行“和美种植”“和美酿造”“和美勾调”“和美营销”“和美文化”，实现人与自然、人与社会、物质与精神的和谐共生。

　　可以说，一杯五粮美酒，全生命周期贯穿“和美”、指向“和美”、彰显“和美”。五粮液在“和美”文化理念指引下，推动白酒文化创造性转化、创新性发展，积极探索中华优秀传统文化的现代表达。

　　近年来，五粮液坚持做中华优秀传统文化的传承者、发扬者，不断加强“文化五粮液”建设，打造出五粮液“和美全球行”“和美文化节”等多个文化IP，用艺术、时尚、科技等多元文化形式展示中华文化魅力。在本土大地，五粮液通过传承和弘扬具有民族特色的酒文化，承继酒史文脉，引领和美新篇；走出国门，推动具有中国特色、体现中国精神、蕴藏中国智慧的优秀文化走向世界，加强文化交流互鉴，助力各国民心相通。

　　2019年至今，五粮液已连续六年支持参与APEC框架下系列活动，以美酒为纽带，持续为亚太发展贡献“和美”智慧，为世界文化交流与经贸往来搭建桥梁。自成为博鳌亚洲论坛2021年年会荣誉战略合作伙伴以来，五粮液持续与博鳌亚洲论坛保持最高级别合作，持续为全球互联互通贡献“和美”力量。在近年来火热的五粮液“和美全球行”中，五粮液“不以山海为远”，走进意大利、奥地利、法国等10余个国家和地区，以酒为媒，讲述关于“和美”共生、文化交融的中国故事……

　　同时，五粮液也吸引了众多国际友人来到中国，探寻五粮液背后的文化奥秘。11月29日，参加2024全球熊猫伙伴大会“全球熊猫伙伴四川行”的嘉宾来到位于宜宾的中国白酒生态园区、国家绿色工厂――五粮液“十里酒城”，通过参观考察、宣传推介、对话交流等形式，寻访酒香里的绿色“密码”。

　　“有好的生态才能酿造出这么好的美酒。从（生态湿地）对水源的保护到对周边生态环境的维护，都可以看出对自然的尊重和敬畏。”五粮液在生态酿造、资源节约和可循环中深度融入的绿色低碳发展理念，给来宾们留下了深刻印象。这种双向的交流互动，为全球文明交流互鉴注入了新的活力。

　　五粮液相关负责人表示，未来五粮液将继续以生态为基，以文明为翼，以美酒为媒，以坚定的文化自信和切实的行动实践，在绿色发展、文化交流方面持续发力、积极布局，为企业的可持续发展与文明的交流互鉴书写新的篇章。"
酿酒行业	https://finance.eastmoney.com/a/202411263251303937.html	多酒企“炮轰”破价乱价 存量市场下酒业如何创新破局？	"近期，头部酒企接连发声“炮轰”，瞄准的则是电商平台中以低价、“百亿补贴”等为名销售假冒伪劣产品以及乱价现象。此举也反映出，在白酒存量竞争、库存高企的情况下，传统渠道与电商渠道、厂家与商家背后的博弈和矛盾。

　　中国酒类流通协会日前明确表态，反对电商平台上存在的破价乱价行为，抵制销售假冒伪劣、虚假宣传、炒作误导等行为，建议传统酒企对电商应更加主动开放，善加引导，加快构建酒类电商品牌化体系等。

　　2024年，去库存是白酒行业的重要任务。在业内专家看来，做好传承的同时加大创新，是当下酒类深度调整期破解“内卷”、寻求出路、实现平稳穿越的关键。从“卖酒”到“卖生活方式转变”，做好细分消费场景、丰富“餐+酒”形式等，同时实现传统与电商渠道的融合，加快国际市场布局。

　　多家酒企“炮轰”电商平台乱价、售假

　　今年的双11电商促销活动以来，酒企接连发声“炮轰”电商平台乱价、售假，引发外界关注。

　　其中，剑南春在消费者告知书中提到，对消费者反馈的一些店铺提供的剑南春授权书进行核查发现均系伪造，多个店铺销售的水晶剑南春疑似为回收拼凑销售。

　　五粮液近期接连发布两则消费者告知书，对消费者在电商平台“百亿补贴”活动中购买的五粮液产品真伪进行鉴别，发现部分为假冒产品，其主要来源于某大型电商平台“百亿补贴”频道中的店铺，还有部分来源于其他电商平台的店铺。

　　11月19日，贵州金沙古酒酒业有限公司针对部分电商平台乱价现象发布声明，称接到多名消费者低价从部分电商平台的多个店铺购买的“金沙古”产品，经核实多为假冒。

　　11月21日，丹泉酒业发布消费者告知书，称在各线上电商平台、直播间有未经品牌授权或伪造授权的个人及门店发布、销售其产品，存在以低于市场价售卖假冒伪劣产品的情况。消费者还面临退换货条件苛刻，甚至门店突然关闭，导致售后服务无法保障的情况，严重损害消费者利益。

　　近期，新京报记者也接到部分消费者反馈一些电商平台直播间的销售套路，包括“直播间1599元的所谓低价飞天茅台不仅开不了发票，链接店铺没开多久就关店”“虚标扫码价”等低价乱象。

　　11月24日，在2024酒类电商高质量发展大会上，中国酒类流通协会秘书长秦书尧明确提出，反对酒类电商中的破价乱价，损害公共利益；反对酒类电商中的售卖假酒，损害消费者利益；反对酒类电商中的虚假宣传、误导歪曲，损害酒业公共形象；反对酒类电商中的投机经营，以卖酒为名，刷单炒作，套取费用，损害厂商及投资者利益。支持酒类电商以价值为导向，积极融入酒类价格体系和市场生态当中；支持长期主义，老老实实卖酒，踏踏实实经营等。

　　博弈背后的高库存、稳价盘

　　2024年，去库存是白酒行业的重要任务，竞争也变得更加激烈。在业内人士看来，电商渠道的酒类销售规模只有传统渠道的一成左右，但电商渠道价格对传统渠道价格的影响极大。酒企接连就酒类销售乱象发声，意在维护消费者利益和企业知识产权。线上店铺乱价破价销售，反映的是白酒行业进入深度调整期，商家库存高企，以低价去库存，加剧价格倒挂。而酒企与电商的博弈，厂商之间的博弈，与稳固价盘不无关系。

　　中国酒业协会发布的《2024中国白酒市场中期研究报告》提到，2024年上半年，超过60%的经销商、终端零售商称，库存同比增加。超过40%的经销商、终端零售商称，实际销售价格的倒挂程度同比有所增加。

　　白酒上市企业2024年三季报也显示，其整体增长速度明显放缓。前三季度，仅有贵州茅台、古井贡酒等6家酒企营收实现两位数增长，2023年同期则是16家。2024年第三季度，多家企业营收出现同比、环比负增长。这意味着酒业市场已告别高速增长阶段，进入结构调整和增速换挡阶段。在这一背景下，酒企向渠道商压货做业绩将成过去式，随着消费场景减少，酒企需要给渠道商减压以缓解矛盾。

　　“酒业长期向好的趋势不会改变，但新一轮调整期内，酒业市场压力加剧，厂商矛盾凸显，必须求新求变，寻求新的发展路径。”中国酒类流通协会会长王新国日前在2024酒业创新与投资大会上说，对于这轮调整要全面看待，当下是酒业前期高速增长的消化期，2018年至2023年，全国酿酒行业累计营收、白酒营收增幅分别达到33.3%、41%，此前形成的渠道库存仍在消化过程中。

　　同时，他认为，当下也是酒业面对新环境的适应期，从消费角度看，80后、90后成为消费主力；从市场结构看，中档产品消费大幅增长，橄榄形态明显，质价比成为重要竞争力；从渠道看，电商渠道补充和丰富了传统渠道，但也暴露出规范管理的一些阶段性问题。“今后酒业增量发展，有必要加强对新群体、新区域、新品类等场景的开拓等”。

　　“存量市场消费降级，创新成为推动增长的关键因素。”IWSR（国际葡萄酒与烈酒研究所）大中华区研究总监朱莹莹发布的《全球酒业年度创新洞察报告》中提到。

　　白酒行业将进入新发展拐点，消费场景进一步细分成为酒业共识。2024年，贵州省针对白酒产业发展，提出“从卖酒向卖生活方式”转变。随后，多家酒企开启营销转变，包括贵州茅台提出客群转型、场景转型、服务转型等。场景创新中，“中餐+白酒”的探索逐步起势。在珍酒李渡集团董事长、华致酒行董事长吴向东看来，美食升级会带动白酒发展，应该重视对“美食+美酒”的研究，通过推动中华美食的升级，创造更多需求，推动白酒产业发展。

　　优势产区、酒旅融合也是当下酒企发展的方向，北京卓鹏战略咨询机构董事长田卓鹏调研发现，96%的消费者在选购白酒产品时会关注产地/产区，遵义、宜宾、宿迁、泸州、吕梁、亳州六大产区白酒产销量，占据白酒产业的半壁江山，利润达到80%以上。他认为，“旅游+文化+酒”成为持续推动产区高质量发展的增长点。

　　国际化成拓展市场必要路径

　　存量竞争日益激烈的背景下，寻求新市场新增量成为酒业未来发展的重要方向。“不出海就出局”“慢出海也出局”，“出海”成为拓展市场的必要路径。

　　数据显示，2023年，中国白酒行业实现总产量629万千升，销售收入达到7563亿元，出口量和出口额仅分别占0.24%、0.74%。这意味着，中国酒业“出海”还有巨大潜力。

　　秦书尧谈及电商与传统渠道有机融合时提到，应支持酒类电商“出海”，开启酒业国际化发展的新通道。

　　中国酒业协会发布的《中国酒业“十四五”发展指导意见》提出，中国酒业在产业结构方面要打造世界级产业集群，在品牌培育方面要培育世界顶级品牌。国际化成为头部酒企纷纷布局的新方向。五粮液、茅台、汾酒、洋河、古井贡酒等已经开始组团“出海”，推动中国名优白酒集体走向国际市场。

　　中国贸促会研究院院长赵萍认为，中国白酒“出海”声浪渐高，但也面临诸多风险和挑战。企业需要制定差异化市场策略，比如针对欧美市场，研发适合当地消费者口味的白酒产品，通过高端品鉴会、文化沙龙等方式，树立品牌形象；通过在跨境电商平台开设海外旗舰店、参与国际酒展等多种渠道拓展海外市场；讲好中国酒文化故事，打造富有中国特色美学价值的白酒“1+N”国际传播模式。

　　波士顿咨询公司（BCG）董事总经理、全球合伙人、BCG消费品业务亚太区负责人丁佳川认为，国际烈酒品牌多采用聚焦策源地市场策略实现国际化，中国白酒企业推动国际化建设，可借鉴国际烈酒经验，先在策源地市场立足，再拓展到品销结合市场，实现品牌国际化发展。"
酿酒行业	https://finance.eastmoney.com/a/202411043228442166.html	古越龙山：黄酒集团拟增持1亿元~1.5亿元公司股份	"古越龙山（SH 600059，收盘价：8.85元）11月4日晚间发布公告称，浙江古越龙山绍兴酒股份有限公司于2024年10月31日收到控股股东中国绍兴黄酒集团有限公司通知函，黄酒集团拟通过上海证券交易所集中竞价交易方式增持公司A股股份。增持总金额不低于人民币1亿元，不超过人民币1.5亿元。本次增持前，黄酒集团持有公司股份约3.35亿股，占公司总股本的36.71%。

　　2023年1至12月份，古越龙山的营业收入构成为：酿酒行业占比96.73%，其他行业占比1.13%。

　　古越龙山的董事长是孙爱保，男，56岁，学历背景为硕士；总经理是徐东良，男，50岁，学历背景为硕士。

　　截至发稿，古越龙山市值为81亿元。"
酿酒行业	https://finance.eastmoney.com/a/202411033227341159.html	每经热评丨COP16召开！从ESG管理看酒业生物多样性行动	"在气候变化的危机下，全球主要国家均提出了自己的碳达峰碳中和目标，并得到了广泛的关注和响应。关于《2020后全球生物多样性框架》中提出的全球“3030目标”（即保护30%的陆地和海洋），虽然该目标已经获得通过，但在各经济部门和企业之间的认知度，相较于碳达峰和碳中和目标，仍然较低。

　　2024年10月21日至11月1日，联合国《生物多样性公约》第十六次缔约方大会（COP16）在哥伦比亚卡利召开。这是2022年中国任主席国在蒙特利尔召开的COP15会议通过了“昆明-蒙特利尔全球生物多样性框架”以来首次生物多样性峰会，更是各国承诺在2030年前遏制并扭转生物多样性加速丧失局面的关键时刻。

　　COP16期间举办的“商务与生物多样性论坛”也强调了生物多样性危机的加剧给企业带来的风险将愈加严峻，笔者基于《企业生物多样性信息披露》前置研究，以酒业为例结合ESG和ESG评级对其中的生物多样性展开讨论。

　　一、生物多样性保护趋势

　　1.什么是生物多样性？

　　根据《生物多样性公约》的定义，生物多样性是指“所有来源的活的生物体中的变异性或多样性，其来源包括陆地、海洋和其他水生生态系统及其所构成的生态综合体；包括物种内、物种之间和生态系统的多样性”。具体可分为“基因或遗传多样性”“物种多样性”和“生态系统多样性”三个层次。

　　2.生物多样性现况和风险。

　　生物多样性经济学-达斯古普塔评估报告中，这样定义经济增长和发展的内涵――以牺牲自然资本为代价积累生产资本和人力资本。

　　“土壤、水和空气”是包含人类在内所有生命赖以生存的基本元素，人类生产生活和GDP更是基于自然资源和生态服务而产生，而生物多样性则赋予自然以生产力、恢复力和适应力。

　　基于生物多样性保护的自然资本或需用寄生关系理解，是与生产资本、人力资本同样被重视的资产。根据生物多样性经济学-达斯古普塔评估报告中的数据，1992年至2014年期间，全球人均生产资本翻了一番，人均人力资本增加了约13%；然而，人均自然资本存量却下降了近40%。生物多样性的丧失速度比人类历史上任何时候都要快，目前的灭绝率约高出基线率的100至1000倍，且在不断增加。

　　3.COP16：“与自然和平相处”。

　　2024年COP16号召“与自然和平相处”中明确推动企业树立宏伟目标，并将生物多样性纳入企业行动主流。

　　从政策趋势来看，国际上欧盟于2023年6月29日生效的《欧盟零毁林法案》规定，欧盟将在2024年底前彻底停止进出口在供应链任何环节涉及毁林的产品。2024年6月17日，欧盟开创性通过《自然恢复法》（Nature Restoration Law），成为世界上首部明确恢复受损生态系统的综合性法律文件，对推动全球范围内的自然生态保护进程具有里程碑意义。

　　在国内，2023年5月生效的新版《野生动物保护法》明确自然保护地内将禁止建设风电、光伏、道路等基础设施。2024年1月生态环境部发布《中国生物多样性保护战略与行动计划（2023~2030年）》部署了我国在生物多样性保护、应对生物多样性丧失风险、生物多样性可持续利用与惠益分享、生物多样性治理能力现代化等4个优先领域。2024年10月28日，最高人民检察院办公厅、公安部办公厅、生态环境部办公厅联合印发《办理污染环境犯罪案件证据指引》进一步严查并提升环境污染犯罪惩治质效。

　　市场层面，全球超过400家公司组建了自然相关财务披露工作组。一些领先企业已经采取行动，评估、承诺、转型和披露自然相关信息，既包括行业层面的行动，也包括制定各自的自然战略。此间，国内外酒业企业在生物多样性管理已通过环境、社会和治理（ESG）框架内有不同深浅的行动，但多尚未形成完整的生物多样性专题管理框架。

　　二、企业生物多样性管理

　　ESG是可用于企业平衡环境、社会和管治需求的新型管理框架，生物多样性在多数议题可被列入环境维度，包含但不限于对碳排放、水、废弃物排放等指标的管理和追踪；一部分则适用于社会维度对周边社区的影响，包含但不限于企业所坐落的生态系统多样性、基因和物种的多样性统计，对不同生物栖息地影响、保护和修复等情况。

　　据此，生物多样性在统计、管理、行动和绩效追踪方面，相较于对气候变化有直接关联的温室气体统计而言，一是具有更高的管理和数据统计的复杂性和专业门槛，二是生物多样性所覆盖的链条和影响更为长期且深层次。

　　1.与自然相关的财务信息披露（TNFD）。

　　TNFD延续与气候相关的财务信息披露（TCFD）的框架实践经验，将注意力从气候管理进一步延伸至自然相关更为广泛的议题。生物多样性在“自然”中扮演着难以区隔的内核角色。

　　2.全球报告倡议组织（GRI）升级生物多样性披露要求。

　　GRI作为全球使用范围最广的可持续发展报告标准之一，已随着自然相关、生物多样性管理重要性增加的情况下，将原本仅作ESG选择性披露的补充框架“GRI 304：生物多样性2016”重要性升级至“GRI 101：生物多样性2024”。其在管理和披露要求中新增供应链环节的生物多样性内容、关注重大性风险、企业所在地更为具体的影响、导致生物多样性丧失的原因等更为详尽的管理、统计和分析。

　　三、酒瓶中的生物多样性

　　1.酿酒行业对生态要素的依赖。

　　酿酒行业以生态要素为基础，“水质（水质）、土（土壤）、气（气候&空气）、生物（微生物）”均将对其风味产生决定性的影响，各酒业企业将由差异化的生态要素形成的多种风味、香型作为其特有属性并营造市场竞争力。其中所依赖的生态要素内容可指向生态系统、物种和基因生物多样性三类。

　　2.酒业ESG评级中生物多样性敞口增加。

　　从ESG行业重大性议题展开，水资源管理、包装全生命周期、原材料供应链和原材料管理均与生物多样性高度相关；能源消耗则是从碳排放、可再生能源电力设备建设等方面或对生物多样性造成影响，其影响程度视酿酒企业具体情况而定。

　　当前酒业企业在ESG评级机构中多被划分至“饮料（Beverage）”行业进行比较，同时在酒业ESG评级方面，ESG评级随着可持续风险敞口的增加，存在不进则退的趋势。

　　以MSCI（明晟公司）方法学和算法调整为例，针对酒业企业调增了上游高粱等水密集型农业的风险敞口、因地区政府限塑令的加码调增包装全生命周期管理的风险敞口、产品碳足迹的管理要求等。

　　与生物多样性直接和间接相关要素权重在ESG评价中均有所增加，部分在上游供应链未作出明确管理方案或行动计划、未开展可持续包装和回收考量、缺乏生产和制造环节对能源管理关注等的酒企在MSCI评分指标中均可观察到降分的现况。

　　3.酒业生物多样性分析框架。

　　酿酒企业的生物多样性分析可参考TNFD（自然相关财务信息披露工作组）开发的LEAP框架，从“水、土壤、气候、空气、微生物”结合所处的生态系统展开分析，并逐步向上下游价值链延伸追溯、提供指导。

　　酒业企业目前可主要参考TNFD发布的“食物和农业”行业要求，从生产制造环节发现与自然的联结，认识到对自然等生态资源的依赖和影响等为主，相关风险和机会评估、战略规划和目标设定方面为早期探索阶段（灰色指标项为行业特定指南尚未要求披露项目）。

　　四、生物多样性行动案例

　　1.宜宾五粮液：专用粮和微生物多样性。

　　在五粮液发布的《2023环境、社会及公司治理（ESG）报告》中，重点摘录了其在白酒酿酒专用粮、菌种方面的研究、保存。五粮液设立的“中国白酒酿酒专用粮工程技术研究中心”已通过中国轻工业联合会的认定，同时，“中国工业微生物菌种保藏管理中心白酒微生物研究分中心”也成功在其企业内落户。

　　2.贵州茅台：水足迹、产品碳足迹管理。

　　贵州茅台的MSCI评级在2021~2024年间从CCC级跃升至BBB级，其ESG管理从行动到披露已彰显出其具有行业领先的多维探索，并得到国际资本市场认可。在其具有竞争力的微生物菌种资源方面已保存8400余株，同比增长6.67%，酿酒原料种质资源小麦100余份、高粱300余份。作为行业领先代表，在推动水足迹和产品碳足迹管理方面，《2023环境、社会及治理（ESG）报告》中已协同产业链发起研究。

　　3.丹麦嘉士伯：走向净零。

　　嘉士伯MSCI ESG评级为AAA级，在饮料大类行业处于领先地位。在其2023年度ESG报告中已明确六大向零向好行动方向，并已取得一定成效。其中与生物多样性紧密相关的行动，包括零碳足迹、零农业足迹、零包装废弃物、零废水等，它们都提出了2030年或2040年的目标。

　　五、生物多样性管理展望

　　基于上述的ESG拆解和要素分析，酿酒行业对生物多样性的依存性和生产制造环节对外部造成的影响直观且重要。当前，国内酒企在ESG管理方面虽已有所提升，但对于应对气候变化和生物多样性丧失仍远远不足够，正如正在发生的西北暖湿化，全球气候带位移，长期累积下生态要素的变化或对酒企产生诸多不可逆的负面影响。

　　酒企无论是为应对政策监管逐渐趋严的要求，抑或是减缓气候变化、生物多样性对企业长期发展带来的影响，均需将可持续发展纳入核心战略目标，重视ESG和生物多样性治理。从生产和制造环节定位对生态要素的敏感点，并通过产业链梳理，应对上下游面临的生物多样性压力和危机，防止因不可控的生态要素出现断链的风险。"
酿酒行业	https://finance.eastmoney.com/a/202411113234826418.html	江苏高质量推进千亿酿造（酒）优势产业链建设	"产业链是工业经济的筋骨和区域稳发展的保障。近年来，江苏坚守实体经济，以集群强链、补链、延链推进制造强省建设，构建现代化产业体系。其中，培育发展以酿造食品、肉制食品等为代表的绿色食品产业集群，是《江苏省“十四五”制造业高质量发展规划》明确的16个产业集群之一，而酿造（酒）产业链则是江苏确立的30条优势产业链之一。近日，《经济参考报》记者走进江苏宿迁、淮安等地，试图探寻江苏打造千亿酿造（酒）产业链的成功之道。

　　强化龙头引领壮大“腰部”支撑

　　江苏省的酿造产业，尤其是白酒产业，始终发展稳健。据江苏省酒类行业协会消息，2023年全省酿酒工业规上企业62家，累计完成销售收入752.00亿元，同比增长19.79%；累计实现利润总额254.62亿元，同比增长23.57%，再创历史新高。

　　提到白酒，首先让人想到的就是建市较迟、较为年轻的宿迁市。一方水土酿一方名酒，宿迁坐拥“三河两湖一湿地”，被誉为“中国白酒之都”。踏入宿迁这片土地上，随处可见酒的“身影”：富有酒都特色的酒都公园、酒都广场……上千年的酿酒历史，宿迁已将“酒文化”渗透进了城市肌理，塑造出了一座飘着酒香、透着酒韵、“看得见、摸得着”的“酒都”城市。这里不仅孕育了“洋河”“双沟”两大中国名酒（中国驰名商标），更开创了“绵柔型”白酒这一特有类型，并被写入国家标准。

　　走进苏酒龙头、知名上市公司江苏洋河酒厂股份有限公司（简称“洋河股份”），空气里肆意弥漫着馥郁的酒香，先进的灌装生产线、全自动无人仓储配送生产线运转不停……一幕幕现代化的生产场景让人惊叹。手握“双名酒”，洋河股份凭借全国化布局优势，各项业务保持稳健发展态势。

　　从一个传统酿造企业裂变为一家现代化白酒龙头企业，洋河股份高质量发展之路坚毅稳健。洋河股份能够持续几十年在江苏乃至全国的白酒市场占据一席之地，离不开宿迁乃至江苏围绕酿造（酒）产业链的布局和支持。记者从宿迁市委宣传部了解到，作为坐拥两大“中国名酒”的地级市，宿迁市委市政府加强顶层设计，坚持规划先行，围绕酿造（酒）产业发展和酒都建设，高标准制定出台千亿级产业攻坚三年行动计划和白酒产业高质量发展规划，全力推动以酿酒为主导的绿色食品产业发展，目标是到2025年产值突破千亿元。

　　未来，宿迁将持续培育壮大产业根基，把打造以龙头企业为引领、特色酒企为梯队的酒企“舰队”作为产业发展的首要任务，形成一个真正具有强大战斗力的航空母舰战斗群。在全力支持洋河、双沟品牌做大做强同时，持续壮大“腰部”酒企，助力乾隆江南、观云等一批成长性较好的中小企业拓展市场空间，鼓励错位发展，走“专、精、特、新”路线，遴选一批成长性好、有特色品牌的小酒企试点酒庄模式，建成集酿酒、储酒、酒文化展示、旅游于一体的特色酒庄。

　　锚定产业链精准招商助推产业链健康发展

　　招商引资是经济工作的“生命线”，对促进产业延链补链强链、推动经济社会发展有着至关重要的作用。锚定产业链上下游企业，推动高质量招商引资，加快构建现代产业体系，也是发展新质生产力的内在要求。

　　以宿迁为例，在该市发布的《宿迁市千亿级产业攻坚三年行动计划（2023-2025年）》中提出：“到2025年，力争白酒产能达到35万千升，啤酒产能达到80万千升，酒产业产值突破600亿元”。这标志着宿迁正向着千亿级酒业产区进发。

　　围绕打造“千亿产业”目标，宿迁立足“统筹好制度与机制、统筹好扩量与提质、统筹好激励与鞭策”工作要求，形成招商引资新格局。在加强顶层设计方面，宿迁先后制定出台《关于进一步优化招商引资工作体系的通知》《关于开展“招商引资攻坚年”暨“产业链招商竞赛”活动的通知》等文件，进一步建立完善联动招商和产业链招商体系，打造产业链牵头部门、职能单位、驻外招商局、相关县区联动招商格局，实现相互之间信息共享、协调推进。

　　2023年以来，宿迁聚焦招商引资目标，围绕“6+3+X”（机电装备、绿色食品、高端纺织、光伏新能源、绿色家居、新材料六个主导产业和新一代信息技术、生物医药、数字经济+X个先导产业）产业体系和重点产业链，开展“招商引资攻坚年”暨“产业链招商竞赛”活动，实施“产业链精准招商”“一季度一主题”等专项攻坚行动，一批重大产业项目相继落地，为高质量发展、现代化建设蓄势赋能。数据显示，2023年，全市新签约亿元以上项目474个，其中10亿元以上项目151个、50亿元以上项目25个，6个百亿级项目成功落地，既定目标超额完成。

　　项目建设高歌猛进，营商环境效应凸显，合作共赢提质加码，一个更具活力、更具魅力的宿迁，正以砥砺前行的姿态、乘风破浪的闯劲，持续掀起招商引资热潮，奋力走出新时代高质量发展新路子。据宿迁市商务局透露，宿迁将继续落实好现有的制度设计，进一步在科学精准、务实高效上下功夫，聚焦“615”产业体系（6个产业集群、15条重点产业链）和以酿造（酒）为主导的绿色食品等3个千亿级产业培育目标，深入抓好产业链招商，推动“强链、补链、延链”，赋能重点产业加快发展。

　　战略性培育关联产业打通产业链堵点断点

　　酿造产业既是传统制造产业，也是民生产业。近年来，江苏各地积极围绕酿造产业，用科技创新战略性推进强链、补链、延链各项工作，取得了一定的成效。

　　值得肯定的是，2023年初，江苏省生物食品制造业创新联盟成立大会暨第一次理事会在酒都宿迁召开。会上，“江苏省生物食品制造业创新联盟”正式成立，由江南大学牵头、洋河股份联合江苏省内生物食品产业龙头企业成立的“江苏省酿造（食品）制造业创新中心”正式启动孵化。这一创新联盟旨在汇集江苏省内政、产、学、研、用等各方面资源要素，更好地探索从“田头到餐桌”、从“种子到产品”的生物食品全产业链现代化创新发展模式，推动科技成果与产业需求对接，赋能产业结构调整与转型升级，服务农业强省、制造强省建设。

　　打造更强的产业链，既离不开科技创新的赋能，也离不开政府的强力推动。“十四五”以来，淮安举全市之力打造绿色食品等四大主导产业，为加快打造长三角先进制造业融合发展集聚区提供有力产业支撑。为突出科技创新赋能，促进创新链、产业链、资金链、人才链深度融合，淮安市出台了《关于加快建设长三角北部重要产业科技创新高地的若干政策》，推出专精特新培育、“智改数转网联”、传统产业焕新等行动计划，持续赋能酿造产业链。走进苏酒龙头企业之一的今世缘智能化酿酒车间，记者已看不到传统酿酒中的人工撒醅、看“花”接酒等场景，取而代之的是智能机器人、无人行车等现代化生产装备。作为酿酒行业智能化酿造转型升级的标杆，今世缘实现了白酒生产的原辅料自动配送、智能配料、智能装甑、智能分级接酒、物联网测温等工序全流程的数字化，有效解决了人力资源、劳动强度、生产安全等问题，节约了人力和管理成本，真正做到了高质量、高效率、绿色生产。在类似洋河股份、今世缘这样的“链主”企业引领下，越来越多的食品酿造企业正在向智能化方向发展。

　　无独有偶，在与淮安比邻的宿迁，始终将“立足全产业链，不断延链补链强链”作为打造产业链条、实现产业集聚最重要的工作来抓。虽然宿迁酿酒的配套原料已形成从“田间”到“舌尖”全流程的种植需求和质量管控，但普通高粱仍然要到外地甚至外国采购。在政府的强力推动下，宿迁2023年累计建设酿酒高粱生产基地3.3万亩；2024年，扩大种植面积到5.2万亩；计划到2030年，全市建设酿酒专用高粱种植面积18万亩……如今，宿迁的酿造产业已形成以洋河、双沟为龙头引领，乾隆江南、观云等中小酒企呈梯队发展的白酒，以百威、青岛、猎锋为多品类发展的啤酒，以海天味业、恒顺醋业为特色发展的调味品等三大板块，逐步延伸到优质原粮基地、创意包装、酒旅融合等领域。2023年全市酿造（酒）产业链规上企业15家，实现产值488.6亿元，同比增长5.47%，其中白酒行业产值453.56亿元，约占全国总产值近6%。

　　宿迁、淮安两地酿造产业的发展成果不断涌现，展现了江苏聚势强链的产业雄心。早在2021年，江苏省委、省政府就将酿造（酒）产业确定为全省30条优势产业链之一；2023年6月底，江苏印发《加快建设制造强省行动方案》，聚焦16个先进制造业集群和50条产业链“1650”产业体系建设，提出加快产业链强链补链延链，率先探索具有新时代特征的新型工业化道路。其中，绿色食品产业集群位列江苏“十四五”重点培育的16个先进制造业集群，而加快打造酿造（酒）优势产业链，则是绿色食品产业集群中最为重要的产业链。

　　大道如砥，行者无疆。在江苏，无论是绿色食品产业集群发展得如火如荼，还是酿造（酒）优势产业链建设得高歌猛进，既离不开科学的政策设计和强有力的政府推动，也离不开龙头企业和产业链条上下游企业的砥砺前行。正如业内人士所言，聚焦高端化、特色化、智能化、绿色化发展方向，全力打造现代化食品产业体系，加快构建现代化产业蓝图，确保江苏食品产业高质量发展持续走在全国前列，虽任重道远但行则终至！"
酿酒行业	https://finance.eastmoney.com/a/202410263218499645.html	五粮液再度携手世界顶尖科学家论坛 展现白酒科技力量	"　10月25-27日，2024世界顶尖科学家论坛在上海举行。白酒龙头企业五粮液作为顶科论坛全球战略合作伙伴和指定用酒，连续两年与世界顶尖科学家智慧碰撞，助力更高水平科技发展，向世界展现科研创新下的“大国浓香”。

　　世界顶尖科学家论坛是亚洲地区规格最高的国际科学大会、全球顶尖科学家出席人数最多的年度科学会议。本届论坛以“卓越科学，创新致成”为主题，与会科学家深入探讨卓越科学与创新发展的辩证关系，以科学的卓越性和创造力把握时代变量，寻找“破局”路径，为未来注入新动能。

02695516bfb1453fa11861d2435d8cfa.jpeg
　　近年来，五粮液坚持传统与创新结合，大力实施以科技创新、智改数转为核心的创新驱动发展战略，赋能生产效率、品质提升、质量溯源、市场洞察、精准营销等内容，取得亮眼成绩。

　　论坛上，五粮液通过展示四幅微生物菌种图片、七个国家级创新平台、六个省部级创新平台、七百余篇论文等一系列详实的数据与成果，彰显着一家大型传统企业的创新定力与实力。

　　以科技赋能酿造，依托五粮液白酒风味研究中心，五粮液在国际上首次公布了五粮液酒体超3000种风味物质的“指纹”图谱。并利用优化的窖泥产酸菌群培养分离技术，首次发现并以五粮液命名了4个新菌种，包括1368菌、501菌、M1菌以及L2菌。此外，五粮液还组建了五粮液酿造核心菌种资源库，库容10万个备份，菌种数达400种以上，成为目前我国酿酒行业规模最大的企业菌种库。

　　以科研坚实人才队伍，五粮液搭建起以国家企业技术中心为统揽的科技创新体系，建成7个国家级创新平台，覆盖了完整的酿酒全产业链，构筑了高水平创新策源地。迄今培育重大科技创新成果30余项，获省部级及以上科技进步奖20余项，拥有专利1800余项，发表论文700余篇，国家企业技术中心在国家发改委年度考核中连续稳居行业第一。

　　以创新服务生态，五粮液率先建立温室气体排放管理体系、开展绿色制造系统集成项目、完善白酒“双碳”标准体系……先后获评全国首批循环经济试点单位、全国清洁生产示范单位、绿色中国2013环保成就奖、国家级绿色工厂、行业唯一“工业产品绿色设计示范企业”、中国绿色生态十大影响力品牌、2023-2024碳达峰碳中和绿色发展优秀案例等殊荣，引领行业绿色发展。

　　活动现场，五粮液还携五粮液・经典10、第八代五粮液、五粮液・紫气东来等多款核心产品亮相，精心调制了以“五谷罗尼”为代表的五粮液特调鸡尾酒和多款融合白酒元素的创意咖啡，引得在场嘉宾好评不断，展现了中华传统白酒的魅力与神采。

　　守正创新是名酒前进发展的主旋律，也是企业基业长青的动力源。展望未来，五粮液相关人士表示，五粮液作为中国名酒，将继续依托科技创新，进一步提升白酒产品品质，强化产业科研实力，以创新价值彰显品牌新亮色，为推动中国白酒产业加速转型升级步伐、融入全球产业链、创新链、价值链贡献和美力量。（徐丹宁）"
酿酒行业	https://finance.eastmoney.com/a/202410293221938891.html	秋糖“甜”不起来？记者实探：经销商观望情绪浓 厂商花式营销	"“今年秋糖整体感觉比较冷清，参展企业和参展人数少于往年。”多家酒企参展商向记者表示。

　　作为食品饮料行业的一个重大商业盛会，糖酒会往往是厂商和经销商展示企业实力、寻找合作伙伴、签订订单协议的重要窗口。2024年10月29日至31日，第111届全国糖酒商品交易会（以下简称“秋糖”）在深圳国际会展中心如期举行。与往届相比，今年的秋糖现场显得有些冷清。

　　业内人士向记者表示，当前，食品、酒类行业本身处于不断调整中，面对市场份额下降、品牌影响力减弱等调整，厂商在糖酒会上的展示和宣传力度减弱。此外，随着市场变化和消费者需求的多样化，观众数量的减少也是糖酒会冷清的一个重要原因。

　　市场趋向理性

　　糖酒会是由中国糖业酒类集团公司主办的大型全国性商品交易会，一般每年会举办两届，分别是春季和秋季，被业内称为春糖和秋糖。今年的糖酒会是深圳与糖酒会的二次“邂逅”，亦是秋糖首次在同一城市连续两届举办。

　　据了解，本届糖酒会展览总面积达20万平方米，吸引了超4000家国内外食品和酒类厂商参展。糖酒会设置传统酒类、葡萄酒及国际烈酒、休闲食品、饮品及乳制品、调味品及配料、食品机械和包装及供应链7大展区，并推出清香酒、精酿啤酒及低度酒、进口食品、大健康食品、中华老字号、糖果及巧克力、方便速食、坚果及烘焙食品、乳制品及冰激凌、国际机械专区、食品科技成果、酒类供应链专区等共计12个特色专区，以多元产品激活消费热情。

　　不过，记者在现场看到，今年秋糖整体氛围比较冷清，不仅参展企业数量有所减少，观展的人数也不多。“按照酒企的正常节奏，往往在春糖发布新品并招商，随后在秋糖发力销售，并持续至次年春节。”来自山西的一参展酒企相关负责人向记者表示，年底正是经销商发力的时候，但在当前情况下，观展的人数不多，宣传效果不及预期。


　　秋糖市场冷清在一定程度上反映了白酒消费市场逐渐趋向理性。上述参展酒企相关负责人告诉记者，当前白酒市场的供需关系正在发生变化。一方面，酒类有效需求下降，消费者在选择酒类时更加注重品质、口感和健康因素，导致一些传统酒类产品的市场需求减少；另一方面，酒类库存高企，企业面临去库存的压力，经营重心逐步从注重渠道回款转向注重渠道、终端动销和市场维护。在此背景下，酒企参加糖酒会时更加谨慎，不再盲目追求规模和数量，而是更加注重质量和效益。

　　在当前白酒行业持续调整阶段，经销商拿货也比较谨慎。深圳龙华区一经销商向记者表示，“虽然糖酒会参展企业很多，但我们更倾向于通过线上渠道获取信息，进行采购。”他还表示，现在部分品牌的产品去库存还未完成，在库存仍然较大的情况下，不会进行大量采购。

　　厂商花式营销

　　秋糖作为中国酒类行业的年度盛事，不仅是企业展示实力的舞台，更是行业趋势的风向标。在这样的大型展会上，参展厂商采用花式营销策略来吸引观众和经销商的注意。

　　记者在现场看到，不少酒企在参展的同时，还开启了线上直播模式，通过线上线下融合推广的方式，多维度、立体化打造线上秋糖推广场景。


　　为了增强观众的参与感和体验感，参展厂商还设置了各种互动环节。比如，通过企业深度访谈，邀请企业高管、经销商代表畅谈白酒行业形势，让观众了解白酒行业的同时，更深入了解公司产品，同时提高公司品牌的知名度和美誉度。

　　此外，为了吸引经销商的关注和合作，参展厂商推出了各种优惠政策，包括价格折扣、赠品赠送、售后服务保障等，旨在降低经销商的经营风险，提高合作意愿。

　　据了解，展会期间，组委会将重点邀请广东及华南地区商会协会及专业观众光临洽谈，同时组织泰国、新加坡、马来西亚、印尼、俄罗斯等十余国优质采购商团到会采购，为厂商提供大流量、高质量、高密度的供采对接机会。

　　此外，全国糖酒会VIP采购商俱乐部、CFDF全国大市场联盟等将继续发挥其强大的号召力和组织效能，率领旗下采购商会员亲临深圳展会现场，进行密集的采购活动和深入的商贸对话。

　　展会期间，还将围绕酒类行业和食品行业两大主线配套组织举办超30场专业论坛活动。在论坛活动中，贵州五星酒业集团相关负责人表示，2023―2024年，国际形势错综复杂，国内经济增速放缓，白酒产能下滑、库存高企、价格倒挂，白酒行业整体处于悲喜交加的状态。在此背景下，既有白酒企业的经营业绩出现断崖式下跌，也有不少头部酒企实现新的跨越。

　　静待价值回归

　　白酒作为中国的传统饮品，具有深厚的历史文化底蕴。在当前的市场环境下，不少业内人士认为，白酒行业仍是最好的赛道，在稳增长政策不断加码的背景下，白酒作为顺周期的核心资产，有望迎来价值回归。

　　数据显示，2023年中国酿酒行业累计完成产品销售收入10802.6亿元，同比增长9.3%；累计实现利润总额2628.2亿元，同比增长7.6%。

　　“白酒几乎是国内所有消费品行业中最好的赛道，行业龙头持续稳定的收入和利润增速是驱动其持续取得超额收益的最核心因素，历史上白酒行业有着丰厚的投资回报率，未来或许仍将如此。”贵州五星酒业集团相关负责人表示。


　　在他看来，中国白酒增长是长期趋势，调整是阶段性形态。过去高速发展，未来依然可期。

　　国联证券的研究观点称，9月底以来宏观政策转向、一系列超预期政策、中央政治局会议明确定调刺激经济，预计随着宏观经济的改善，地产投资端对经济的拖累有效缓解，企业盈利改善带动商务消费逐步复苏，白酒企业真实动销有望迎来改善契机。

　　从产业变迁的视角看，白酒行业经历了从计划管理到逐步市场化开放的过程，在每个发展阶段中，如何适应政策变化、如何推出适应市场需求的产品顺势完成提价、如何提高渠道管理水平是各家酒企的竞争核心。

　　中信证券认为，存量竞争下，产品仍是最基本要素，基于产品和渠道持续打造的品牌力，是酒企生命力所在。当前趋势下，酒企需要更接近消费者，积极响应渠道和消费者变化：在传统销售渠道适应竞争更加激烈的生态，做好价盘管理及渠道数字化；在线上及新零售渠道抓住机会推动经销商多元化，借助线上平台影响年轻消费群体；在团购渠道持续投入培育消费客群，并通过线下消费场景的设置提升消费者对于品牌的认知。"
酿酒行业	https://finance.eastmoney.com/a/202410293220135836.html	贵州茅台等三家酒企三季报亮相，白酒板块业绩分化依然明显 2024白酒业进入多维竞争格局	"近日，贵州茅台、金徽酒和金种子酒率先发布了白酒板块首批2024年三季报。金融投资报记者注意到，白酒板块首批三季报喜忧参半，行业龙头贵州茅台今年前三季度营收净利保持两位数增长，金徽酒净利润已超过去年全年，而金种子酒亏损幅度明显扩大。二级市场上，10月28日，A股白酒板块震荡反弹。截至收盘，白酒指数收涨3.42%，皇台酒业报收涨停，金徽酒上涨7.48%，山西汾酒、舍得酒业、泸州老窖涨超4%，贵州茅台微涨0.39%。

　　A

　　贵州茅台业绩保持两位数增长

　　10月26日，贵州茅台披露三季报，公司今年前三季度实现营业收入1207.76亿元，同比增长16.95%；归属于母公司股东的净利润为608.28亿元，同比增长15.04%。从单季来看，贵州茅台第三季度营业收入为388.45亿元，同比增长15.29%，归属于上市公司股东的净利润为191.32亿元，同比增长13.23%。

　　同时，贵州茅台还披露了第三季度主要经营数据。具体来看，公司第三季度茅台酒销售325.6亿元，系列酒销售62.5亿元，直销渠道销售182.6亿元，批发渠道销售额205.4亿元。其中，批发渠道在总销售中占比约为52.9%，直销比例较上半年水平有所提升。

　　从市场表现来看，飞天茅台的价格仍在下行。10月28日，据第三方平台“今日酒价”数据显示，箱装飞天茅台价格为2250元/瓶，比9月的2400元/瓶又跌去超百元；散瓶飞天茅台价格为2210元/瓶，继续向2200元/瓶靠拢。

　　酒类分析师蔡学飞向金融投资报记者表示：“贵州茅台业绩持续保持两位数增长，充分证明了即使面临着价格调整与需求不足等风险，但是头部酒企依然有着极高的刚性，品牌号召力与产品竞争力依然极强。”他认为，这也在一定程度上说明，白酒行业集中化程度不断提高，茅台等头部优势酒企依然有着极强的竞争力。

　　酒水行业研究者欧阳千里向金融投资报记者表示，白酒业绩在新周期分化在即。竞争从品牌、渠道、价格、营销等单一维度朝着品牌美誉度、渠道忠诚度、价格稳定度、营销有效度等多维度竞争发展，唯有头部甚至极头部酒企能够穿越周期。

　　欧阳千里认为：“对贵州茅台而言，历经第三次行业调整的从业者、投资者甚至收藏者，都坚信‘每一次调整都会让弱者为强者让出市场’，所以对茅台信心很足，茅台的业绩有望进一步增长。”

　　B

　　白酒新周期业绩或迎来分化

　　金徽酒2024年三季报显示，公司前三季度实现营业收入23.28亿元，同比增长15.31%；归属于上市公司股东的净利润为3.33亿元，同比增长22.17%；归属于上市公司股东的扣除非经常性损益的净利润为3.37亿元，同比增长23.05%。

　　值得注意的是，金徽酒今年前三季度的净利润已经超越了去年全年的利润。对于业绩增长，金徽酒表示，主要原因是公司不断优化营销策略，品牌影响力逐步强化，市场区域稳步扩大，产品结构持续优化，报告期百元以上产品占主营业务收入的比例为85.94%。

　　金种子酒则在今年前三季度持续亏损，实现营业收入8.06亿元，同比下降24.90%；净亏损9952.61万元，亏损额同比扩大。其中，公司第三季度实现营业收入1.39亿元，同比下降 54.41%；净亏损 1.11 亿元。金种子酒表示，净利润的大幅下滑主要系行业竞争加剧，酒类销售收入下降；同时，公司本期注销安徽金太阳医药经营有限公司，公司药品销售收入同比减少。2024年4月，金种子酒决定终止经营安徽金太阳医药经营有限公司，进行清算并注销。

　　蔡学飞表示：“在市场分化趋势下，金种子作为区域酒企，正在进行产品结构升级，应该说取得了不错的效果。不过这也意味着金种子不断加大市场投入，从而拉低了企业利润。”

　　在欧阳千里看来，金种子酒面临着古井贡酒、迎驾贡酒甚至口子窖酒等省内酒企的激烈竞争与业绩挤压，而其又没有实现业务外拓，所以亏损面扩大在意料之中。要想扭亏为盈，需要强有力的团队及完善的产品体系作为支撑，而金种子的团队相比徽酒另外三家上市公司还有不小的差距。

　　C

　　五粮液泸州老窖水井坊将继续增长

　　随着白酒消费步入淡季，市场较为关注白酒上市公司的三季报业绩，目前四川上市白酒企业还未披露今年三季报。

　　今年上半年，五粮液、泸州老窖和水井坊营收和净利都实现两位数增速。其中，五粮液上半年实现营收506.48亿元，同比增长11.30%；归属于母公司股东的净利润190.57亿元，增幅为11.86%。舍得酒业今年上半年处于营收和净利双降的状态，上半年营收为32.71亿元，同比下降7.28%；归母净利润为5.91亿元，同比下降35.73%。

　　结合中秋和国庆的动销情况，市场对于四川白酒上市公司三季报有何预期？欧阳千里向金融投资报记者表示，五粮液、泸州老窖、水井坊等大概率会延续上半年的增长态势，上述三家酒企产品涵盖多个价格带的核心单品，足以应对消费分级带来的影响。另外，五粮液、泸州老窖、水井坊在市场上保持高频的广告投放与创新的营销活动，积极帮助经销商完成去库存，所以大概率业绩还会持续增长。

　　欧阳千里表示，反观舍得酒业，虽然动销不错，但是管理层坚持不压货的策略，或许在三季报表现上会差强人意。但伴随着经销商库存的迅速出清，其在今年四季度或将迎来真正的增长。

　　蔡学飞分析认为，今年以来，整个酿酒行业增速放缓是大势所趋。应该说头部酒企三季度依然会有不错的表现，但是大量的区域酒企可能会继续面临着库存与价格压力，渠道尚处在修复期，从而影响企业的三季报表现。

　　平安证券最新研报认为，白酒消费步入淡季，基本面变动不大，整体仍有压力。此外，上市酒企三季报将陆续披露，受消费大环境影响，预计三季度业绩增速或环比今年二季度降低。展望未来，我国年末将加大财政政策逆周期调节力度，政策落地或带动消费市场回暖。

　　广发证券研报认为，白酒行业在宏观经济周期及自身微观供需及库存周期影响下，近年经营压力有所上行，但以上市公司为代表的优秀白酒企业的马太效应显著，看好行业出清后需求面的恢复。"
酿酒行业	https://finance.eastmoney.com/a/202410243216127911.html	五粮液：鉴“微”知著 谱写酒业科研创新和美乐章	"微生物作为“看不见的酿酒工人”，对于酿造白酒至关重要。尽“小”者大，慎“微”者著。五粮液将元明古窖泥中的微生物作为科研创新突破方向，持续培育企业高质量发展新动能，引领中国白酒产业科技进步。

dd0b959990ee45da8b02e507f0b2e658.png
　　2022年，一项名为《解乳酸己小杆菌：一种分离自中国浓香型白酒生产窖泥的微生物新种》的科研成果，被国际原核微生物进化与分类学权威期刊《国际系统与进化微生物学杂志》（IJSEM）在线发表，掀开了中国白酒微生物研究历史篇章中崭新的一页。

　　解乳酸己小杆菌是五粮液联合江南大学徐岩教授团队课题组，从五粮液古窖泥中分离得到的一株主体己酸菌，这一项微生物新种研究成果被命名为JNU-WLY1368。它被证明是我国浓香型白酒老窖泥中起主导作用的微生物，它的出现揭开了困扰我国白酒科研工作者半个多世纪的谜题――浓香型白酒酿造主体己酸菌种类及其科学分类问题，有助于全面解开浓香型白酒酿造系统复杂性的奥秘。

　　徐岩认为，将JNU-WLY1368代表的物种命名为“解乳酸己小杆菌”，是白酒行业的一个里程碑事件，意义重大。该命名实现了对我国浓香型白酒酿造主导功能菌科学命名“零”的突破。

　　解乳酸己小杆菌的研究成果不仅对窖泥功能菌，尤其是己酸菌进行了全面普查和解析，还证实了“千年老窖万年糟”这一酿酒传统背后蕴含的科学依据――窖池窖龄越长，解乳酸己小杆菌的含量越高，活性越足。

　　多年来，五粮液在微生物研究领域厚积薄发。五粮液联合江南大学在国际上率先发现并公布了一系列白酒典型微生物菌种，国际上首次发现的4个新菌种均以五粮液命名。除了“解乳酸己小杆菌”（JNU-WLY1368菌），近两年五粮液还陆续成功分离得到“丙酸嗜蛋白菌”（JNU-WLY501菌）、“产香梭状芽孢杆菌”（WLY-B-L2菌）、“空气丛梗孢酵母”（WLY-L-M-1菌），相关科研论文频频亮相国际专业权威刊物。组建了五粮液酿造核心菌种资源库，库容10万个备份，菌种数达400种以上，为目前我国酿酒行业规模最大的企业菌种库。与江南大学合作完成的“浓香型白酒酿造系统特征微生物新种研究及其应用”成果达到国际领先水平。这一成果的取得，是对五粮液科研创新能力的国际认可。

　　中国酒业协会理事长宋书玉曾表示，“新时代的名酒一定是科技创新的引领者”。从2018年的0.84亿元到2023年的3.22亿元，五粮液不断加码科研投入力度，展现了其作为行业领头羊的责任担当。

　　一直以来，五粮液坚持以科技创新为支撑，积极发挥企业科技创新主体作用，引领白酒行业技术进步和产业变革。五粮液集团（股份）公司党委书记、董事长曾从钦曾表示，五粮液全面构建理论研究前瞻导向、应用研究问题导向、技术研究市场导向的创新体系，在科技创新和成果转化上同时发力，强化科技支撑。

cd39c0996e5f4abaad608ec3745561ab.png
　　五粮液积极打造行业科研创新制高点。目前，五粮液搭建了以国家企业技术中心为统揽的科技创新体系，建成7个国家级创新平台，覆盖了完整的酿酒全产业链，构筑了高水平创新策源地。培育重大科技创新成果30余项，获省部级及以上科技进步奖20余项，拥有专利1800余项，发表论文700余篇，国家企业技术中心在国家发改委年度考核中连续稳居行业第一。

　　在业界看来，新一轮科技革命正在开启酒业新的创新周期。从核心新菌种的发现，到包包曲发酵原理的研究、饮酒与健康关系的探索，五粮液坚定建设行业原始创新策源地，为白酒产业高质量发展注入持久动能，以科学化的表达向世界解码中国白酒的独特魅力。"
酿酒行业	https://finance.eastmoney.com/a/202410263218212925.html	歌德盈香遭遇“多事之秋” 酒类流通企业寻求破局	"近日，酒水流通企业歌德盈香备受行业关注。日前，该公司旗下某官方账号突然开启直播，称“歌德欠薪”。《中国经营报》记者通过抖音平台搜索多个歌德盈香认证账号，很多视频下方有用户留言询问发工资事宜。记者私信多个用户账号求证此事，截至发稿未获回应。此外，宁波歌德盈香酒业有限公司（以下简称“宁波歌德盈香”）持有四川全兴酒业有限公司（以下简称“全兴酒业”）的1.98亿元股权被法院冻结。

　　对于上述事件，歌德盈香董事长刘晓伟回应记者称，直播间风波是离职员工违法盗号直播，已在杭州公安报警并受理。目前公司经营一切正常。宁波歌德盈香持有全兴酒业的股权冻结系贸易纠纷。

　　据悉，歌德盈香在老酒和名酒销售领域具备话语权。上述风波也让行业开始关注整个酒类流通领域的整体经营状况。白酒营销专家蔡学飞告诉记者，酒类流通企业是连接企业与消费者不可或缺的环节。在万亿酒类流通市场面前，流通酒企做大规模并不困难，难的是如何保证企业的持续规模扩张与盈利。

　　事实上，头部流通企业正在积极调整应对市场变化。包括华致酒行、1919、酒便利等纷纷升级、丰富线下门店功能，并在产品开发方面持续发力，试图以此增加与用户的黏性，丰富自身经营利润。

　　“直播讨薪”背后

　　根据天眼查信息，近日宁波歌德盈香持有全兴酒业的1.98亿元股权数额被法院冻结。宁波歌德盈香是北京歌德盈香投资管理有限公司的全资子公司。前者在2022年6月入股全兴酒业，成为其第二大股东。

　　需要注意的是，上述冻结股权占全兴酒业总股本的33%，也是宁波歌德盈香持有全兴酒业的所有股权。

　　这并不是上述股权首次被冻结。记者注意到，在9月份，北京市平谷区人民法院也对上述股权进行冻结。

　　“全兴酒业是（我们的）长期投资，冻结是民事纠纷，是个贸易纠纷。诉前保全，在处理中，对经营没有影响。”刘晓伟告诉记者。

　　无独有偶。在股权冻结事宜之后，该公司在近日又卷入了“直播讨薪”的旋涡中。

　　根据媒体报道，10月21日，老酒歌德名酒专营店的授权号突然开启直播，公开讨要薪资。直播间的背景板上写着“歌德发工资！歌德欠薪！”的字样。

　　记者通过抖音平台搜索多个歌德盈香认证账号，很多视频下方有用户留言询问发工资事宜。记者私信多个用户账号求证此事，截至发稿未获回应。不过可以看到，留言用户的IP分布在国内多个地区，包括北京、四川、江苏等地，员工身份暂时无法确定。

　　刘晓伟表示，上述直播是一位离职员工违法盗号直播，已在杭州公安报警并受理。“并不是正常的直播，是已经离职的员工偷偷回直播间违法直播了十秒钟，然后恶意发朋友圈传播。”

　　公开资料显示，歌德盈香是中国老酒运营商和新零售酒商，是茅台和五粮液主流产品的一级经销商，也是赖茅、水井坊、郎酒等多家白酒品牌的运营商。

　　白酒营销人士马斐此前在接受记者采访时表示，歌德盈香在酒行业深耕多年，在渠道建设和老酒运营方面有经验。在资源上，歌德盈香是国内领先的中高端酒类零售商，拥有线下门店逾百家，遍布全国20多个重点省市，分布在五星级酒店、重点机场、高铁站等核心区域。

　　中国酒业评论人肖竹青认为，在当下的市场环境下，名酒开始降价，老酒也失去一定的溢价能力。他告诉记者，对于像歌德盈香此类的酒类流通企业，通常是向两头延伸，一方面是向上与酒厂开发转销条码，通过转销产品的高毛利覆盖企业经营费用；另一方面是向下延伸，向县城及以下市场进行覆盖。

　　流通酒企受关注

　　进入2024年以来，白酒行业迎来新的变化，但是酒类流通企业的经营状况不容乐观。多家上市流通酒企半年报显示，营收虽均有增长，但是盈利能力出现较大波动。而对于很多中小经销商来说，日子也不太好过。

　　郑州百荣世贸商城是我国知名的白酒集散市场。目前，该商城A座二楼的酒水商铺，给出了无进场费的招商政策。

　　一位在百荣市场经营多年酒水生意的经销商崔永强（化名）表示，因为今年生意的确不好，很多经销商都退出了百荣市场。根据他的了解，“酒水价格倒挂得厉害，经销商利润很小甚至没有。有些还在撑着，寄希望在明年或者以后能有转机。”

　　中国酒业协会披露的数据，2023年，全国酒行业完成酿酒总产量6131万千升，同比增长1.1%。全国酿酒行业累计完成产品销售收入10802.6亿元，同比增长9.3%；累计实现利润总额2628.2亿元，同比增长7.6%。白酒产业却呈现出销售收入和利润双增长的良好态势。

　　但是，对于很多白酒企业来说，库存正在增加。根据行业媒体统计，20家白酒上市公司存货共1490.95亿元，同比增加162.62亿元，19家存货集体增长。

　　同时，在流通环节，《2024中国白酒市场中期研究报告》显示，与去年同期相比，今年上半年，超过60%的经销商和中端零售商表示库存增加，超过40%表示实际销售价格的倒挂程度有所增加，超过50%表示利润空间有所减少。

　　肖竹青曾表示，在过去几年中，大量渠道代理商和烟酒行终端库存消化不及预期，酒业库存像堰塞湖一样难以消化。基于渠道库存太大，导致零售终端不敢贸然囤货。“还有一种现象，就是过去很多喝酒大户现在都转型卖酒，这对于传统白酒经销商是‘抄后路’。这将原本就是缩量的酒水流通生意分化瓦解，所以目前卖酒市场呈现碎片化迹象。”

　　事实上，我国白酒行业长期存在厂强商弱的市场格局。目前我国酒类流通企业连锁化率仅为5%，碎片化程度高、分散化发展，零售终端多以单体店形式存在。

　　相比之下，美国酒类流通集中度高，批发商话语权大。华鑫证券研报提到，2023年美国酒饮市场规模3155亿美元。其州管理制与三级分销制度为其大分销商发展奠定了基础。2024年CR3市占率预计67%。

　　“流通企业是连接企业与消费者不可或缺的环节，流通端的品牌化、专业化与连锁化是行业高质量发展的必然结果。与名酒企合作开发产品，开展深度合作联盟体，从单一动销功能转向品宣与体验等，都将是流通酒企与厂家共荣共生的有效尝试。”蔡学飞表示。

　　探索多路径转型

　　按照崔永强的表述，酒水市场上的大单品，价格非常透明，经销商的利润空间很小。而中小品牌，市场认知较弱，动销比较差。

　　事实上，很多头部流通企业也面临类似的处境。行业人士提到，头部大商基本上都是通过名酒配额引流，然后自主开发产品来获得利润。

　　比如，华致酒行联合河北中烟、荷花酒业合作开发荷花酒、赖高淮，酒仙集团开发容大酱酒、金汾河等。酒仙股份相关负责人曾对记者表示，在销售酒类产品上，公司跟知名酒厂都有合作。为了补充毛利，公司还会推出自有产品和定制产品。

　　多位行业人士均对记者提到，酒类大商布局合作开发产品的本质是掌握定价权和自主权。经销名酒产品，没有品牌自主权，更没有产品定价权。而经营专营产品，企业可操作空间较大，利润更加丰厚。

　　“一般流通酒企往往会加大与名酒合作，提高自由产品销售占比，同时也会积极地在红酒、洋酒、果酒等细分市场代理新产品来补充利润，更有流通酒商积极转型线上，通过电商来进行新渠道拓展，或者升级店面，进行酒道馆的体验式营销创新。”蔡学飞说。

　　除此之外，酒类流通企业持续不断地对线下门店进行升级，其功能已经不再局限于酒类销售。例如，华致酒行正在推行的3.0门店，叠加购酒、品鉴、休闲娱乐、宴请会客、文化交流于一体；1919推出的6S超级门店模式，涵盖前置仓、直播间、品鉴馆、小酒馆等多场景服务。

　　曾经多次在上述类似门店体验的白酒爱好者张涛表示，当下的专卖店，早已经不是单一的买卖酒水的功能，它还为顾客提供诸多沉浸式体验的元素，这对占领消费者心智有很大帮助。同时，对于经营者来说，门店所承担的功能也更加丰富，卖货只是其中一项业务而已。

　　上述行业人士表示，酒类流通是链接厂家和用户不可或缺的环节，未来会向品牌化、专业化与连锁化方向发展，届时会有更多流通连锁品牌发展壮大。"
酿酒行业	https://finance.eastmoney.com/a/202410193211251695.html	数智化路线愈发清晰 国台以新质生产力打造“中国新名酒”	"重阳前后，当茅台镇各大酒厂为新一轮酱酒酿造忙碌时，一座充满着数字化气息的大厦悄然屹立起来。茅台镇一个新地标――国台大厦落成，并投入使用。国台大厦内多个数智化体验展馆正式开放，国台研究院也迎来了新址落户国台大厦，以及国台新一代智能制酒车间投入使用，今年可谓是国台数智化路线愈发清晰的一年。

　　从2011年开始探索智能酿造到如今，13年间国台数智化酿造进程经历了6次迭代，逐步构建出一套来源可溯、质量可控、去向可追、责任可究的全过程标准化数字生产管理体系。如今，随着数智化成果逐渐展现，独属于国台的数智化全新版图也正徐徐展开。

　　天士力大健康产业投资集团董事局主席、天士力生物医药产业集团董事长、国台数智酒业集团董事长闫凯境指出，从现在起，白酒行业要集中精力，在“新质长牛”上实实在在地做好文章。只有让数智时代的光芒完完全全地照进行业，顺应消费者的需求变化，白酒行业的前途和未来才会更加光明。

企业供图
　　做数智化善酿者

　　经过多年来深耕数智化酿造，国台早已形成了较为健全的“国台智能酿造体系”，并不断引领行业在新质生产力层面逐步提升。

　　10月15日，“新升级新消费新融合新趋势新名酒”――2024年国台新质生产力发展暨新技术助推酒旅融合高峰论坛上，闫凯境进一步描绘了国台数智化版图。他指出，数智国台就是国台酒业的发展目标。与此同时，国台也不断持续聚焦实现“人”与“机”的结合、实现“虚”与“实”的交互、实现“时”与“空”的一体三大核心难点。国台以智能酿造践行新型工业化，代表了行业转型升级的重要发展方向。未来，国台将会持续巩固先发优势，通过数智生产力的打造，抢占数智化赛道，走向智能产业生态，形成国台的新质生产力。

企业供图
　　纵观近年来行业发展进程不难发现，国台深耕数智化酿造的丰硕成果早已成为酿酒行业发展新质生产力的经典案例。而在深耕数智化的道路上，国台从2011年开始探索白酒产业的新型工业化，经历十余年摸索期后，目前已初步构建起智能酿造的系统集成体系，并形成了独一无二的“数智国台”方法论。

　　如今，国台在数智化更进一步。此次活动上，代表国台智能酿造最新技术的国台数智酒业第三智能制酒车间正式投产。据了解，新一年重阳下沙季，随着国台数智酒业智能制酒三车间等投产，国台数智酒业总产能已达到2万吨，贮酒规模达到9万吨。

　　新产能释放的背后，是“数智国台”标准体系的有力支撑。据悉，国台先后进行了6次技术迭代，建设了机械化制曲生产线等九大系统，打造出国际领先的智能化酿造平台。2023年重阳，国台在行业内首次发布了《国台智能酿造标准体系》，全力将酿酒大师的经验与智慧融入到智能设备中。

　　在《国台智能酿造标准体系》发布一年后，《国台智能酿造标准体系2.0》在总结此前成功经验的同时，再次精进迭代后正式面世。国台数智酒业集团副总经理、总工程师李长文对《国台智能酿造标准体系2.0》进行详细介绍并指出，《国台智能酿造标准体系2.0》完成迭代升级，具有更丰富、更完善、更具可操作性的特点。从数据层面理解，2.0版本较之此前版本，对30道工序、274个工艺环节有更细化的数据研究，从1071项环节指标升级到如今1508项环节指标。

企业供图
　　对于国台数智化发展表现，业内人士指出，作为扎根贵州茅台镇二十余年的酱酒头部企业，国台正不断通过数字化、智能化等科技手段在解析传统工艺以促进酿造技术标准的同时，通过精进智能化酿造技术为消费者提供更高品质的产品体验。可以说，国台酒业早已成为酿酒行业新质生产力的代表企业之一。

　　开启酒旅融合新纪元

　　从智能化厂房投建，到数字化酿造工艺及环节，再到如今科技化新体验，国台数智化版图已逐渐从酿酒板块向其他板块蔓延。其中，国台将目光锁定在沉浸式体验消费，正以亲身实践重塑行业酒旅融合新格局。

　　纵观近年来酒企酒旅融合项目不难发现，无论是依托于酒厂的人文旅游项目，亦或是基于周边景区的自然旅游项目，同质化成为各大酒企发展酒旅融合项目均需亟待解决的问题之一。伴随着行业同质化问题，酒企旗下酒旅融合项目也逐渐“卷”到了另一新高度。

企业供图
　　在此背景下，国台全面聚焦“数智国台”概念，全面升级数智体验，通过酒旅融合的形式，拉近与消费者的距离。

　　天士力大健康产业集团董事局副主席、天士力生物医药产业集团总经理、国台数智酒业集团监事会主席周波指出，贵州白酒产业要从卖酒向卖生活方式转变，国台积极响应和推进落地，将酒旅融合作为具体抓手和行动，我们致力于将酒旅融合的理念贯穿于企业发展的全过程。作为茅台镇第二大酿酒企业，国台打造了集酿酒体验、品鉴交流、旅游观光为一体的综合性旅游项目。游客可以亲自近距离参与到酿酒过程中，感受酱酒酿造工艺的魅力；同时，开展形式多样的品鉴体验。国台还建设了酒行业首个元宇宙沉浸式体验馆、中国酒道文化体验馆、国台文创艺术酒展览馆等，为游客提供丰富的文化体验。

　　在高峰论坛正式开始前，国台举行了国台大厦及国台研究院落成仪式。据了解，国台大厦是集餐饮住宿、会议会展、科研办公、康体娱乐、旅游购物等功能于一体的综合性建筑，未来将成为连接行业内外、推动科技创新、引领产业升级的重要平台，是数智国台推进酒旅融合发展、打造美酒新体验的重要载体。

企业供图
　　仁怀市委副书记、市长李颖表示，国台作为仁怀知名酒企，一直以来深耕酒文旅融合发展赛道和白酒产业智能酿造，将智能技术与传统产业深度融合，构建智能酿造系统集成体系，建设国台庄园等特色酒庄，打造“国台酒元宇宙奇幻之旅”，展现酿酒历史文化，汇聚了新质生产力发展的强大势能，有力推动了酱酒产业高质量发展。

　　不仅如此，在距离贵州1800余公里外在的上海，一场“元宇宙风暴”也正以国台为核心席卷着整个白酒行业。第21届国际酒业博览会期间，在国台数智酒业承办的酱香白酒新质生产力发展论坛暨国台酒文化与新技术融合传播发布会上，“国台酒元宇宙奇幻之旅”体验项目震撼发布，国台通过最前沿的AR、VR技术，打造出白酒行业首个元宇宙沉浸式体验馆，让体验者在虚拟世界中体验酿酒过程的同时，潜移默化感知五千年酒文化。

　　沉浸式体验与创新模式的巧妙融合，使得酒旅新体验项目成为了国台新质生产力发展的又一重要成果。途牛网高级副总裁王树柏指出，挖掘文化资源，用文化价值推动产业价值，是酒旅融合的新机遇。国台酒创新产品设计、创新营销方式，创新服务模式，通过数字体验馆、元宇宙及酒道文化馆等创新形式，积极探索并实践酒旅融合，为消费者带来全新的沉浸式体验和文化感受。

　　打造新名酒新招牌

　　如今，日新月异的数智化国台正在跨入新阶段，不断打造中国名酒新招牌。

　　将时间倒回2022年，国台正式提出“中国新名酒”目标的规划，未来30年要实行“两步走”战略，即用10年时间，建立中国新名酒的内涵体系，打造成中国新名酒；再用20年的接续奋斗，到国台成立50年时跻身中国名酒。

　　在此规划之下，国台持续强化“视质量为生命”的信仰和行动，以高品质产品不断向消费者传递国台的品质理念和信心。

　　作为扎根茅台镇做酒25年，国台是茅台镇第二大酿造企业，国台酒业、国台庄园、国台聚德、国台茅源、国台聚智五个生产基地，规划年产正宗大曲酱香型白酒5.6万吨。今年9月，经中国酒类流通协会“华樽杯”第十六届企业品牌价值评议组委会评测，国台以2244.36亿元的品牌价值，蝉联中国白酒第十名、贵州白酒第三名。

企业供图
　　无论是坚守12987茅台镇正宗大曲酱香酿造的时间密码，还是深耕终端做好消费者培育工作，国台都坚持着长期主义。其中，从科研层面来看，国台近年来不断加强科研投入，以丰富产品风味。据了解，国台研究院自2022年初成立以来，一直致力于推动“产学研”合作，构建了全方位、多层次的研究体系。未来，国台研究院会继续深化酱香型白酒微生物菌群和风味物质等方面的研究，将科研成果转化为实际生产力，为国台的可持续发展注入强劲动力。从上游原料层面来看，为确保“第一车间”最优化运作，更好地保障年度投产计划所需原料，从“选址”开始，国台酒业便秉持着“慎而又慎，精挑细选”的态度，从种植源头开始“酿好酒”。

企业供图
　　正式基于对产品负责、对消费者负责的态度，国台旗下产品在终端消费市场获得一致好评。白酒消费者曾在品鉴国台旗下大单品国台国标酒后表示，国台国标酒纯粮酿造，口感醇厚而柔和，带有明显酱香特点。入口时，酒液顺滑，回味悠长。

　　业内人士指出，白酒赛道作为一个与时间做朋友的行业，需要秉持着一股毅力。对于国台酒业而言，无论是科技研发、原粮种植以及数智化酿造，都彰显了企业对品质的坚守以及敢于承担社会责任的态度。只有像国台这样踏踏实实酿美酒、酿好酒的企业，才能得到消费市场的认可与喜爱。

　　如今，站在新的历史发展节点上，国台早已从小步快走的行业探索者，过渡到大步快跑敢为人先的引领者。伴随着数智化进程不断推进，国台也将推动行业新质生产力迈向新高度。"
酿酒行业	https://finance.eastmoney.com/a/202410183210657892.html	五粮液总经理华涛：五大“和美价值”与ESG理念不谋而合	"“2024ESG全球领导者大会”于10月16日至18日在上海举办。五粮液股份公司党委副书记、总经理华涛出席，并以《企业社会责任与和美价值创造》为题发表了演讲。

　　华涛表示，站在新时代、新征程上看中国乃至全球企业的发展轨迹，会发现履行社会责任正成为企业谋求基业长青的重要实践逻辑。ESG理念与体系中的“可持续发展”“绿色”等核心思想与五粮液一直遵循的和美价值观、践行的和美行动不谋而合。

　　五大“和美价值”与ESG核心理念不谋而合

　　此次是五粮液首次亮相“2024ESG全球领导者大会”。大会上，华涛用“个体和美”“行业和美”“生态和美”“社会和美”“世界和美”5个“和美价值”全面阐述了五粮液的核心价值观与ESG核心理念的“和而不同”与“和而共同”。

　　在华涛看来，尊重人的价值是企业履行社会责任的基本理念。五粮液始终践行“为消费者创造美好、为员工创造幸福、为投资者创造良好回报”的企业使命。不断满足消费者差异化需求，不断提高员工福利，持续提升员工的全面素质，支持员工全面成长，使各类人才各尽其用、各得所需、各展其才。

　　而作为一家上市公司，五粮液也在持续提升投资者回报，截至目前，五粮液已累计现金分红达到941亿元，为上市以来募集资金总额的25倍。

　　在行业“和美”方面，五粮液龙头示范带动作用体现得淋漓尽致。在立足产业所需、发挥企业所能方面，五粮液牵头制定产品碳足迹核算等国家标准，绿色工厂等10余项行业标准。并参与起草《中国酒业ESG评价指南》等酒业ESG团体标准，与新浪财经等共同编写首份《中国酒业ESG发展报告（2022）》，持续推动行业可持续发展。

　　在业内人士看来，五粮液以身力行，深入介入ESG的实际行动，并且积极参与走向世界，适应国际贸易的白酒国际标准，推动中国白酒积极融入国际市场，为行业更加规范以及可持续发展提供了典范。

　　在生态“和美”方面，五粮液始终以酿造美酒的标准，来保护好长江水。每年的秋冬季，数以万计的长江野生鱼游到这里，成为市民的“宠物鱼”。绿水青山间，鱼游鸥翔，人与自然和谐相处，美美与共。同时，五粮液全面推进扩绿、节能、减污、降碳，率先在业内提出创建“零碳酒企”，打造生态化园区，成为国家4A级旅游景区。

　　回馈社会是企业履行社会责任的核心要义。五粮液围绕白酒生态圈持续补链强链延链，实现产业上下游5000亿元产值、帮助100万人就业；积极投身乡村振兴，大力发展酒农融合，以200万亩酿酒专用粮基地建设为抓手，带动上游农业发展。

　　五粮液还成立了行业内首家非公募慈善组织――五粮液公益慈善基金会，系统化、专业化开展教育帮扶、抗震救灾等公益事业，截至目前，该基金会捐款捐物超11亿余元，累计投入和整合帮扶资金超35亿元，惠及群众百万人。

　　积极弘扬“和美”价值之外，五粮液还推动“和美”价值在国际舞台上璀璨绽放。近年来，五粮液精心策划了系列融合美酒、文化、艺术、时尚等多元形式的“和美全球行”主题活动，探索与不同文明互鉴互赏的创新表达方式，成功入选“一带一路”建设案例，在国际舞台树立“和美典范”。

　　白酒行业分析师、知趣咨询总经理蔡学飞在接受《证券日报》记者采访时表示，“和美”价值本身就是中国传统哲学智慧的代表，而且“和美”文化对于和谐社会美好生活都有重要的贡献，这与ESG提倡的人与环境良性发展关系高度一致，“和美”是五粮液经营战略的核心内容，无论对于五粮液还是中国酒行业，都有着重要的指导与启迪意义。

　　ESG理念助力企业高质量发展

　　“ESG是企业的社会责任，在业务发展的同时实现整体共赢，摆脱过去粗放式、破坏式的发展，更有利于实现共同富裕的目标。”香颂资本执行董事沈萌在接受《证券日报》记者采访时如此表示。

　　据《证券日报》记者了解，五粮液将“可持续发展”和“绿色发展”放在重要的战略位置，并积极践行企业社会责任，公司连续多年保持业绩高双位数增长，特别是在当前白酒行业的深度调整期，五粮液也表现出高质量稳健的发展态势。

　　作为深交所上市板块中的一员，五粮液自2008年至今，连续17年发布社会责任报告（可持续发展报告），在践行企业责任与义务的同时，提升了企业的公信力和社会形象，同时促进了资本市场的健康发展。

　　“五粮液连续10年年度信息披露考评结果荣获A级（最高）评级，是高端白酒企业中唯一连续10年获得最高评级的上市公司，体现了监管机构对公司规范运作、完善内控管理、提升公司治理能力的高度认可。这些都是公司践行ESG理念、持续加大ESG建设所获得的提升。”华涛表示。

　　中国酒行业横跨了一二三产业，ESG建设对于酒企更高质量的发展起到非常重要的作用。

　　“首先，因为水土生态都是酿酒的根本所在，影响着酒企的产品创新；其次，作为民生类消费品，酒企非常关注品牌的正面形象，酒企尤其更加关注社会公益、员工福利、股东权益等方面的ESG工作；最后，在数字化技术发展下，酿酒行业正在进行产业升级，这对于企业内部的决策效率以及管理效能提升提出了更高的要求，ESG也促进了酒企的技术更新与管理水平提高。”蔡学飞表示，ESG推动了酒企向着更负责任的方向转变，在环保、税收、员工福利、清洁生产等方面有着积极价值，从而促进中国酒行业正面价值的提升，这些是酒企努力的方向，也是ESG对于中国酒行业的核心价值所在。"
酿酒行业	https://finance.eastmoney.com/a/202410113203900162.html	徐岩：推动数智酿造 国台积极促进传统酿造现代化升级	"新华财经北京10月11日电（薛晓佳）10月11日，“数智国台开新篇・打造中国新名酒”――酱香白酒新质生产力发展论坛暨国台酒文化与新技术融合传播发布会在上海召开。本次活动由中国酒业协会主办，贵州国台数智酒业集团股份有限公司承办，中央广播电视总台、中国经济信息社作为智库支持单位。博士生导师、江南大学原副校长徐岩教授做主题发言，分享白酒行业以数智化发展实现转型升级、推进新型工业化的观点。

　　近年来，包括国台酒在内的各大酒企不断加大数字化、智能化技术的融合运用，推动白酒企业转型升级。“目前现有的机械化改造还存在大量未知，出现产品品质差异、生产不达预期等新的挑战，”徐岩认为，“以固态发酵工程学机理、微生态发酵技术及菌群进化调控技术为代表的发酵机理性研究为智能化补齐短板，在传承基础上，结合新技术实现高效能和高质量发展。”

　　“作为传统酿造产业，如何能够拥抱新的技术促进传统产业升级、迎接新技术挑战，作为酿酒产业来讲是非常需要思考与需要布局的一项工作。”徐岩说，“国台积极推动数智酿造，就是将数字化与传统酿酒行业紧密结合，推进传统产业转型升级，打造中国新名酒的有益实践。”

　　一直以来，国台酒始终坚持“酿好酒、酒好喝、喝好酒”三件大事，以智能科技再现工匠技艺，创新数智美酒新体验，致力于成为白酒行业数智化转型升级的技术创新先行者、产业发展推动者、落地应用示范者。“当前，白酒产业处于从手工、机械化向数字化和智能化并存的补课阶段，要走并行推进、融合发展的传承创新技术道路。”徐岩说。

　　徐岩介绍，从2018年共建中国酱香型白酒酿造研究院至今，国台酒业与江南大学开展校企合作取得了丰硕成果。其中，双方合作完成的“茅台镇核心产区酱香国台酒风味特征及生物活性组分研究”，获“国际领先”评价；“茅台镇核心产区酱香国台酒风味特征及生物活性组分研究及应用”项目成果荣获“中国酒业协会科技进步二等奖”。

　　“新时代高质量发展格局下，着力以科技创新推进新型工业化，开展以传统酿造产业为代表的生物发酵产业现代化改造已成必然。”徐岩表示，酱香型白酒生产过程比较烦琐，生产工艺的生化反应、化学反应比较复杂，国台在机械化制曲、自动润粮系统、摊晾系统、智能化溯源等方面实现了从机械化到自动化再到数字化、智能化的整体全面改造，在白酒行业领先，也为白酒行业数智化转型提供了可借鉴的案例。

　　“对于整个产业来讲，尤其是类似国台这样在机械化、酱酒生产引领的企业，需要后续能够持续坚持下去，要做到利用先进技术做好酒、做优质酒，这是产业的根本，也是国台一直在努力的过程。”徐岩说。"
酿酒行业	https://finance.eastmoney.com/a/202410133204449357.html	智慧酿造成酒企转型新趋势 国台酒业锚定数智化打造“中国新名酒”	"近日，第二十一届中国国际酒业博览会（以下称“酒博会”）在上海举办，酒企在酒博会上的表现也成为外界看酒企乃至酒行业未来发展的信号。在本届酒博会上，酒企将传统的酿造与科技完美结合，将数智化酿造通过元宇宙的形式搬上了酒博会的舞台。

　　据《证券日报》记者了解，作为茅台镇第二大酒企的国台酒业（下称“国台”），是本届酒博会上展馆最大的酒企，展馆内除了传统的产品展示外，还有智能咖啡机、冰激凌机为参展商提供了美酒与咖啡，美酒与冰激凌的美好体验。同时，国台元宇宙体验项目更是国台展厅的一大亮点，引发行业内人士的驻足关注及体验。

　　智慧酿造加速酒企转型

　　近年来，各大酒企不断加大数字化、智能化技术的融合运用，推动酒企的高质量发展。国台此次在酒博会上发布“国台酒元宇宙奇幻之旅”，通过新技术的运用和新场景的搭建，不断为酒业高质量发展注入新的动能。

　　中国酒业协会理事长宋书玉表示，当下，传统产业以数智技术提升已经成为产业必须去做的事情，智慧酿造未来必将成为趋势。国台应用信息技术、人工智能、先进装备制造，已经为白酒行业树立了样板。

　　江南大学教授徐岩对《证券日报》记者表示，目前行业仍面临诸多挑战，但以固态发酵工程学机理、微生态发酵技术及菌群进化调控为代表的发酵机理性研究，正为智能化补齐短板，在传承的基础上，结合新技术，将推动产业实现高效能和高质量发展。

　　对于国台的智能酿造，徐岩表示，国台积极推动数智酿造，将数字化与传统酿酒行业紧密结合，推进传统产业转型升级，是打造中国新名酒的有益实践。

　　发展智能酿造，推动数智化转型，其根本目的就是为了更好地酿造一瓶好酒。天士力大健康产业投资集团董事局主席、天士力生物医药产业集团董事长、国台数智酒业集团董事长闫凯境指出，传统的时代给予了酱香白酒发展壮大的原始动力，数智时代为酱香白酒提供接续发展的新动能。

　　锚定“数智国台”这一发展目标，国台将持续巩固先发优势，坚定推进实现智能化制造、数字化供应链、网络化市场、自中心创造、区块链组织，开创“产业大模型、数智营销、产品研制、生态体验、健康文化”五大新篇章，不断致力于科技创新、产业升级、品牌建设和文化再造，推进酱香白酒向现代产业迈进，奋力开启中国酱香型白酒新篇章。

　　前不久，在第十六届“华樽杯”评选中，国台品牌价值再创新高，达2244.36亿元，再次蝉联中国白酒第十，贵州白酒第三。

　　数智赋能打造中国新名酒

　　随着大数据、人工智能等新兴技术的飞速发展，数智技术在白酒产业的应用前景越发广阔。而当下，如何进一步加快数智技术在白酒研产供销等场景的应用及落地成了白酒行业常常思考的问题。

　　天士力创始人、国台创始人、天士力集团终身荣誉主席闫希军表示，国台经过二十五年发展，构建了来源可溯、质量可控、去向可追、责任可究的全过程标准化数字化生产管理系统。实践证明，采用数智化的技术对传统产业进行根本性转型，改造升级方向是正确的，措施是可行的，效益是显著的。

　　机械工业仪器仪表综合技术经济研究所所长欧阳劲松则表示，数智化已成为白酒行业高质量发展的必由之路。数智化要重点关注精准数字化的描述、标准化规范化的生产、硬软兼施的质效控制。

　　科技部重大专项办公室原巡视员、中国生产力促进中心协会名誉理事长刘玉兰对《证券日报》记者表示，打造新名酒需要结合现代科技力量，从品牌定位、产品研发、生产过程、营销推广等方面入手，在激烈的市场竞争中脱颖而出，保持品牌的竞争力和市场地位。

　　中国农业大学教授、博士生导师韩北忠也对《证券日报》记者表示，白酒企业的数智化转型是必然发生的，将成为打造中国新名酒的关键。以国台为代表的白酒企业已经在数智化方面有了成绩，期待看到更多数智化创新在白酒领域开花结果，让传统行业焕发新机。

　　数字化、智能化已成为白酒行业的发展趋势，在数智转型过程中，白酒企业面临着机遇，同样面临着挑战。“未来，白酒行业必须加大科研力度，系统解析传统酿造的机理，解析传统酿造的核心密码。只有如此，才能知道如何实现智慧酿造。”宋书玉如此表示。"
酿酒行业	https://finance.eastmoney.com/a/202410123203894031.html	青岛啤酒：一瓶啤酒引领的向新潮流	"10月8日，世界经济论坛公布新一批“灯塔工厂”名单，拥有121年历史的青岛啤酒厂成功进阶食品饮料行业“可持续灯塔工厂”。

　　业内普遍认为，从整体经济角度看，越来越多的“灯塔工厂”有助于加速“中国制造”向“中国智造”转型，是推动产业转型、加快产业高质量发展的重要抓手。继点亮啤酒饮料行业工业互联网“灯塔工厂”之后，青岛啤酒再次为全球食品饮料行业树立绿色发展标杆，既是对其在数字化和绿色转型方面卓越成就的肯定，也是对百年企业如何通过技术创新和可持续发展保持长期竞争力的生动诠释。

　　在中国食品产业分析师朱丹蓬看来，灯塔工厂为行业发展提供了一个较高的标准，尤其当下整个中国传统行业处于进行数字化、智能化改造升级的时期，青岛啤酒获得“可持续灯塔工厂”荣誉不仅是对青岛啤酒在数字化与绿色转型领域成就的高度认可，更凸显了百年品牌如何通过创新发展适应新时代的经济需求。从行业来看，高端化、个性化亦是未来趋势，借助其数智化生产的赋能，青啤能够更好地发挥出品牌效应、规模效应和粉丝效应。

　　向“新”：照亮未来消费

　　当下，数字化制造正在引领企业和行业发生更多新的变化，对食品饮料行业的工厂来说尤其如此。青岛啤酒立足于啤酒酿造的传统产业，以科技创新、项目上新、消费焕新，打造了集生产与消费为一体的工厂新标杆。

　　近年来，啤酒消费结构性升级存在发展空间，啤酒行业高端化发展趋势明显。作为酿酒行业四获国家科学技术奖的生产企业，青岛啤酒拥有酿酒行业国家重点实验室一流平台，对经典、纯生等原有品类的不断迭代升级优化，更聚焦新特产品的研发，突破传统啤酒酒精度、风味与储存时间极限，成功引领中国啤酒行业的高端发展和结构升级。

　　随着消费者对酒水消费品质化需求的提升，青岛啤酒也在用持续的产品结构升级来满足大众的需求，打造了9大类、70多个产品矩阵。其中，经典、纯生、白啤等优势产品特色更加凸显；创新奥古特A系列全麦白啤、皮尔森、IPA、无醇等多款新特产品，增添消费新选项。“一世传奇”“百年之旅”“琥珀拉格”等艺术酿造领跑高端。全新推出的青岛啤酒精品原浆、水晶纯生高端生鲜产品，以“新鲜直送”模式满足了消费者对高端、生鲜啤酒新需求。

　　据青岛啤酒科研中心副主任邢磊介绍，团队通过消费者大数据精准地洞察了消费者对低、无酒精度啤酒饮料的消费需求，研发酿造出青岛啤酒0.0%无醇啤酒，面向控酒精摄入但追求口感的啤酒爱好者。

　　青岛啤酒作为啤酒行业的典型代表，以前瞻的目光、广阔的视野在产业前沿不断探索，助推了食品发酵领域企业的生产应用实践的流程化、规模化。此前，针对我国的食品工业菌种选育面临着选育周期长、效率低、靶向性差的难题，青岛啤酒发挥技术积累和创新优势，在菌种高效选育技术和产业化应用上，首次破解了工业酵母遗传信息精细图谱、阐明了工业适配性机制、构建了精准高效菌种选育技术，优化现有菌株，选育特色风味新菌株，不断破解食品生物制造“芯片”密码。

　　这些卡脖子技术的突破为青岛啤酒加速形成新质生产力蓄势赋能。青岛啤酒的酵母精准高效选育技术率先突破中国工业拉格酵母生物学信息。率先在国内培育种植啤酒花，改变了啤酒花依赖进口的局面，推动甘肃和新疆啤酒花产业的规模化、现代化发展。在低碳酿造领域，青岛啤酒形成了10项关键技术的集成与产业化，推动原料、包材、装备等行业的技术革新，带动行业综合能耗降低30%以上。

　　在打造消费新场景方面，青岛啤酒也做到了洞悉新需求、紧跟新趋势、引领新风潮。从青岛扩展到全国的TSINGTAO1903青岛啤酒吧等新业态，更是打造了特有的啤酒主题文旅生态圈，以啤酒活力激活城市记忆，也重构了啤酒产业的定义。

　　向“智”：打造柔性供应链

　　自动化、数字化、智能化，可谓是“灯塔工厂”最显著的特点。青岛啤酒在数字化转型方面的探索，为其成为“灯塔工厂”奠定了基础。

　　目前，中国传统产业数智化改造成效显著，示范工厂、标杆工厂和灯塔工厂建设稳步推进，世界先进制造企业不断涌现。自2018年开始，世界经济论坛与麦肯锡咨询公司在全球发起评选“灯塔工厂”项目，寻找制造业数字化转型的典范。目前已有来自全球22个行业的90家工厂入选，其中，位于中国的“灯塔工厂”有31家。这些“灯塔工厂”广泛分布于消费品、汽车、家用电器等多个领域，积极探索适合自身的数字化路径，展现了传统产业数字化转型的巨大潜力。

　　如何借助自动化、工业互联网、云计算、大数据、5G等第四次工业革命新技术实现商业模式、产品研发模式、生产模式、质量管理模式和消费者服务模式等全方位变革，促进效率提升、节能减排和经营优化，也是青岛啤酒一直在思索的问题。

　　近年来，青岛啤酒在价值链上重新部署了智能化数字技术，将客户订单的交付时间和新产品开发时间降低了50%，持续提升生产效率，2021年获评啤酒饮料行业工业互联网“灯塔工厂”。

　　智慧生产线、个性化定制、品牌年轻化的背后，更是这座灯塔在发挥其柔性供应链的优势。通过大规模引入物联网、人工智能和大数据分析等技术，青岛啤酒在客户需求、供应链平衡、材料采购、生产加工、物流配送、渠道管理、客户触达环节构建了全链条、端到端的数字生态。同时，伴随国内消费市场对啤酒消费需求呈现多元化、个性化、场景化趋势，青岛啤酒厂能够以用户需求为驱动，为消费者提供个性化、定制化的产品。

　　这种数字化创新让青岛啤酒在面对快速变化的市场时具有了更强的应对能力。正如诺贝尔经济学奖得主保罗・罗默的“新增长理论”所指出的，技术进步是经济增长的核心动力。青岛啤酒通过智能制造技术提升了生产效率，并且能够降低资源浪费，形成了技术驱动下的生产模式。这种转型不仅为企业创造了更多附加值，也为整个行业的数字化升级提供了成功的范例。

　　向“绿”：践行可持续发展

　　如果“灯塔工厂”是具有榜样意义的“数字化制造”和“全球化4.0”示范者，那么“可持续灯塔工厂”就是“灯塔中的灯塔”， 从认证的结果来看，被认证为可持续灯塔工厂的，主要是通过技术手段提升了原材料、能源或废弃物的管理效率和使用效率，变化幅度通常是基线的30%―70%。

　　“今年，被授予‘可持续发展灯塔’的企业因其在减少碳排放方面的行业领先地位，以及在促进循环经济方面的进步，发挥了其作为全球卓越运营标准的作用。”世界经济论坛表示，入选企业通过提高韧性、敏捷性和环境意识，不断提高行业应对未来风险的能力。

　　入选“可持续灯塔工厂”意味着青岛啤酒是在利用先进技术减少对环境的影响方面的“绿色标兵”，青岛啤酒在行业率先使用“轻量瓶”，国内率先创建废水价值共享项目，打造上下游减污降碳协同增效的循环经济新模式，引领产业低碳发展。目前，青岛啤酒在全国有22家绿色工厂，位居行业前列。此外，青岛啤酒通过采用低碳包装材料、运用低碳运输方式等，带动玻璃瓶、易拉罐、纸箱等产业链上下游绿色转型升级。

　　百年工厂持续升级，作为一家以酿造为核心的传统制造企业，青岛啤酒进一步提升通过提高工业互联网与物联网等技术融合度，部署了25个使用案例，有效打破生产掣肘，进一步提升资源、能耗、生态维度的综合效益，降低啤酒生产中的能耗和碳强度。

　　青岛啤酒“可持续灯塔工厂”进阶的背后，是其以绿色生产引领产业变革的前瞻谋划，也是打造可持续和负责任的价值链和产业生态的务实之举，为传统产业绿色低碳高质量发展提供了可供借鉴的智慧和路径。

　　这一绿色转型不仅符合当前全球低碳经济发展的要求，更顺应了消费者对环保和可持续产品的需求。经济学家威廉・诺德豪斯的“气候经济学”模型表明，未来的经济增长必须在环境保护的基础上进行，企业的绿色生产模式将在其中发挥关键作用。青岛啤酒通过在生产中减少碳足迹和资源消耗，展示了传统制造业如何在全球气候变化的背景下实现可持续增长。

　　青岛啤酒不仅在智能制造和环境友好生产方面树立了新的行业标杆，还为传统制造业如何应对未来的数字化和低碳挑战提供了宝贵的经验。通过双轮驱动的战略，青岛啤酒以其百年积淀再次引领行业发展方向，未来也将更进一步作为向“新”、向“智”、向“绿”的先锋提速迈向高质量发展。"
酿酒行业	https://finance.eastmoney.com/a/202410103201930835.html	70后“酒业新兵”接过五粮液帅印	"10月7日，五粮液突发重大人事变动。公司原总经理蒋文格因身体原因，于近日申请辞去总经理及董事会相关职务；由华涛接任总经理一职。

　　蒋文格现年58岁，曾在四川省发改委工作，2018年12月正式加入五粮液后担任副总经理、董事，至今已有将近6年。2022年5月，蒋文格被宜宾市政府推荐为五粮液公司总经理，任期3年，目前聘用期尚未到期。

　　董事会表示，蒋文格任职期间在战略规划、生产经营、市场营销、重大项目建设等方面为五粮液公司发展做出了重大贡献。

　　2019年―2023年，五粮液完成了核心大单品“普五”从第七代到第八代的换代，其间公司营收由500亿元跨越至超800亿元。

　　新总经理华涛是一位“70后”，出生于1973年，此前并没有白酒行业工作经验，其曾先后在四川省宜宾市经济开发区、交通局等单位担任管理工作，今年9月被拟任为五粮液有限公司董事。

　　从先后两位总经理的职业履历来看，都曾在宜宾市相关机关单位担任管理工作，这与五粮液国有控股公司的属性有关。

　　企查查信息显示，五粮液前五大股东中有三位是国有全资公司，其中，大股东宜宾发展控股集团有限公司和二股东四川省宜宾五粮液集团有限公司合计持有五粮液约55%股份。

　　不仅如此，五粮液现任董事长曾从钦也并非酒业“科班出身”，其曾先后担任宜宾市资源开发办公室主任、市物价局局长、市能源局局长、发展改革委主任等职务，2019年正式加入五粮液。

　　事实上，五粮液经过最近几年的高管“大换血”，目前公司10位高管及非独立董事中，仅2位副总经理是酿酒行业“老人”，其余高管大多来自宜宾市相关单位管理人员。

　　在这批新高管的掌舵下，“稳健”成为五粮液发展的关键词之一，“稳字当头、稳中求进”被反复提及。追求稳健的五粮液和贵州茅台的营收规模和增速差距正越来越大。

　　2019年，五粮液和贵州茅台的营收分别约501亿元、888亿元，相差不到400亿元；而到了2023年，两家公司分别营收约833亿元、1506亿元，差距拉大至将近700亿元。


　　制表：水芙蓉

　　新总经理华涛“空降”后，将接手一个怎样的五粮液？

　　公司管理层曾表示，计划在“十四五”的最后一年（明年）冲刺千亿营收；今年的目标是营收保持两位数增长，以此推算要实现约916亿元的营收。今年上半年，五粮液营收为506.5亿元，同比增长11.3%；净利润为190.6亿元，增速为11.86%，基本符合业绩目标。

　　然而，这并不代表新“舵手”接管公司后会一帆风顺。

　　当前白酒行业正处于深度调整期，价格缩水、库存加大成为行业主旋律，即便是白酒行业“二哥”，五粮液核心单品第八代普五也难逃价格倒挂。

　　曾从钦曾明确表态“不会让经销商吃亏”，将适当涨价减量推动产品价值回归。今年初第八代普五宣布涨价，出厂价上调至1019元/瓶，但目前该产品的经销商批发价长期稳定在960元。

　　而华涛作为白酒行业“新人”，能否在如此激烈的市场竞争中提高竞争优势、带领五粮液顺利完成千亿目标，还有待市场检验。"
酿酒行业	https://finance.eastmoney.com/a/202409273193729117.html	创业板指单日涨10%创历史纪录 中信证券、东方财富尾盘涨停	"上证报中国证券网讯（记者徐蔚）A股今日延续疯狂表现，截至收盘，沪指涨2.88%，收报3087.53点；深证成指涨6.71%，收报9514.86点；创业板指涨10%，创单日涨幅纪录，收报1885.49点。沪深两市成交额超过1.4万亿元，较昨日放量近3000亿元，并且连续三个交易日突破万亿元。

　　中信证券、东方财富尾盘双双涨停。行业板块几乎全线上扬，能源金属、电池、软件开发、光伏设备、证券、医疗服务、计算机设备、半导体、酿酒行业、生物制品板块涨幅居前，仅银行板块逆势下跌。"
酿酒行业	https://finance.eastmoney.com/a/202409263192038298.html	上证站上3000点大关，两市超5100家个股上涨，成交额连续两日破万亿	"红星资本局9月26日消息，今日A股三大指数今日集体大涨，截至收盘，沪指涨3.59%收复3000点关口，深成指涨4.43%，创业板指涨4.42%，北证50指数涨2.97%，两市超5100只个股上涨。

　　沪深两市今日成交额11664亿，较上个交易日增量47亿，连续2个交易日破万亿。

image.png
　　涨幅前五的行业分别是酿酒行业7.96%、房地产服务7.27%、房地产开发6.97%、装修建材5.73%、食品饮料5.69%。盘面上，白酒等大消费概念全天领涨，贵州茅台（600519.SH）涨超9%，泸州老窖（000568.SZ）、山西汾酒（600809.SH）、舍得酒业（600702.SH）、中国中免（601888.SH）、五粮液（000858.SZ）等涨停。大金融板块继续走强，银之杰（300085.SZ）6天5板，中银证券（601696.SH）、天风证券（601162.SH）、长江证券、国海证券涨停。"
酿酒行业	https://finance.eastmoney.com/a/202409263192049389.html	股市三点钟丨沪指大涨3.61%，收复3000点整数关口	"北京商报讯（记者马换换 冉黎黎）9月26日，A股三大股指低开高走，午后继续发力上攻，截至收盘，上证综指、深证成指、创业板指分别收涨3.61%、4.44%、4.42%，分别报3000.95点、8916.65点、1714.14点。

　　盘面上，赛马概念、酿酒行业、租售同权、白酒等板块轮番活跃，无板块下跌。

　　个股方面，A股5143股飘红，其中151股涨停。此外，177股飘绿，其中3股跌停。

　　成交金额方面，沪市成交金额5246.69亿元，深市成交金额6377.66亿元，两市合计成交金额约1.16万亿元。

　　消息面上，9月26日，据新华社消息，中共中央政治局9月26日召开会议，分析研究当前经济形势，部署下一步经济工作。会议强调，要努力提振资本市场，大力引导中长期资金入市，打通社保、保险、理财等资金入市堵点。要支持上市公司并购重组，稳步推进公募基金改革，研究出台保护中小投资者的政策措施。"
酿酒行业	https://finance.eastmoney.com/a/202410113203736276.html	青岛啤酒点亮全球食品饮料行业首座“可持续灯塔”	"灯塔，指引航路，面向未来。

　　灯塔工厂，是全球制造业的标杆，被誉为“数字化制造”和“全球化4.0”的示范者，代表了当今世界生产效率最高的工厂。

　　可持续灯塔工厂，是“灯塔”中的“灯塔”。发起方世界经济论坛在全球灯塔工厂中遴选出采用先进技术减少对环境的影响，并且做出突出贡献的工厂，他们不仅有着平均提高50%以上的劳动生产率，还在能耗减少上通常是基线的30%―70%。

　　10月8日，世界经济论坛在瑞士日内瓦宣布，在全球，以下3家灯塔工厂荣获“可持续灯塔”（Sustainability Lighthouses）称号。他们在减少温室气体范围1、范围2和范围3排放方面领先行业，并在促进循环经济发展方面取得了进步。

　　工业富联（中国深圳）采用人工智能、物联网和其他第四次工业革命技术来优化材料回收、追踪实时碳足迹以及推进流程创新，使得温室气体范围3排放量减少了42%，其范围1和范围2排放量减少了24%，且将可回收材料的含量增加到55%―75%。

　　美的洗衣机（中国合肥）部署了24个第四次工业革命技术用例，以减少排放和优化能源使用。该工厂将温室气体范围1和范围2的排放量减少了36.4%，将其范围3的排放量降低了26%。

　　青岛啤酒（中国青岛）利用先进的算法和物联网部署了25个使用案例，旨在降低啤酒生产的能耗和碳强度，使温室气体范围1和范围2排放量减少了57%，其范围3排放量减少了13%。

　　青岛啤酒所处的是传统食品饮料产业，从建厂至今已有121年历史。这位历经时光的“百岁潮人”却一点都不老，百余年后居然成就了全球食品饮料行业首座“可持续灯塔”工厂，傲然屹立东方。

　　它，到底做了些什么？

　　青岛啤酒凭借创新不仅实现了企业升级改造，甚至重构了啤酒产业的定义。

　　百岁青啤获评“双料冠军”

　　“可持续灯塔工厂”始于2021年9月。评估从实现的可持续发展影响、集成用例和技术规模、能力和赋能因素三方面着眼，其中技术和应用成熟度分为新生、发展和先进三个等级。

　　从评估的结果来看，所有被认证为可持续灯塔的工厂主要是通过技术手段提升了原材料、能源或废弃物的管理效率和使用效率，变化幅度通常是基线的30%―70%。

　　到目前为止，全球“灯塔工厂”总数增至172家，其中仅有20家被评选为“可持续灯塔工厂”，强生、西门子、施耐德电气、联合利华、爱立信、汉高等外企占绝大多数。今年，包括青岛啤酒在内的3家可持续灯塔工厂全部诞生在中国。这是继2021年点亮全球首家啤酒饮料行业工业互联网“灯塔工厂”之后，青岛啤酒再次为全球食品饮料行业树立绿色发展标杆。

　　之所以拿到温室气体减排的“高分”，和青岛啤酒全产业链减排起步早密不可分。早在2010年，青岛啤酒就率先在酿酒行业开展温室气体盘查和产品碳足迹相关工作，成为行业首家“中国酿酒工业低碳体系定点试点单位”。

　　所谓“温室气体范围1排放”可以理解为直接温室气体排放，也就是企业拥有或控制的来源产生的排放，如锅炉、熔炉中燃烧燃料产生的排放。

　　早在7年前，青岛啤酒二厂环保业务经理李军就亲手送别了天天陪伴的“老朋友”――燃煤锅炉。从最初的司炉工干起，李军1989年入厂时见证了3台每小时产20吨蒸汽的燃煤锅炉。

　　虽是燃煤锅炉，但全场机械化操作，每天被清扫四次。“那时候的锅炉房比办公室都干净。”李军说：“三次大改造一次没落下。那3台锅炉就像是自家亲人，我给他们补这补那。”在精心保养下他很有信心锅炉可以用到70-80岁，和人的寿命一样。

　　为了环保，这几位“老朋友”提前“下岗”。2017年6月26日16时，燃煤锅炉生产完最后一次蒸汽后，天然气锅炉接了班。截至2021年，青岛啤酒已全部完成燃煤锅炉更换，减少煤炭使用48万吨，减少碳排放121万吨。

　　“温室气体范围2排放”是企业所消耗的外部电力、热力或蒸汽的生产造成的间接温室气体排放。

　　啤酒生产制造过程要用到大量的水、电、天然气等资源。例如啤酒在酿造过程中需要高温煮沸工艺，需要消耗大量蒸汽，而在这一过程中会散发大量热能。

　　能不能把这些被排放的热能收集起来，用在需要蒸汽的包装车间？青岛啤酒二厂厂长助理、酿造部部长傅相焘陷入了思考。

　　2021年4月，青岛啤酒首批投入的糖化热能中心项目在二厂落地，通过热能回收输送给包装车间，减少了蒸汽消耗。截至目前，糖化热能中心为青啤二厂节省蒸汽近2万吨。加上通过洗瓶机余热回收、刷洗水余热回收等能源回收项目，并对发酵过程产生的二氧化碳进行收集净化后再用于生产。

　　“温室气体范围3排放”是发生在公司价值链中的间接温室气体排放，包括上游和下游的排放，比如原材料的生产加工和运输、分销环节。

　　以一瓶啤酒的全生命周期碳足迹计算为基础，根据英国标准协会发布的《商品和服务在生命周期内的温室气体排放评价规则（PAS2050）》要求，青岛啤酒早在2010年启动了出口英国330毫升玻璃瓶装啤酒碳足迹计算项目，盘查了包括原料种植、物料加工与运输、产品制造和分销、产品使用和固废处置等涉及企业上下游的产品全生命周期碳足迹。

　　2023年，青岛啤酒首次试点全价值链碳盘查，通过盘查制定了包含原料采购、生产、物流等的减碳举措，为实现企业碳中和和全价值链减碳提供了数据支撑。

　　绿色“青啤”

　　刚获评的可持续灯塔工厂，从指标来看公布的是温室气体排放量。其实，减少用水、降低能耗、减少排放、减少浪费都与气候有关。减少温室气体排放直接影响气候，降低能耗间接会减少二氧化碳排放，减少浪费也会减少碳排放。

　　废水和废物还能卖成钱？青岛啤酒在国内首创了一个废水价值共享模式。

　　以前，青岛啤酒会将废水进行无害化处理后达到排放标准，排入污水处理厂，为此公司每年都要投入大量资金。现在，啤酒生产废水经过简单预处理后通过在线监测流量计量，提高进水可生化性进入城市下水道，供城市污水处理厂进行处理后排入自然水体。

　　奥秘来自啤酒废水里的有机物，它对污水处理厂来说是要花钱购买的“宝贝”――优质碳源。靠有机物作为碳源，废水里的微生物“吃掉”污染物，脱氮除磷，从而达到净化水质的目标。

　　同样，啤酒厂生产的热凝固物通过生物质碳源收集利用装置，点对点运到城市污水处理厂，经浓缩池脱氮后和污水厂市政污泥一起进入消化池进行沼气发电。

　　目前，啤酒高浓废水与市政污水协同处理减污降碳资源化利用关键技术已推广到青岛啤酒的36家工厂，每年可减少碳排放1.2万吨，若推广到全国啤酒行业，预计每年上下游减碳排放量可扩大10倍以上。

　　再来说瓶子。同样是玻璃瓶，快递小哥最有感受，现在搬一箱啤酒，比以前轻多了。一个330毫升装的轻量瓶比原来的瓶子轻了75克，一箱12瓶装就轻了近1公斤，24瓶装轻了2公斤。

　　“2014年，青岛啤酒是国内啤酒行业第一个尝试做轻量瓶的企业。”青岛啤酒科研开发中心包装研究室主任王孔斌回忆道，当时青啤的工程师们干脆住进玻璃厂，解决烧制出来质量参差不齐的问题。一住就是3个月，结果不仅做出了质量合格的轻量瓶，还顺便把玻璃厂的管理体系理顺了。

　　将可持续发展贯穿产品全生命周期，应用新技术进行研发、采购、生产、物流等产业链条优化升级，持续提升产品质量。这一条本身就是“可持续灯塔工厂”的引领性。

　　除了轻量瓶，青岛啤酒可谓“挖空心思”省包材。减薄后，皇冠盖比普通马口铁瓶盖减少碳排放量。 青岛啤酒持续推进工艺创新、节能改造和节能新技术应用，加强能源设备更新优化及新技术、新工艺的推广，实现千升酒综合能耗同比持续降低。截至目前，青岛啤酒在全国近60家工厂的可再生能源电力使用量占总用电量的比重达到了74%，其中山地区域工厂的用电采用了100%可再生能源。

　　正是由于在可持续发展上的突出贡献，青岛啤酒的废水价值共享项目入选了《联合国气候变化框架公约》第二十八次缔约方大会《2023 企业气候行动案例集》。今年1月，在中国工业经济联合会举办的第二届中国工业碳达峰论坛上，青岛啤酒凭借其在绿色低碳领域的卓越实践成果，入选2023中国工业碳达峰“领跑者”名单。

　　重构啤酒产业定义

　　在啤酒工厂屋顶上安装太阳能电池板进行光伏发电；在智慧工厂定制最少15箱印有结婚照的私人啤酒，消费者20天就可以喝到；北方市场缺货，智能供应链决策平台立马做出反应，从位于中国南端的工厂调货应急。这是通过海陆运输成本、工厂生产成本和设备生产效率等综合计算得出的最优项，而不是光从地理距离得出的结论；啤酒厂除了开博物馆，还可以有酒吧、民宿、餐馆、面包坊、文旅综合体，将啤酒和城市、社区乃至每个人进行融合。

　　这还是从19世纪走来的商业啤酒厂吗？

　　当然不是。青岛啤酒作为啤酒行业领先者正在重构啤酒产业的定义。啤酒产业在向高端化、低碳化、智能化、数字化、个性化、国产化等方向转型。

　　从酿造技术和可持续发展技术来看，青岛啤酒经过百余年的发展，正在把青岛变成具有世界级影响力的啤酒基础策源地。

　　以前，几年研发一款新品，现在一年可研发20款新品。青岛啤酒打造了9大类、70多个产品矩阵。其中，经典、纯生、白啤等优势产品特色更加凸显；创新奥古特A系列全麦白啤、皮尔森、IPA、无醇等多款新特产品填补市场空白，增添消费新选项。“一世传奇”“百年之旅”“琥珀拉格”等艺术酿造领跑高端。全新推出的青岛啤酒精品原浆、水晶纯生高端生鲜产品，以“新鲜直送”模式满足了消费者对高端、生鲜啤酒的新需求。

　　近年来，青岛啤酒新产品的上市数量、销售收入和市场占有率均居行业前列。

　　新品推出的背后是科技创新。

　　依托行业唯一的国家重点实验室，青岛啤酒形成了以4项国家科技进步奖为代表的6大类核心技术、100多项外围技术，起草的国家标准、行业标准、发明专利、SCI论文数量均居行业前列和国际领先地位。

　　今年6月，青岛啤酒第四度荣获国家科技进步奖二等奖。青岛啤酒的酵母精准高效选育技术首次破解中国工业拉格酵母生物学信息，打破中国啤酒行业酵母应用长期停滞于5-7代的局限性。在低碳酿造领域，青岛啤酒形成了10项关键技术的集成与产业化，推动原料、包材、装备等行业的技术革新，带动行业综合能耗降低30%以上。

　　从产业集群来看，随着越来越多百万千升啤酒超级工厂的诞生，拥有更多先进技术和更高价值的上下游产业链已经形成。

　　具有全球一流水平的青岛啤酒科技研发中心项目、120万千升智慧产业园扩建项目、100万千升高端特色啤酒生产基地项目、25万吨高端麦芽原料基地扩建项目、100万千升纯生扩建项目……这些“超级工厂”全面实施“点亮灯塔工程”。目前，青岛啤酒已拥有22家国家级绿色工厂，位居行业前列。

　　在全球最大最全的啤酒产业集群之一青岛啤酒智慧产业园，11家配套企业直接为青啤服务。其中，国内制罐龙头企业奥瑞金和青岛啤酒一路之隔。奥瑞金将生产线数据与青岛啤酒开放共享，信息无缝连接。制罐厂按需完成个性化印制，不仅降低运输成本、减少产品库存量，还提高了生产效率和资金周转率。

　　在崂山区的青岛啤酒年产100万千升高端特色啤酒生产基地项目，项目集高端特色啤酒、时尚酒吧、文化旅游等多业态集聚发展于一体，生产青岛啤酒各类高端特色产品，加速迈向价值链高端。

　　从服务端来看，科技创新让个性化消费成为可能。

　　“基于数字化端到端解码的魅力感知质量管理模式和新产品高效开发平台，已经实现了对消费者需求、产品和工艺进行精准解码，400种啤酒风味物质有了数字标准。”在青岛啤酒科研开发中心从事大麦酿造性能研究的博士后秦青青表示，在实验室，主观的“口味”已经实现了数字化，可以更好满足消费者个性化需求。比如酒花香指标，青岛啤酒IPA就达到了普通啤酒的60倍。

　　在生产端，如何让个性化产品更快递达消费者手中？靠的是柔性制造体系和个性化云定制平台。通过识别成像技术，青岛啤酒对产品进行360度全方位图像分析的同时，兼顾从小瓶型到大瓶型的柔性切换，全过程不需要人。个性化定制的最小订单从3000箱降至15箱，订单定制交付周期从45天降至20天。

　　从啤酒+来看，青岛啤酒正和城市、社区深度融合，走向世界。

　　国家一级博物馆青岛啤酒博物馆接待游客量已超过1300万人次。在青岛西海岸2万平方米的青岛啤酒时光海岸精酿啤酒花园里，不仅有精酿啤酒、度假酒店、威士忌俱乐部，还有啤酒SPA、1903面包坊、婚恋基地等，这里成了全球首创、规模大、业态全的沉浸式啤酒+消费生活体验Mall。

　　这还是啤酒吗？对，是啤酒和啤酒带来的生活方式。

　　早在2021年，青岛啤酒获评灯塔工厂时，青岛啤酒对此立意：推进工业互联网“灯塔工厂”建设，既是企业勇立潮头，率先落实建设制造强国、质量强国、网络强国、数字中国战略的责任担当；也是传统制造业提质增速，壮大实体经济新动能，实现高质量发展的需要。

　　19世纪，工业革命中蒸汽机的发明使啤酒生产实现了机械化，大大提高了产量。制冷技术的发展使啤酒的储存和运输变得更加便捷，啤酒开始走向全球。德国慕尼黑、英国伦敦等成为世界啤酒的生产中心。

　　如今，随着人工智能、大数据的运用，有着先进技术和巨大应用场景的中国，不仅早已成为了世界啤酒的生产中心、消费中心，还是可持续发展和创新的中心。"
酿酒行业	https://finance.eastmoney.com/a/202409273193738932.html	沪指大涨近3%、创业板指飙升10%！沪深两市成交额突破1.4万亿元	"上交所宕机之后交易持续“拥堵”，但也无法阻挡A股各路资金跑步进场！

　　9月27日，截至收盘，上证指数收涨2.88%逼近3100点；创业板指暴涨10%，成交额刷新历史天量。沪深市场全天成交1.4万亿元，创3年新高，连续三个交易日破万亿。


　　行业板块几乎全线上扬，能源金属、电池、软件开发、光伏设备、证券、医疗服务、计算机设备、半导体、酿酒行业、生物制品板块涨幅居前，仅银行板块逆市下跌。个股方面，上涨股票数量超过5200只，逾百股涨停。

　　Wind数据显示，沪指本周累涨近13%，创2008年11月以来单周最佳表现；创业板指涨近23%，创历史最佳。


　　早盘上交所一度宕机午后部分股票恢复正常

　　上午10时10分左右，上证指数呈现直线横盘状态，个股同样呈现近乎交易停止状态。11时，上交所紧急发布竞价交易异常情况说明，表示开盘后该所股票竞价交易出现成交确认缓慢的异常。“本所已在第一时间关注到相关情况，正在就相关原因进行排查。”11时40分许，上交所表示市场交易已陆续恢复正常。

　　不过，继上交所交易系统宕机恢复之后，午盘开市后仍有投资者反映，股票无法成交。对此，多位券商人士表示，目前部分沪市股票恢复了正常，也就是部分股票能成交，部分尚不能成交，可能仍有拥堵现象，需要逐步释放。

　　机构表示股市向上趋势不变

　　光大证券表示，沪指强势收复3000点，大幅提升市场信心，乐观情绪发酵扩散，牛市的呼声日渐高涨。但考虑到指数短线涨幅巨大，获利盘较多，以及国庆长假即将来临，接下来市场或有反复，但向上的趋势不变。

　　华泰证券研报指出，积极看多计算机板块的估值修复行情。短期关注金融IT板块，如后续国家推出积极的财政政策，则建议关注财政政策潜在支持方向，如车路云一体化/交通信息化/无人驾驶、低空经济、信创、工业自动化等，以及此前受损于财政支出收缩的财税IT、网络安全方向。

　　本周中国推出一系列宽松政策组合拳，外资机构也纷纷表态，看好中国资本市场。高盛最新策略报告表示，这些措施可以看出政策制定者关注经济增长和市场，足以催化一轮政策引发的反弹，当前类似2024年4月的市场战术性复苏条件已经具备，建议投资者战术性投资中国股票。

　　瑞银亚洲经济研究主管及首席中国经济学家汪涛表示，近日政治局会议预示政策放松将加码。他们认为中国政府能进一步放松货币政策，并预计到2024年底中国十年期国债收益率将降至约2%或更低。"
酿酒行业	https://finance.eastmoney.com/a/202409263192371681.html	涨3.61%！沪指突破3000点	"9月26日午后，A股市场放量上攻。截至收盘，沪指强势突破3000点（涨3.61%），本周内已大幅上涨近10%。白酒板块全线大涨，房地产个股大面积涨停。

　　消息面上，最近几天重磅政策频出，继一揽子金融政策组合拳后，9月26日召开的中共中央政治局会议备受关注。当日收盘后，各大券商研究所纷纷通过发布研报、召开电话会等形式对会议释放的政策信号进行解读。

　　值得一提的是，记者注意到，趁着市场强势站上3000点，一些券商趁势做起了开户宣传。不过，华东某头部券商分公司相关负责人告诉记者，这几天来咨询市场的客户确实有所增多，但是开户方面还没有明显的变化。

　　酿酒与房产股表现优异

　　9月26日，在大盘放量的同时，华泰柏瑞沪深300ETF、南方中证500ETF、南方中证1000ETF等多只宽基ETF也放量大涨，成交金额均创下近三个月以来新高。其中，华泰柏瑞沪深300ETF成交158亿元，创出年内新高。

　　随着近几日行情突然转好，市场的乐观情绪开始蔓延。9月26日盘中，有券商策略首席分析师旗帜鲜明地指出，A股市场主要指数有望挑战5月的年内高点。今年5月沪指的年内高点为3174点，距离当日收盘还有6%左右的上涨空间。

　　从当日细分行业的表现来看，酿酒行业（BK0477）大涨7.96%，涨停个股约20只。白酒板块（BK0896）上涨7.54%，贵州茅台大涨9.29%。走势一扫食品饮料板块此前的低迷，有行业首席分析师感慨道，“今天（26日）是食品饮料扬眉吐气的一天”。

　　此外，房地产开发指数（BK0451）大涨6.97%，涨幅9%以上个股达33只。

　　市场积极解读重磅会议

　　在消息面上，最近几天可谓重磅利好频出，继一揽子金融政策组合拳出台后，9月26日召开的中共中央政治局会议备受关注。

　　关于资本市场，此次中共中央政治局会议指出，“要努力提振资本市场，大力引导中长期资金入市，打通社保、保险、理财等资金入市堵点。要支持上市公司并购重组，稳步推进公募基金改革，研究出台保护中小投资者的政策措施”。

　　对于上述重磅政策，9月26日收盘后，各券商研究所举办的相关解读电话会络绎不绝。

　　华福证券首席经济学家燕翔向《每日经济新闻》记者指出，本次会议释放出重大的积极信号，政策措施整体大超预期，方向明确力度更强：一是本次会议对后续经济工作进行了“有效落实存量政策，加力推出增量政策”的定调，释放出了非常积极的信号。二是此次会议定调“要促进房地产市场止跌回稳”，体现了高层关于促进房地产市场平稳健康发展的坚定决心。三是此次会议明确提出“要努力提振资本市场，大力引导中长期资金入市”，体现了高层对资本市场的高度重视。"
